perplexity,sentence_length_variance,embedding_variance,avg_word_length,punctuation_ratio,lexical_diversity,avg_sentence_length,label
67.15511322021484,82.68999999999998,0.6844869256019592,4.602510460251046,0.01107011070110701,0.5146443514644351,23.9,0
18.078887939453125,35.2875,0.5073947906494141,4.780952380952381,0.012466124661246613,0.3523809523809524,15.75,0
8.514029502868652,82.54847645429363,0.6506043672561646,5.808022922636103,0.03712720632988436,0.3424068767908309,18.36842105263158,1
42.360679626464844,63.315555555555555,0.7097368240356445,3.9764150943396226,0.01675977653631285,0.5518867924528302,14.133333333333333,0
5.316524028778076,18.36111111111111,0.5335408449172974,4.644257703081233,0.017509727626459144,0.3473389355742297,19.833333333333332,1
24.6629638671875,62.859375,0.49634256958961487,4.212121212121212,0.015199493350221659,0.45454545454545453,37.125,0
5.3784403800964355,61.422839506172835,0.544101357460022,4.613941018766756,0.02053196453569762,0.3726541554959786,20.72222222222222,1
36.402305603027344,29.6,0.7750197052955627,3.992405063291139,0.02759980285855101,0.5164556962025316,15.8,0
15.447799682617188,71.22902494331065,0.5762761235237122,5.451764705882353,0.012870933142652842,0.4541176470588235,20.238095238095237,0
20.277448654174805,112.41269841269843,0.5659266710281372,4.742857142857143,0.018691588785046728,0.38461538461538464,21.666666666666668,0
7.723301410675049,33.305555555555564,0.6023041009902954,4.893129770992366,0.029959003468937245,0.42938931297709926,21.833333333333332,1
10.655632019042969,77.48520710059171,0.5116614699363708,5.559006211180124,0.019525801952580194,0.38354037267080743,24.76923076923077,1
20.41912841796875,28.354166666666668,0.7245791554450989,4.136546184738956,0.01841903300076746,0.31593038821954483,20.75,0
7.913043022155762,32.40816326530612,0.5909447073936462,4.805755395683454,0.019441069258809233,0.46402877697841727,19.857142857142858,1
6.685673713684082,48.83601134215501,0.680345356464386,5.018978102189781,0.023933649289099527,0.3416058394160584,14.891304347826088,1
4.336572170257568,107.83984375,0.4714243710041046,4.666666666666667,0.014755959137343927,0.2440087145969499,28.6875,1
11.873805046081543,36.234375,0.5357746481895447,4.727586206896552,0.025897586815773983,0.5,18.125,1
10.844181060791016,106.53254437869822,0.7552136182785034,5.680972818311874,0.04174377955994242,0.44206008583690987,17.923076923076923,1
50.776466369628906,314.65759637188205,0.7776833176612854,4.207674943566591,0.01851316170089673,0.3656884875846501,21.095238095238095,0
16.548294067382812,149.46484375,0.7158000469207764,4.157952069716775,0.02291494632535095,0.27450980392156865,28.6875,0
24.467588424682617,101.40816326530613,0.5652353167533875,4.797435897435897,0.017368649587494574,0.4282051282051282,27.857142857142858,0
56.523826599121094,33.78698224852071,0.8092619776725769,3.6325581395348836,0.018830525272547076,0.5348837209302325,16.53846153846154,0
18.08919334411621,182.38062283737025,0.621723473072052,4.201754385964913,0.014107883817427386,0.34210526315789475,26.823529411764707,0
36.51871109008789,100.5763888888889,0.5925147533416748,3.8606271777003482,0.014893617021276596,0.4355400696864111,23.916666666666668,0
9.351542472839355,28.4875,0.6026772856712341,4.954430379746835,0.019190654985398414,0.43291139240506327,19.75,1
6.960475444793701,47.82698961937716,0.5706890225410461,4.700831024930748,0.016252390057361378,0.3601108033240997,21.235294117647058,1
14.491307258605957,78.28078524687686,0.7014928460121155,5.800236406619385,0.021262119408062597,0.4574468085106383,20.634146341463413,1
60.775936126708984,53.75147928994083,0.6247624158859253,4.330188679245283,0.018276762402088774,0.5141509433962265,16.307692307692307,0
48.241092681884766,48.151228733459355,0.7530778050422668,4.54380664652568,0.026525198938992044,0.5861027190332326,14.391304347826088,0
26.209590911865234,114.72562358276645,0.6180750727653503,4.0608108108108105,0.015737704918032787,0.40202702702702703,28.19047619047619,0
8.398462295532227,63.01652892561984,0.7251527309417725,5.3765432098765435,0.031820308844174076,0.4074074074074074,14.727272727272727,1
8.917763710021973,64.43441358024691,0.7092377543449402,5.264401772525849,0.03696942035600183,0.3914327917282127,18.805555555555557,1
80.73821258544922,186.1,0.7500820755958557,4.458695652173913,0.031758326878388844,0.49782608695652175,23.0,0
7.151768684387207,32.51523545706371,0.5704857110977173,5.258566978193146,0.024697336561743343,0.42679127725856697,16.894736842105264,1
11.642182350158691,56.02497398543184,0.5639039874076843,5.48975791433892,0.03454038997214485,0.5065176908752328,17.322580645161292,1
9.388726234436035,77.88954635108482,0.7330990433692932,5.234323432343234,0.03227459016393443,0.4405940594059406,15.538461538461538,1
24.96473503112793,31.50708884688091,0.6942595839500427,4.339118825100133,0.02112503070498649,0.35246995994659547,16.282608695652176,0
11.798664093017578,67.59555555555556,0.6464792490005493,5.546992481203008,0.02794076557697681,0.4398496240601504,17.733333333333334,1
91.018310546875,164.64000000000001,0.7209807634353638,4.34251968503937,0.030604982206405694,0.5748031496062992,25.4,0
16.78166961669922,99.84,0.6838212609291077,4.042735042735043,0.017946577629382305,0.344017094017094,23.4,0
7.340237140655518,53.611570247933884,0.5474408864974976,4.966542750929368,0.01621290914652799,0.38104089219330856,24.454545454545453,1
6.0821452140808105,65.5318869165023,0.5210264325141907,5.014586709886548,0.029858564693556838,0.3338735818476499,15.820512820512821,1
8.714897155761719,40.130881557598705,0.7067387104034424,5.124675324675325,0.023587833643699565,0.4025974025974026,17.906976744186046,1
6.379965782165527,92.65816326530611,0.4994937777519226,4.176245210727969,0.023826714801444042,0.45977011494252873,18.642857142857142,1
41.42204666137695,94.79289940828403,0.6298020482063293,4.496296296296296,0.021753460777851022,0.5037037037037037,20.76923076923077,0
19.656940460205078,59.11357340720222,0.451777845621109,4.918367346938775,0.02208910520404343,0.3877551020408163,23.210526315789473,0
27.842830657958984,39.09297052154194,0.6546282768249512,4.598445595854923,0.019990913221263062,0.5103626943005182,18.38095238095238,0
28.247814178466797,85.8099173553719,0.6735543012619019,4.210106382978723,0.02183622828784119,0.523936170212766,17.09090909090909,0
52.24714660644531,118.88846880907374,0.6198683381080627,4.507168458781362,0.01999365280863218,0.36917562724014336,24.26086956521739,0
47.569053649902344,107.16836734693878,0.5779664516448975,4.210126582278481,0.011990407673860911,0.4253164556962025,28.214285714285715,0
9.890466690063477,101.75014872099939,0.6909281611442566,5.578125,0.03563270899954317,0.4078125,15.609756097560975,1
7.554375171661377,46.304709141274245,0.5800955891609192,5.107929515418502,0.018787663948954272,0.3986784140969163,23.894736842105264,1
60.10093688964844,61.28344671201814,0.6570519804954529,4.482084690553746,0.013426736719206071,0.4723127035830619,14.619047619047619,0
5.255247116088867,26.628099173553718,0.53770911693573,4.708333333333333,0.028268551236749116,0.4340277777777778,13.090909090909092,1
8.54526138305664,58.0811676753293,0.7384678721427917,5.089928057553957,0.034056316590563164,0.38848920863309355,15.735849056603774,1
10.06653881072998,97.65706447187925,0.6949360966682434,5.432,0.05952728333819667,0.524,18.51851851851852,1
13.422087669372559,64.73673257023933,0.45038464665412903,5.03894297635605,0.020583578375933047,0.2573018080667594,23.193548387096776,0
9.479523658752441,57.53718024985129,0.6601833701133728,5.514579759862778,0.03377348908075165,0.4288164665523156,14.21951219512195,1
9.290984153747559,60.73638888888889,0.7218202352523804,5.548549810844893,0.039302929180571,0.4110970996216898,13.216666666666667,1
14.878050804138184,133.26446280991735,0.7153831124305725,5.4156626506024095,0.04527027027027027,0.5105421686746988,15.090909090909092,1
27.249109268188477,169.64749999999998,0.6123417019844055,4.640522875816994,0.015595283377710156,0.42701525054466233,22.95,0
14.665688514709473,32.26775147928994,0.5110766887664795,4.3858585858585855,0.01840264998159735,0.32525252525252524,19.03846153846154,0
93.02989196777344,28.15,0.7721342444419861,4.685185185185185,0.015096618357487922,0.5888888888888889,13.5,0
9.716439247131348,78.71000000000001,0.7222645282745361,4.9830246913580245,0.03216957605985037,0.4645061728395062,16.2,1
7.860257148742676,24.603174603174608,0.5292640924453735,5.142857142857143,0.019381162869772185,0.43283582089552236,22.333333333333332,1
18.938161849975586,66.5432098765432,0.6293082237243652,4.622549019607843,0.011120615911035072,0.39705882352941174,15.11111111111111,0
7.143110752105713,22.532544378698223,0.5422272682189941,5.062200956937799,0.021671826625386997,0.507177033492823,16.076923076923077,1
30.755937576293945,137.44640998959417,0.8001464009284973,3.8400556328233657,0.029403528423410808,0.34909596662030595,23.193548387096776,0
5.7163920402526855,23.39506172839506,0.5483629703521729,4.88728323699422,0.01875,0.3901734104046243,19.22222222222222,1
9.334108352661133,13.460317460317459,0.5370575785636902,5.225274725274725,0.023706896551724137,0.48626373626373626,17.333333333333332,1
49.87226486206055,49.08159722222222,0.7861410975456238,4.223719676549865,0.027149321266968326,0.49865229110512127,15.458333333333334,0
11.461935997009277,151.81269510926114,0.7414449453353882,5.219148936170213,0.0370003303600925,0.4276595744680851,15.161290322580646,1
147.71243286132812,206.49489795918367,0.8149481415748596,4.147982062780269,0.03204047217537943,0.5919282511210763,15.928571428571429,0
8.231243133544922,85.78829717291255,0.7009501457214355,5.097368421052631,0.04127383197150639,0.36578947368421055,19.487179487179485,1
7.8003435134887695,52.9052734375,0.7274790406227112,5.419263456090651,0.03946530872056015,0.40084985835694054,11.03125,1
6.217608451843262,31.737024221453286,0.6060855984687805,4.330188679245283,0.01795020266357846,0.42452830188679247,18.705882352941178,1
8.836058616638184,48.35457063711911,0.5273292660713196,5.929919137466308,0.022813688212927757,0.5148247978436657,19.526315789473685,1
19.499738693237305,112.56,0.6213809251785278,3.92,0.021700620017714792,0.36,18.0,0
16.194358825683594,40.72211720226843,0.5867676138877869,4.252485089463221,0.012350299401197605,0.32803180914512925,21.869565217391305,0
18.594087600708008,59.489669421487605,0.5708783268928528,4.76,0.014,0.49411764705882355,19.318181818181817,0
23.481822967529297,39.38775510204083,0.6025483012199402,4.782771535580524,0.02097902097902098,0.4344569288389513,25.428571428571427,0
4.180241584777832,42.0,0.5269323587417603,5.311965811965812,0.021178027796161483,0.3717948717948718,18.0,1
5.334184169769287,19.99243856332703,0.7195793986320496,4.416666666666667,0.01977848101265823,0.38596491228070173,9.91304347826087,1
11.983818054199219,140.71343638525565,0.725308895111084,5.304435483870968,0.04712041884816754,0.4778225806451613,17.103448275862068,1
36.58409881591797,221.97333333333333,0.740680992603302,4.017857142857143,0.018422567645365574,0.43154761904761907,22.4,0
22.68233871459961,15.575259515570933,0.7508535385131836,4.2192192192192195,0.02869757174392936,0.44744744744744747,9.794117647058824,0
60.04553985595703,59.330357142857146,0.7026523947715759,4.151648351648352,0.016359060402684564,0.47692307692307695,16.25,0
8.871423721313477,53.35077288941737,0.5738832354545593,5.760747663551402,0.02902445579145391,0.4280373831775701,18.448275862068964,1
8.485973358154297,105.15512465373963,0.6318125128746033,4.90125,0.02436003303055326,0.405,21.05263157894737,1
9.333240509033203,62.32544378698224,0.5321385860443115,5.412225705329154,0.032119914346895075,0.3996865203761755,24.53846153846154,1
20.59491539001465,334.69135802469134,0.7060768604278564,4.282805429864253,0.0201765447667087,0.4298642533936652,24.555555555555557,0
16.699588775634766,42.594375,0.7873424887657166,4.128410914927769,0.021146184492798037,0.37720706260032105,15.575,0
13.439010620117188,155.22727272727272,0.7421168088912964,5.553030303030303,0.03291186314615099,0.4444444444444444,18.0,1
8.946699142456055,32.70408163265306,0.6456255316734314,5.162280701754386,0.019505398815743643,0.4605263157894737,16.285714285714285,1
15.843074798583984,32.61,0.5264929533004761,5.118497109826589,0.015327450069670227,0.43641618497109824,17.3,0
22.384140014648438,85.80555555555556,0.7598475813865662,4.169014084507042,0.024626209322779244,0.48826291079812206,11.833333333333334,0
57.18981170654297,26.328888888888894,0.745067834854126,4.426294820717131,0.02145922746781116,0.6095617529880478,16.733333333333334,0
39.609718322753906,279.63888888888897,0.5056909322738647,4.2604790419161676,0.013974287311347122,0.5089820359281437,27.833333333333332,0
8.905077934265137,72.98765432098764,0.6156613826751709,6.091891891891892,0.03111111111111111,0.44144144144144143,20.555555555555557,1
23.64598846435547,29.955555555555556,0.5354622602462769,4.090909090909091,0.019147084421235857,0.45454545454545453,14.666666666666666,0
11.049571990966797,94.23731138545955,0.7246224880218506,5.884507042253521,0.057115198451113264,0.45774647887323944,13.148148148148149,1
32.201881408691406,105.29705215419501,0.6096397638320923,4.357015985790409,0.018590998043052837,0.369449378330373,26.80952380952381,0
4.736382484436035,24.352941176470587,0.37747737765312195,4.735294117647059,0.019085886489201405,0.3382352941176471,20.0,1
5.746147155761719,77.81,0.4286113381385803,4.860759493670886,0.018322762508809022,0.4430379746835443,23.7,1
12.350468635559082,94.24242424242425,0.6788341999053955,5.614973262032086,0.032426778242677826,0.45098039215686275,17.0,1
7.925241947174072,140.97321428571428,0.6801995038986206,5.298059964726631,0.023984736985554648,0.4109347442680776,20.25,1
15.043063163757324,61.4912109375,0.6513661742210388,5.383701188455008,0.027454027454027453,0.4838709677419355,18.40625,1
31.657833099365234,119.15702479338843,0.6907033324241638,3.793846153846154,0.024005053695514846,0.40923076923076923,29.545454545454547,0
5.466733932495117,28.283950617283953,0.4917813837528229,4.657754010695188,0.02132591562355123,0.3689839572192513,20.77777777777778,1
5.586592197418213,21.603305785123965,0.5640078783035278,4.95045045045045,0.01488095238095238,0.35135135135135137,20.181818181818183,1
20.831392288208008,58.109375,0.778785228729248,4.228511530398323,0.020070838252656435,0.4360587002096436,19.875,0
27.526601791381836,72.13429752066115,0.5818702578544617,4.556935817805383,0.012662807525325614,0.38716356107660455,21.954545454545453,0
6.797445297241211,37.90972222222222,0.5625916123390198,4.316742081447964,0.023236514522821577,0.4072398190045249,18.416666666666668,1
10.250473976135254,78.93158834027365,0.6459876298904419,5.260083449235049,0.030752688172043012,0.4325452016689847,17.536585365853657,1
34.208065032958984,56.89179548156957,0.6551831364631653,4.255769230769231,0.020093290276282743,0.425,17.93103448275862,0
9.45087718963623,107.9972299168975,0.6615703105926514,5.1,0.03327268001039771,0.4377049180327869,16.05263157894737,1
28.977922439575195,63.12888888888889,0.6358734369277954,4.430278884462151,0.022582921665490474,0.5338645418326693,16.733333333333334,0
15.861594200134277,74.36342155009451,0.6707794070243835,4.696969696969697,0.01693284587261882,0.34231200897867564,19.369565217391305,0
8.280386924743652,13.14792899408284,0.42023980617523193,4.357723577235772,0.02220577350111029,0.42276422764227645,18.923076923076923,1
4.435560703277588,30.869806094182824,0.4053611159324646,5.0,0.01617995264404104,0.2987951807228916,21.842105263157894,1
5.056649684906006,53.70521541950112,0.5960405468940735,4.310704960835509,0.022094140249759846,0.30809399477806787,18.238095238095237,1
9.061529159545898,52.15512465373962,0.6981410384178162,5.526252983293556,0.021443888491779844,0.3747016706443914,22.05263157894737,1
5.287995338439941,30.30785123966942,0.4933362603187561,5.29350104821803,0.020248203788373612,0.36268343815513626,21.681818181818183,1
31.885087966918945,44.359375,0.6939265131950378,4.316770186335404,0.012665515256188831,0.43788819875776397,20.125,0
14.849658012390137,105.0423875432526,0.6974711418151855,5.439728353140917,0.0299079754601227,0.48217317487266553,17.323529411764707,1
7.125349998474121,118.46440000000001,0.7870842218399048,5.307941653160454,0.05063913470993117,0.406807131280389,12.34,1
136.48046875,51.790000000000006,0.7779843807220459,4.368217054263566,0.023109243697478993,0.5736434108527132,12.9,0
7.64147424697876,85.47358024691358,0.6413693428039551,5.0451339915373765,0.032030895047705586,0.35825105782792666,15.755555555555556,1
8.065447807312012,244.29760000000002,0.5215343236923218,4.901433691756273,0.02225519287833828,0.35125448028673834,22.32,1
21.77014923095703,61.066115702479344,0.6078598499298096,4.552631578947368,0.01757532281205165,0.3168016194331984,22.454545454545453,0
20.70205307006836,121.99451303155007,0.708352267742157,4.061538461538461,0.0166358595194085,0.36,24.074074074074073,0
8.612439155578613,108.3427734375,0.7193750739097595,4.858715596330275,0.029456422714849682,0.41834862385321103,17.03125,1
7.15904426574707,50.55955678670361,0.559650182723999,4.878865979381444,0.024327784891165175,0.4175257731958763,20.42105263157895,1
16.022844314575195,35.1616,0.5802749395370483,4.422932330827067,0.014566395663956639,0.4116541353383459,21.28,0
6.8535966873168945,24.27146814404432,0.5163009166717529,5.235474006116208,0.02489229296314026,0.39755351681957185,17.210526315789473,1
21.137001037597656,72.35996326905416,0.7412225604057312,4.379310344827586,0.02745241581259151,0.38742393509127787,14.93939393939394,0
21.650537490844727,24.14532871972318,0.739226222038269,4.129464285714286,0.02883799830364716,0.48214285714285715,13.176470588235293,0
6.00728178024292,34.984375,0.5442802309989929,4.5597147950089125,0.024085079762277136,0.3778966131907308,23.375,1
206.70065307617188,140.44444444444446,0.6757229566574097,4.338164251207729,0.01152482269503546,0.6280193236714976,23.0,0
15.432099342346191,483.2908587257618,0.5095270872116089,3.863141524105754,0.01649746192893401,0.27682737169517885,33.8421052631579,0
9.142163276672363,144.65453686200377,0.6455094814300537,5.72707182320442,0.03286235910461978,0.40773480662983425,19.67391304347826,1
20.279207229614258,23.512222222222217,0.598457396030426,4.562624254473161,0.015856236786469344,0.38966202783300197,16.766666666666666,0
20.8573055267334,86.27146814404432,0.6912431120872498,4.13031914893617,0.02814070351758794,0.4574468085106383,19.789473684210527,0
8.597509384155273,26.596938775510203,0.5523796677589417,5.055762081784387,0.01567209162145871,0.5018587360594795,19.214285714285715,1
7.5071024894714355,20.491493383742913,0.5199800133705139,5.2702078521939955,0.018083182640144666,0.3903002309468822,18.82608695652174,1
61.774539947509766,31.7275,0.6853559017181396,4.606498194945848,0.01890359168241966,0.5487364620938628,13.85,0
6.936124801635742,48.609375,0.629604697227478,5.143790849673203,0.01671891327063741,0.3954248366013072,19.125,1
11.522568702697754,83.13805697589483,0.698675274848938,5.012345679012346,0.037602487984167376,0.4585537918871252,15.324324324324325,1
42.61136245727539,40.30245746691871,0.7341867685317993,4.040268456375839,0.026606099935107073,0.48322147651006714,12.956521739130435,0
33.92719650268555,61.0,0.7704582214355469,4.171875,0.020756115641215715,0.53125,16.0,0
27.728113174438477,114.48888888888887,0.7139471769332886,3.9064516129032256,0.02572347266881029,0.4806451612903226,20.666666666666668,0
9.9144868850708,113.66358024691358,0.6795986890792847,5.061281337047354,0.03284182305630027,0.4025069637883008,19.944444444444443,1
27.90424919128418,14.77888888888889,0.7650527954101562,3.599571734475375,0.02601551802829758,0.35974304068522484,15.566666666666666,0
34.672481536865234,86.24000000000001,0.7222435474395752,4.568452380952381,0.03619441571871768,0.5446428571428571,22.4,0
14.927765846252441,69.50891632373114,0.7735015153884888,4.035885167464115,0.02183000464468184,0.3397129186602871,15.481481481481481,0
43.57585525512695,77.6923076923077,0.7019755244255066,4.093645484949833,0.02129032258064516,0.4280936454849498,23.0,0
12.98600959777832,29.76331360946746,0.4177008867263794,4.164251207729468,0.011970534069981584,0.357487922705314,15.923076923076923,0
25.746788024902344,200.96301020408163,0.5675478577613831,4.693107932379714,0.022722209846290933,0.3550065019505852,27.464285714285715,0
68.78549194335938,50.172839506172835,0.6237337589263916,4.322869955156951,0.008340283569641367,0.547085201793722,24.77777777777778,0
22.453250885009766,20.217687074829936,0.7183758020401001,4.349056603773585,0.016175621028307337,0.41823899371069184,15.142857142857142,0
6.985595703125,33.987654320987666,0.5887442231178284,4.762430939226519,0.01922175339896859,0.42265193370165743,20.11111111111111,1
22.197282791137695,41.41262975778547,0.721299946308136,4.48051948051948,0.019086922878514316,0.4025974025974026,20.38235294117647,0
11.4797945022583,235.69329660238753,0.6302235722541809,5.311550151975684,0.034715750232991616,0.3738601823708207,19.939393939393938,1
7.602558135986328,43.107438016528924,0.6058422923088074,4.485355648535565,0.015753938484621154,0.4895397489539749,21.727272727272727,1
10.104215621948242,21.297577854671278,0.5761771202087402,5.443452380952381,0.027683997299122215,0.39880952380952384,19.764705882352942,1
13.970048904418945,46.426078971533514,0.7164525389671326,5.47304347826087,0.03357626236335242,0.46956521739130436,17.424242424242426,1
5.70409631729126,56.04986149584488,0.5894970893859863,4.697947214076247,0.030984507746126936,0.501466275659824,17.94736842105263,1
7.65024995803833,29.26951092611862,0.5868305563926697,4.774696707105719,0.01942319011183049,0.35528596187175043,18.612903225806452,1
10.917617797851562,151.74204081632655,0.7411724328994751,5.093959731543624,0.035256410256410256,0.42953020134228187,17.02857142857143,1
22.05277442932129,37.86851211072664,0.6149207949638367,5.255847953216374,0.01680478821362799,0.36257309941520466,20.11764705882353,0
9.643462181091309,47.20438957475995,0.6697334051132202,4.778884462151394,0.023216689098250337,0.4800796812749004,18.59259259259259,1
24.210529327392578,134.49,0.5510534048080444,4.5501567398119125,0.010338083263481419,0.3448275862068966,31.9,0
13.628520965576172,76.77003121748177,0.7581452131271362,4.7666098807495745,0.03538550057537399,0.41737649063032367,18.93548387096774,1
4.760281085968018,80.85,0.38458171486854553,5.461224489795918,0.016738995660260384,0.39591836734693875,24.5,1
7.1093316078186035,34.59504132231405,0.5322913527488708,4.492957746478873,0.01592623637887678,0.4647887323943662,19.363636363636363,1
26.561304092407227,68.74556213017752,0.6891492605209351,4.3816793893129775,0.015352407536636426,0.5725190839694656,20.153846153846153,0
5.5693559646606445,11.582766439909294,0.6359254121780396,4.819494584837545,0.024154589371980676,0.35018050541516244,13.19047619047619,1
17.22648048400879,56.92899408284024,0.6178868412971497,4.372384937238493,0.01536688436419516,0.39539748953974896,18.384615384615383,0
42.3301887512207,227.0360110803324,0.7283072471618652,4.234468937875752,0.02319491208380097,0.4749498997995992,26.263157894736842,0
26.75820541381836,91.28166351606805,0.7785255908966064,4.029177718832892,0.0264797507788162,0.4880636604774536,16.391304347826086,0
24.524747848510742,50.47673469387755,0.7004227042198181,4.25098814229249,0.027686703096539162,0.4683794466403162,14.457142857142857,0
57.997535705566406,56.43999999999998,0.7890982627868652,4.0120481927710845,0.01652892561983471,0.46987951807228917,16.6,0
7.927863121032715,53.724690082644635,0.6956984996795654,5.345483359746434,0.03690303907380608,0.38510301109350237,14.340909090909092,1
11.76852798461914,75.70447450572318,0.5803799629211426,4.32956152758133,0.017407118732138217,0.26591230551626593,22.806451612903224,0
48.094783782958984,18.775047258979203,0.7166225910186768,4.032374100719425,0.022932592077831826,0.460431654676259,12.08695652173913,0
10.582772254943848,20.1301775147929,0.6556425094604492,4.800387596899225,0.029850746268656716,0.437984496124031,19.846153846153847,1
30.440664291381836,398.8010204081633,0.45410943031311035,4.5350701402805615,0.011319419879731164,0.3807615230460922,35.642857142857146,0
18.618349075317383,37.8016,0.79059237241745,4.0476190476190474,0.032432432432432434,0.42296918767507,14.28,0
30.896129608154297,44.80555555555556,0.6565251350402832,4.584362139917696,0.020923520923520924,0.522633744855967,13.5,0
26.568492889404297,170.4704,0.6121768951416016,4.768768768768769,0.02962025316455696,0.43543543543543545,26.64,0
32.387088775634766,383.47222222222223,0.3374532461166382,4.222748815165877,0.00804289544235925,0.4928909952606635,35.166666666666664,0
29.067440032958984,72.65927977839334,0.6960449814796448,4.150442477876106,0.01909039865244245,0.4690265486725664,17.842105263157894,0
7.948163032531738,23.925619834710744,0.47224923968315125,4.474654377880184,0.018556701030927835,0.4147465437788018,19.727272727272727,1
22.690998077392578,56.54847645429364,0.6854296922683716,4.113924050632911,0.018833535844471446,0.39556962025316456,16.63157894736842,0
96.85818481445312,48.67839999999999,0.6552608013153076,4.617647058823529,0.014071294559099437,0.4679144385026738,14.96,0
11.598563194274902,63.60392069503231,0.7136081457138062,5.62406015037594,0.039183524694733005,0.37343358395989973,11.91044776119403,1
35.887020111083984,19.109375,0.8105936050415039,4.372168284789644,0.01875732708089097,0.5242718446601942,12.875,0
7.734097480773926,47.63636363636363,0.6183812022209167,4.8545454545454545,0.01749049429657795,0.45,20.0,1
28.532947540283203,73.7824,0.6262244582176208,4.074844074844075,0.01532258064516129,0.39501039501039503,19.24,0
17.408483505249023,57.55102040816327,0.49931028485298157,4.034375,0.013333333333333334,0.384375,22.857142857142858,0
6.556308746337891,55.5,0.47348156571388245,4.62962962962963,0.01533494753833737,0.4444444444444444,18.0,1
8.856157302856445,39.54838709677419,0.6452370882034302,5.195445920303605,0.027156072814085348,0.4250474383301708,17.0,1
12.891343116760254,107.48522605909577,0.7770551443099976,5.633995037220844,0.043775896234912626,0.45409429280397023,15.20754716981132,1
24.147911071777344,54.11390532544378,0.5451125502586365,4.277185501066098,0.01629570747217806,0.3773987206823028,18.03846153846154,0
7.834686279296875,89.26120416478044,0.745078444480896,4.952586206896552,0.03192728967606619,0.41235632183908044,14.808510638297872,1
8.553834915161133,44.359375,0.6591302156448364,5.1,0.02221074380165289,0.4870967741935484,19.375,1
7.392277240753174,52.32341806381829,0.6356766819953918,5.486754966887418,0.02631578947368421,0.3509933774834437,14.046511627906977,1
39.17076110839844,53.52423469387754,0.608140230178833,4.1662971175166295,0.018557570645297342,0.38802660753880264,16.107142857142858,0
4.367241859436035,19.333333333333332,0.41556161642074585,4.538888888888889,0.015270935960591134,0.2638888888888889,20.0,1
14.355074882507324,35.005917159763314,0.6638529300689697,4.369834710743802,0.024562709341272793,0.36983471074380164,18.615384615384617,0
19.00302505493164,74.20061728395062,0.7121782302856445,4.183561643835616,0.020123839009287926,0.4273972602739726,20.27777777777778,0
5.9174933433532715,22.346938775510207,0.7117284536361694,4.793859649122807,0.019970414201183433,0.4824561403508772,16.285714285714285,1
10.248242378234863,114.36111111111114,0.6779192686080933,5.148351648351649,0.035107913669064746,0.4249084249084249,15.166666666666666,1
11.782082557678223,89.31213017751477,0.7679331302642822,5.301449275362319,0.04028331119964586,0.4449275362318841,13.26923076923077,1
7.314862251281738,134.6397146254459,0.5422099232673645,5.2408376963350785,0.02284890901605599,0.31544502617801046,26.344827586206897,1
6.925756454467773,9.52888888888889,0.5560081005096436,5.292887029288703,0.025308241401687217,0.4769874476987448,15.933333333333334,1
24.565336227416992,456.5555555555555,0.559187114238739,4.321782178217822,0.013761467889908258,0.5099009900990099,33.666666666666664,0
9.866966247558594,126.67820069204151,0.7552244067192078,5.407942238267148,0.09895700839481048,0.5487364620938628,16.294117647058822,1
4.308769702911377,18.902494331065757,0.482694149017334,4.848806366047746,0.02129547471162378,0.32625994694960214,17.952380952380953,1
43.58682632446289,41.77324263038548,0.7137649059295654,4.552699228791774,0.019343229869545658,0.4755784061696658,18.523809523809526,0
32.07216262817383,90.71913580246914,0.6872680187225342,3.9685230024213074,0.015333013895543843,0.4188861985472155,22.944444444444443,0
11.253743171691895,129.08166576527853,0.6826132535934448,5.882506527415144,0.04861616897305171,0.37989556135770236,17.813953488372093,1
16.650672912597656,49.95481569560048,0.6386528611183167,4.496062992125984,0.021300448430493273,0.3700787401574803,21.896551724137932,0
7.7570719718933105,36.72888888888888,0.5789175033569336,4.827242524916944,0.02346368715083799,0.5049833887043189,20.066666666666666,1
8.790287017822266,87.86033950617283,0.6421234607696533,5.102608695652174,0.03667953667953668,0.4,15.972222222222221,1
18.389158248901367,57.373263888888886,0.6290082335472107,4.4926004228329806,0.023360964581763375,0.38266384778012685,19.708333333333332,0
8.390610694885254,20.15419501133787,0.5560426115989685,5.128272251308901,0.024968789013732832,0.387434554973822,18.19047619047619,1
26.464401245117188,23.338842975206614,0.8395956754684448,4.347972972972973,0.024088943792464484,0.5236486486486487,13.454545454545455,0
31.875776290893555,301.859375,0.6128727793693542,3.965732087227414,0.009944064636420136,0.37383177570093457,40.125,0
10.010732650756836,80.76246537396123,0.6734223365783691,5.362889983579639,0.03731343283582089,0.4548440065681445,16.026315789473685,1
21.83380889892578,181.359375,0.6384557485580444,4.207792207792208,0.012325390304026294,0.44155844155844154,28.875,0
11.865781784057617,108.79080578512395,0.7974482774734497,6.234782608695652,0.049053159936116815,0.5530434782608695,13.068181818181818,1
5.181121826171875,24.354166666666668,0.5280659794807434,4.54337899543379,0.018578352180936994,0.3972602739726027,18.25,1
15.644922256469727,45.39854318418314,0.6936185956001282,6.123880597014925,0.02616516762060507,0.5343283582089552,21.612903225806452,1
8.736296653747559,101.34,0.6944897174835205,5.087301587301587,0.03282137597306964,0.376984126984127,18.9,1
7.041767120361328,100.40234375,0.5620499849319458,4.340557275541796,0.022046353872244205,0.38080495356037153,20.1875,1
40.90425491333008,69.31555555555556,0.6817606687545776,4.624605678233438,0.020385674931129475,0.4952681388012618,21.133333333333333,0
4.873119831085205,51.43359375,0.3802190124988556,5.504918032786885,0.02464268112370626,0.3639344262295082,19.0625,1
11.891641616821289,27.03850156087409,0.5908176898956299,5.672413793103448,0.024978950322761716,0.45977011494252873,16.838709677419356,1
8.21511173248291,19.204152249134946,0.5283125638961792,5.005934718100891,0.025120772946859903,0.516320474777448,19.823529411764707,1
42.35385513305664,30.0,0.7030383944511414,4.566666666666666,0.016792611251049538,0.5428571428571428,14.0,0
75.76126098632812,89.0803324099723,0.798282265663147,3.993485342019544,0.02957835116425425,0.5244299674267101,16.157894736842106,0
27.075281143188477,62.3275,0.8150332570075989,4.168498168498169,0.026952315134761574,0.5384615384615384,13.65,0
86.48310089111328,415.859375,0.4478074014186859,4.2907348242811505,0.012522361359570662,0.3610223642172524,39.125,0
11.101107597351074,45.8974358974359,0.7347679138183594,5.25,0.029887920298879204,0.42948717948717946,16.0,1
25.3708553314209,58.85207100591717,0.6464553475379944,4.2075471698113205,0.011494252873563218,0.4377358490566038,20.384615384615383,0
12.114858627319336,88.4884,0.7783451676368713,5.294205052005943,0.038129822968679075,0.45468053491827637,13.46,1
7.466793060302734,41.776041666666664,0.6887790560722351,5.550964187327824,0.029717077142275596,0.3402203856749311,15.125,1
20.376026153564453,97.41709276844412,0.7136435508728027,5.863468634686347,0.03483233688588511,0.511070110701107,14.64864864864865,1
6.232024669647217,50.85822306238186,0.6144658923149109,4.497881355932203,0.015145778114350625,0.3474576271186441,20.52173913043478,1
23.58660888671875,31.16836734693877,0.7452130317687988,4.061674008810573,0.015397775876817793,0.5110132158590308,16.214285714285715,0
18.959314346313477,18.13638888888889,0.767377495765686,4.207062600321027,0.02497743003310262,0.34831460674157305,10.383333333333333,0
7.399407863616943,36.79778393351801,0.5039064288139343,5.124716553287982,0.016715116279069766,0.4217687074829932,23.210526315789473,1
14.527612686157227,80.3922902494331,0.7046230435371399,5.501336898395722,0.04276380914670362,0.42379679144385024,17.80952380952381,1
46.443016052246094,111.22222222222223,0.5280672907829285,4.357142857142857,0.019230769230769232,0.5966386554621849,39.666666666666664,0
7.2058491706848145,20.65234375,0.5909911394119263,4.810909090909091,0.018337408312958436,0.4254545454545455,17.1875,1
7.616023540496826,57.85487528344671,0.5280779600143433,4.877505567928731,0.019316493313521546,0.4365256124721604,21.38095238095238,1
37.388427734375,1786.9795918367345,0.5659576058387756,4.0321637426900585,0.004626951995373048,0.4678362573099415,48.857142857142854,0
5.928699016571045,35.72222222222222,0.7128798365592957,4.389423076923077,0.01921397379912664,0.5384615384615384,17.333333333333332,1
5.332104206085205,23.530612244897956,0.5262839198112488,4.630434782608695,0.02329075882794891,0.43478260869565216,16.428571428571427,1
7.482204437255859,16.226843100189033,0.6854248642921448,5.1181262729124235,0.01699346405228758,0.39307535641547864,21.347826086956523,1
6.999535083770752,28.23822714681441,0.6067326068878174,4.585889570552148,0.02040816326530612,0.44785276073619634,17.157894736842106,1
18.80278968811035,53.339999999999996,0.6132559776306152,4.315340909090909,0.01841136244082062,0.3806818181818182,17.6,0
36.63455581665039,77.64625850340137,0.6007562279701233,4.283687943262412,0.013662406346408109,0.3971631205673759,20.142857142857142,0
45.912532806396484,127.52066115702479,0.5979729294776917,4.181481481481481,0.016163035839775124,0.4962962962962963,24.545454545454547,0
11.094135284423828,47.973333333333336,0.6257933378219604,5.4851190476190474,0.02048165653837497,0.4166666666666667,22.4,1
11.336670875549316,89.33444398167431,0.8045783042907715,4.803892215568863,0.039881099826603914,0.4221556886227545,13.63265306122449,1
7.400323867797852,11.198347107438018,0.5824159383773804,5.273809523809524,0.022716736207695872,0.4851190476190476,15.272727272727273,1
36.70614242553711,85.28395061728395,0.7441717386245728,4.2274774774774775,0.022670025188916875,0.43018018018018017,16.444444444444443,0
28.2447566986084,131.4,0.5672305226325989,4.422580645161291,0.011484098939929329,0.3387096774193548,31.0,0
7.658724784851074,54.51918367346938,0.6259778141975403,5.210122699386503,0.044391408114558474,0.3604294478527607,18.62857142857143,1
7.256396293640137,30.623813002191387,0.5630534291267395,5.064917127071824,0.023592254618295127,0.31353591160220995,19.56756756756757,1
16.856842041015625,127.3465140478668,0.5788845419883728,4.678688524590164,0.016480394014017807,0.29508196721311475,29.516129032258064,0
6.588646411895752,26.590000000000003,0.6012052893638611,4.698347107438017,0.022598870056497175,0.359504132231405,12.1,1
75.97821807861328,627.7222222222222,0.5297769904136658,3.9783464566929134,0.006284367635506678,0.3720472440944882,42.333333333333336,0
11.078524589538574,30.428571428571427,0.5508566498756409,4.61344537815126,0.034256559766763846,0.49159663865546216,17.0,1
40.326759338378906,240.30859375,0.6626575589179993,4.4734411085450345,0.0231519090170593,0.5011547344110855,27.0625,0
6.750508785247803,98.91493055555554,0.6582162976264954,4.080789946140036,0.01256106071179344,0.23159784560143626,23.208333333333332,0
6.229051113128662,13.08984375,0.5933977365493774,4.4297872340425535,0.023628048780487805,0.4595744680851064,14.6875,1
149.8844757080078,31.65,0.7130815386772156,4.248780487804878,0.010064043915827997,0.5463414634146342,20.5,0
13.742718696594238,10.177514792899409,0.5700072050094604,4.148255813953488,0.016638935108153077,0.35755813953488375,13.23076923076923,0
6.492588996887207,57.72839506172838,0.4631361663341522,5.2005347593582885,0.016108520559559136,0.393048128342246,20.77777777777778,1
7.952099800109863,17.512222222222228,0.5447057485580444,5.379549393414211,0.018676627534685165,0.3951473136915078,19.233333333333334,1
13.638629913330078,152.3469387755102,0.46106964349746704,4.032828282828283,0.014349332013854528,0.29292929292929293,28.285714285714285,0
21.129106521606445,51.10775047258977,0.4786939024925232,4.497087378640777,0.00979706088173548,0.3339805825242718,22.391304347826086,0
6.132447242736816,75.90234375,0.5144715905189514,5.1726027397260275,0.016157205240174673,0.3972602739726027,22.8125,1
18.709192276000977,40.54,0.5172951817512512,4.850574712643678,0.012054001928640309,0.3706896551724138,17.4,0
8.890743255615234,147.34842951059167,0.7221766114234924,5.064976228209192,0.03492786636294609,0.4865293185419968,17.054054054054053,1
8.138379096984863,65.87480507908221,0.6685312390327454,5.5419921875,0.035105460849465475,0.248046875,15.283582089552239,1
12.353499412536621,80.43181818181819,0.6757717132568359,5.923832923832924,0.023727052303429166,0.4275184275184275,18.5,1
34.670108795166016,120.82352941176471,0.6431326866149902,4.417849898580122,0.02206693637366679,0.4462474645030426,29.0,0
124.05806732177734,50.52071005917159,0.5247969627380371,4.378260869565217,0.010375099760574621,0.5260869565217391,17.692307692307693,0
5.268773078918457,18.160000000000004,0.44119036197662354,4.580246913580247,0.01946647440519106,0.34156378600823045,16.2,1
34.87137222290039,45.61,0.513811469078064,4.834801762114537,0.016778523489932886,0.43392070484581496,22.7,0
50.970401763916016,19.90289256198347,0.6692042350769043,4.9372937293729375,0.020097772949483977,0.5016501650165016,13.772727272727273,0
13.06678295135498,55.15886134067952,0.7344905138015747,5.610123119015048,0.026961770623742453,0.4746922024623803,22.151515151515152,1
7.2220001220703125,27.305555555555546,0.5990425944328308,4.912844036697248,0.02193645990922844,0.4954128440366973,18.166666666666668,1
12.696834564208984,51.7975,0.6504601836204529,5.84725050916497,0.026842716192687174,0.42362525458248473,24.55,1
11.76278018951416,108.78571428571429,0.6915196180343628,5.098739495798319,0.03526280771789754,0.4726890756302521,17.0,1
36.14939880371094,56.3275,0.6503961086273193,4.730478589420655,0.01898188093183779,0.5138539042821159,19.85,0
8.193270683288574,19.04894083272462,0.5311599373817444,5.171469740634006,0.023483812129502964,0.35014409221902015,18.756756756756758,1
28.689512252807617,52.75482093663912,0.727621853351593,4.441717791411043,0.016917984553144538,0.4867075664621677,14.818181818181818,0
10.450570106506348,57.048888888888904,0.4714612662792206,4.144859813084112,0.0231935771632471,0.29439252336448596,28.533333333333335,0
34.574893951416016,25.501730103806228,0.7911126017570496,4.208333333333333,0.02679343128781331,0.5879629629629629,12.705882352941176,0
16.64908218383789,33.55588020452886,0.6559391617774963,4.715063520871143,0.018374338212394894,0.4010889292196007,14.891891891891891,0
21.55091094970703,280.5951557093426,0.529459536075592,4.481611208406305,0.015032884434700909,0.3555166374781086,33.588235294117645,0
23.820096969604492,27.49494949494949,0.6992812752723694,4.842572062084257,0.029801324503311258,0.42350332594235035,13.666666666666666,0
8.114273071289062,21.0537109375,0.5916159749031067,5.177142857142857,0.02141133896260555,0.38095238095238093,16.40625,1
22.321029663085938,75.08950617283952,0.7207750082015991,4.5053003533568905,0.030453697949036667,0.5477031802120141,15.722222222222221,0
9.26562213897705,57.48979591836735,0.5748229622840881,4.188034188034188,0.013776337115072933,0.39316239316239315,16.714285714285715,1
8.474079132080078,29.360946745562124,0.6112765669822693,4.780821917808219,0.0365296803652968,0.4885844748858447,16.846153846153847,1
9.125073432922363,10.298676748582233,0.5748626589775085,5.1571428571428575,0.01631321370309951,0.40408163265306124,21.304347826086957,1
37.13206100463867,114.91609977324262,0.6130163073539734,4.632558139534884,0.020664505672609402,0.44651162790697674,20.476190476190474,0
17.891828536987305,96.49000000000001,0.53389972448349,4.335616438356165,0.018158783783783782,0.3515981735159817,21.9,0
22.560302734375,27.102040816326532,0.6251817345619202,4.1594827586206895,0.012355848434925865,0.40948275862068967,16.571428571428573,0
8.923121452331543,30.22222222222222,0.5111517906188965,4.750819672131148,0.02063580591187953,0.4426229508196721,20.333333333333332,1
55.49225616455078,40.934443288241425,0.765346348285675,4.481481481481482,0.02142857142857143,0.4927536231884058,20.032258064516128,0
22.689666748046875,54.652202498356345,0.6404470205307007,4.119217081850533,0.03506405933917734,0.398576512455516,14.41025641025641,0
12.843270301818848,180.6461218836565,0.7070537209510803,4.980625931445603,0.03229693902145095,0.4485842026825633,17.657894736842106,1
9.81362247467041,174.9829867674858,0.7610034942626953,4.196765498652291,0.024193548387096774,0.48517520215633425,16.130434782608695,0
16.970834732055664,70.40665873959571,0.6422873735427856,4.584905660377358,0.016284479893652375,0.37169811320754714,18.275862068965516,0
13.859442710876465,18.743055555555554,0.4702240228652954,5.438775510204081,0.026567809700339822,0.47959183673469385,20.416666666666668,1
16.8166446685791,74.71819262782402,0.4730125665664673,4.584615384615384,0.010893246187363835,0.3148717948717949,33.62068965517241,0
16.068031311035156,47.55555555555555,0.7642428278923035,3.997826086956522,0.021285653469561516,0.358695652173913,15.333333333333334,0
6.551299095153809,39.107438016528924,0.6834766864776611,4.6875,0.019447287615148412,0.38095238095238093,15.272727272727273,1
6.366793155670166,20.96484375,0.584848940372467,5.111111111111111,0.02023298589822195,0.4789272030651341,16.3125,1
8.445565223693848,70.28928199791883,0.6013265252113342,5.747148288973384,0.028485346480416323,0.4220532319391635,16.967741935483872,1
6.861560821533203,46.764542936288095,0.5517435073852539,5.05,0.014760147601476014,0.38181818181818183,23.157894736842106,1
17.655065536499023,38.39049586776859,0.7360332012176514,4.24024024024024,0.025895316804407712,0.43843843843843844,15.136363636363637,0
20.29936408996582,46.91115311909263,0.5427210330963135,4.4164859002169194,0.01957713390759593,0.403470715835141,20.043478260869566,0
7.05515193939209,78.59950617283951,0.573676586151123,5.491097922848665,0.03123615418697386,0.34421364985163205,14.977777777777778,1
44.14619827270508,50.422476586888656,0.7270286083221436,4.742290748898679,0.02347242921013413,0.4779735682819383,14.64516129032258,0
15.890331268310547,184.89828303850157,0.6790421009063721,4.605138607167005,0.028350515463917526,0.32792427315753886,23.85483870967742,0
20.836822509765625,2121.84,0.3041815161705017,4.205949656750572,0.011348756001745963,0.33867276887871856,87.4,0
27.100177764892578,317.0,0.4249144196510315,4.731534090909091,0.01054179946065212,0.3096590909090909,44.0,0
4.633732795715332,136.33136094674558,0.7513384222984314,4.645021645021645,0.013544018058690745,0.4025974025974026,17.76923076923077,1
28.5408992767334,146.97153351698807,0.6789048910140991,4.573663624511082,0.02584447970981637,0.4498044328552803,23.242424242424242,0
11.41491413116455,55.94750000000001,0.4867023527622223,5.309711286089239,0.020374898125509373,0.48293963254593175,19.05,1
8.694576263427734,54.33333333333333,0.5541852712631226,5.022058823529412,0.0156,0.42401960784313725,22.666666666666668,1
4.733685493469238,75.22666666666667,0.4764375686645508,5.119047619047619,0.021573604060913704,0.3148148148148148,25.2,1
6.604616641998291,45.4875,0.4419248104095459,4.901123595505618,0.017183414269704895,0.34606741573033706,22.25,1
20.67165184020996,123.82248520710058,0.5243163108825684,4.032128514056225,0.015661707126076743,0.37349397590361444,19.153846153846153,0
51.479286193847656,215.25,0.6677770614624023,4.1084905660377355,0.02702702702702703,0.46226415094339623,26.5,0
12.86449909210205,44.5771484375,0.4720749258995056,4.512751677852349,0.015303682448589193,0.28053691275167786,23.28125,0
37.43841552734375,29.388888888888896,0.5136479735374451,4.343220338983051,0.019127773527161437,0.4533898305084746,19.666666666666668,0
17.594341278076172,86.89940828402368,0.7752227783203125,6.025396825396825,0.03172172391161671,0.5206349206349207,16.153846153846153,1
29.8979434967041,80.73684210526316,0.6001273393630981,4.533834586466165,0.021220159151193633,0.46365914786967416,21.0,0
12.275276184082031,103.73936899862827,0.43498894572257996,5.917741935483871,0.031994554118447927,0.3903225806451613,22.962962962962962,1
7.819235324859619,60.179591836734694,0.5516368746757507,5.119685039370078,0.02534504391468005,0.36850393700787404,18.142857142857142,1
9.067665100097656,79.47293277810827,0.6685488820075989,5.154657293497364,0.04579106114614752,0.4446397188049209,13.878048780487806,1
23.803848266601562,1414.359375,0.5485478043556213,3.933333333333333,0.01282051282051282,0.4115942028985507,43.125,0
6.389207363128662,96.72839506172838,0.6981909275054932,5.1359375,0.019940179461615155,0.3328125,17.77777777777778,1
18.486862182617188,76.69896193771626,0.6738303899765015,4.361702127659575,0.018323153803442533,0.42249240121580545,19.352941176470587,0
5.205406188964844,23.8275,0.6110147833824158,4.712074303405573,0.02476290832455216,0.3993808049535604,16.15,1
6.190459251403809,19.30859375,0.5169954299926758,4.665722379603399,0.019559902200488997,0.3597733711048159,22.0625,1
15.37002944946289,55.69541939321831,0.722257673740387,4.297971918876755,0.020845396641574986,0.3042121684867395,15.634146341463415,0
9.121143341064453,126.08098765432096,0.7325246334075928,5.37012987012987,0.03182827535159141,0.45292207792207795,13.688888888888888,1
8.61662483215332,63.044982698961924,0.5596612095832825,5.210412147505423,0.017152658662092625,0.39045553145336226,27.11764705882353,1
11.382637023925781,64.84126984126983,0.7243528366088867,5.270186335403727,0.029886719691491925,0.42080745341614906,15.333333333333334,1
34.07111740112305,70.66666666666667,0.5893987417221069,4.1610486891385765,0.015861571737563085,0.40074906367041196,29.666666666666668,0
34.14817810058594,173.62722908093278,0.7913571000099182,4.615976900866218,0.0259024064171123,0.36092396535129934,19.24074074074074,0
7.711056709289551,100.05353955978583,0.6875227689743042,4.828908554572271,0.040530582166543844,0.3392330383480826,16.536585365853657,1
5.902095794677734,36.107142857142854,0.5542968511581421,4.974603174603175,0.02030192608016658,0.3238095238095238,22.5,1
26.05304527282715,77.82248520710058,0.6546046137809753,4.232394366197183,0.022353714661406968,0.49295774647887325,21.846153846153847,0
6.309956073760986,30.50617283950617,0.4711153209209442,4.722527472527473,0.01976470588235294,0.42857142857142855,20.22222222222222,1
7.276910781860352,25.3275,0.5389089584350586,5.297520661157025,0.023952095808383235,0.4214876033057851,18.15,1
7.544243812561035,73.49,0.4798673987388611,4.750865051903114,0.013048635824436536,0.39100346020761245,28.9,1
7.379484176635742,61.28994082840237,0.6441468000411987,4.731012658227848,0.020065075921908895,0.439873417721519,24.307692307692307,1
41.14680099487305,340.46913580246917,0.6915910243988037,4.4343891402714934,0.016406890894175553,0.6425339366515838,24.555555555555557,0
10.181571006774902,63.75086505190311,0.590631365776062,5.2,0.016057091882247992,0.4647887323943662,20.88235294117647,1
8.652176856994629,54.69637650978759,0.6558127999305725,5.551192145862553,0.031923714759535655,0.391304347826087,14.551020408163266,1
29.59056854248047,277.6087408949012,0.6504086256027222,4.643536121673004,0.015583554376657824,0.32414448669201523,33.935483870967744,0
6.487167835235596,180.80968858131487,0.7774673700332642,4.366197183098592,0.021058038007190548,0.4591549295774648,20.88235294117647,1
9.889912605285645,122.44021415823916,0.7941056489944458,5.482507288629738,0.030692207226817588,0.39941690962099125,16.73170731707317,1
5.127511501312256,30.59515570934256,0.49022579193115234,4.958466453674121,0.02349869451697128,0.3738019169329074,18.41176470588235,1
47.45043182373047,123.0909090909091,0.6964095234870911,4.3689839572192515,0.022351797862001945,0.46524064171123,17.0,0
34.63492965698242,28.027210884353742,0.8282500505447388,3.8634538152610443,0.021052631578947368,0.5461847389558233,11.857142857142858,0
27.655832290649414,93.1475,0.6225815415382385,4.36734693877551,0.018257261410788383,0.40589569160997735,22.05,0
31.956687927246094,87.76000000000002,0.740871012210846,3.855769230769231,0.017578125,0.5240384615384616,20.8,0
6.245113849639893,24.987654320987655,0.527407169342041,4.6037234042553195,0.020455602045560205,0.35638297872340424,20.88888888888889,1
32.092037200927734,89.12110726643598,0.7208062410354614,4.3023255813953485,0.021436227224008574,0.45930232558139533,20.235294117647058,0
7.361721992492676,19.743055555555557,0.6247581243515015,4.775609756097561,0.014925373134328358,0.4146341463414634,17.083333333333332,1
6.770576477050781,33.4816,0.600707471370697,4.851926977687627,0.021709633649932156,0.3488843813387424,19.72,1
22.096946716308594,61.6875,0.6784627437591553,4.129518072289157,0.016184971098265895,0.463855421686747,20.75,0
42.96485137939453,140.18140589569163,0.7320958971977234,4.413153456998313,0.011635027556644213,0.4266441821247892,28.238095238095237,0
13.809063911437988,127.64506172839505,0.6705819964408875,4.221902017291066,0.014634146341463415,0.3515850144092219,19.27777777777778,0
8.924700736999512,30.50617283950617,0.4835575520992279,5.08092485549133,0.02275894101254064,0.4682080924855491,19.22222222222222,1
9.208456993103027,78.17777777777778,0.8000832796096802,5.463440860215054,0.05327220992728422,0.4182795698924731,10.333333333333334,1
16.113142013549805,58.14151925078044,0.6039658784866333,5.03601108033241,0.014473089099954772,0.40581717451523547,23.29032258064516,0
10.868361473083496,27.34948096885813,0.5124610662460327,5.188202247191011,0.016049933125278644,0.4297752808988764,20.941176470588236,1
16.37529754638672,84.07939508506618,0.5250394940376282,4.537906137184115,0.02208706786171575,0.3574007220216607,24.08695652173913,0
22.572790145874023,127.15500685871058,0.6440973877906799,4.585365853658536,0.02282410225197809,0.39547038327526135,21.25925925925926,0
17.947519302368164,98.11222222222223,0.6681270003318787,4.436208991494532,0.016079295154185023,0.362089914945322,27.433333333333334,0
21.044464111328125,121.86982248520711,0.6055122017860413,4.351851851851852,0.034368803701255786,0.3888888888888889,20.76923076923077,0
24.90383529663086,37.36555555555556,0.6470704674720764,6.118564742589704,0.024207369323050558,0.5678627145085804,21.366666666666667,1
13.21739387512207,37.76331360946746,0.5808428525924683,4.401459854014599,0.02443857331571995,0.46715328467153283,21.076923076923077,1
39.104183197021484,62.11555555555556,0.7417211532592773,4.303886925795053,0.020274689339437543,0.508833922261484,18.866666666666667,0
7.962103366851807,70.23875114784207,0.7300556898117065,4.993115318416523,0.036985539488320354,0.3442340791738382,17.606060606060606,1
15.048892974853516,66.65289256198348,0.7221209406852722,5.51171875,0.021176470588235293,0.421875,23.272727272727273,1
21.947162628173828,371.8121301775148,0.4908764660358429,4.405572755417957,0.014293774684972728,0.28586171310629516,37.26923076923077,0
5.8078460693359375,12.721074380165287,0.6088384985923767,6.015974440894569,0.021787461093819474,0.43130990415335463,14.227272727272727,1
6.796764373779297,22.41322314049587,0.49649932980537415,5.371727748691099,0.026875250701965503,0.41361256544502617,17.363636363636363,1
15.7504301071167,117.60341758632964,0.789503812789917,5.417777777777777,0.04224411420938387,0.4411111111111111,16.9811320754717,1
32.937686920166016,52.38563327032135,0.559653103351593,4.2289915966386555,0.01073558648111332,0.32563025210084034,20.695652173913043,0
4.539208889007568,49.29705215419502,0.4916854202747345,4.792243767313019,0.017354596622889306,0.29085872576177285,17.19047619047619,1
6.609227180480957,23.71900826446281,0.27919676899909973,4.808695652173913,0.014705882352941176,0.3739130434782609,20.90909090909091,1
24.297237396240234,497.8520710059171,0.6968867182731628,4.208672086720867,0.02393684746625923,0.32113821138211385,28.384615384615383,0
16.588293075561523,219.85999999999996,0.5705729722976685,4.14484126984127,0.009848484848484848,0.2837301587301587,25.2,0
10.990248680114746,51.29085872576177,0.6782085299491882,4.923184357541899,0.03298213467704993,0.44972067039106145,18.842105263157894,1
10.913742065429688,42.839999999999996,0.6207109689712524,5.042056074766355,0.018953752843062926,0.4322429906542056,21.4,1
26.449230194091797,145.10204081632654,0.6830297708511353,3.9484848484848483,0.017427884615384616,0.4212121212121212,23.571428571428573,0
42.62123107910156,28.795847750865043,0.7886537909507751,3.9138755980861246,0.026540284360189573,0.5358851674641149,12.294117647058824,0
9.072686195373535,188.0250472589792,0.716313898563385,5.305373525557012,0.028058134840532902,0.4351245085190039,16.58695652173913,1
43.904781341552734,82.55555555555556,0.4226856529712677,4.241379310344827,0.009764035801464606,0.5172413793103449,19.333333333333332,0
37.35905838012695,85.3184,0.5785319209098816,4.582834331337326,0.023743016759776536,0.4231536926147705,20.04,0
19.35350799560547,69.51515151515152,0.6771343350410461,4.51010101010101,0.018947368421052633,0.3771043771043771,18.0,0
60.6651611328125,73.45408163265306,0.6859733462333679,4.323420074349443,0.017205781142463867,0.5650557620817844,19.214285714285715,0
14.187650680541992,97.27146814404435,0.7047819495201111,5.880434782608695,0.028509785791339188,0.4217391304347826,24.210526315789473,1
10.674858093261719,192.49219467401286,0.560993492603302,6.056626506024096,0.030217499584924458,0.41325301204819276,25.151515151515152,1
41.80580139160156,203.16000000000003,0.6066126227378845,3.9375,0.012546125461254613,0.4411764705882353,27.2,0
25.35115623474121,100.0553633217993,0.5778762102127075,4.944331983805668,0.018934316353887398,0.39068825910931176,29.058823529411764,0
19.851490020751953,101.65972222222221,0.5980769395828247,4.718475073313783,0.015404040404040404,0.34457478005865105,28.416666666666668,0
6.899864196777344,92.72222222222221,0.5156644582748413,4.588709677419355,0.019760056457304165,0.36693548387096775,20.666666666666668,1
5.746028423309326,10.36111111111111,0.4946209192276001,4.515942028985507,0.019527235354573486,0.34202898550724636,19.166666666666668,1
10.513575553894043,29.034438775510207,0.5310014486312866,4.17206132879046,0.014672318226279752,0.24361158432708688,20.964285714285715,0
43.3678092956543,66.3030303030303,0.7509059906005859,4.457300275482094,0.020433284096504186,0.47796143250688705,22.0,0
5.5591325759887695,17.5,0.44693195819854736,4.639285714285714,0.023587833643699565,0.41785714285714287,17.5,1
17.1030330657959,51.28395061728396,0.4404294192790985,5.002123142250531,0.014285714285714285,0.3205944798301486,17.444444444444443,0
9.19278621673584,47.092745638200185,0.5280248522758484,5.329376854599406,0.02806297056810404,0.3768545994065282,20.424242424242426,1
38.31248474121094,487.2396694214876,0.6582671999931335,4.295212765957447,0.005461767626613704,0.3829787234042553,34.18181818181818,0
67.53857421875,74.83673469387755,0.650722861289978,4.338709677419355,0.024705882352941175,0.4774193548387097,22.142857142857142,0
48.1969108581543,115.9822222222222,0.5901782512664795,4.503012048192771,0.018527791687531298,0.4939759036144578,22.133333333333333,0
9.533919334411621,25.14681440443213,0.6591852307319641,5.741433021806854,0.020371208691715707,0.4797507788161994,16.894736842105264,1
9.262372970581055,18.394557823129258,0.6059060096740723,5.023504273504273,0.01809954751131222,0.43803418803418803,22.285714285714285,1
24.33677864074707,103.24489795918366,0.49412792921066284,4.977386934673367,0.017369727047146403,0.4396984924623116,28.428571428571427,0
10.024948120117188,39.38189386056192,0.6736250519752502,4.831050228310502,0.033679412509496076,0.3713850837138508,21.193548387096776,1
5.248852729797363,79.07848568790398,0.4954184591770172,5.059071729957806,0.02423747276688453,0.2042194092827004,20.789473684210527,1
12.641426086425781,80.81206597222223,0.6520624756813049,5.979591836734694,0.027135678391959798,0.49339735894357745,17.354166666666668,1
15.752412796020508,29.689981096408314,0.5093945860862732,5.838016528925619,0.04835367257655998,0.46942148760330576,26.304347826086957,1
7.0066142082214355,43.92899408284024,0.4692705571651459,4.7280334728033475,0.019271948608137045,0.42677824267782427,18.384615384615383,1
15.868429183959961,165.5477551020408,0.6730179190635681,5.87893864013267,0.04070305272895467,0.4925373134328358,17.228571428571428,1
11.725025177001953,103.28962757771622,0.7965944409370422,5.755528255528255,0.02982703847511472,0.42997542997543,14.280701754385966,1
7.907749176025391,99.51498724489797,0.7276142239570618,5.117508813160987,0.0339265850945495,0.35487661574618096,15.196428571428571,1
42.34880447387695,31.40972222222223,0.7696279287338257,4.506912442396313,0.018821603927986905,0.6129032258064516,18.083333333333332,0
15.738781929016113,79.87534626038781,0.7056312561035156,5.878571428571429,0.02944735780556676,0.46285714285714286,18.42105263157895,1
3.8887500762939453,58.09467455621302,0.43705782294273376,4.468503937007874,0.015536723163841809,0.3188976377952756,19.53846153846154,1
38.73167419433594,34.12109375,0.62163245677948,4.419354838709677,0.014973958333333334,0.44802867383512546,17.4375,0
9.116477012634277,65.79378270236997,0.7175739407539368,5.398305084745763,0.03549862763037511,0.36561743341404357,14.491228070175438,1
55.94938659667969,91.5363321799308,0.6485671997070312,4.0754716981132075,0.032188841201716736,0.5358490566037736,15.588235294117647,0
23.04457664489746,31.82222222222222,0.7128322720527649,4.027272727272727,0.017825311942959002,0.4954545454545455,14.666666666666666,0
9.460494995117188,47.07479224376731,0.5731938481330872,5.063775510204081,0.0214168039538715,0.4336734693877551,20.63157894736842,1
5.3775763511657715,32.604166666666664,0.6167492866516113,4.6255707762557075,0.020643112346169116,0.4041095890410959,18.25,1
7.413522243499756,83.65816326530613,0.5463293194770813,4.8525469168900806,0.024302430243024302,0.3753351206434316,26.642857142857142,1
19.111284255981445,54.51555555555556,0.4094563126564026,4.453083109919571,0.01646489104116223,0.3753351206434316,24.866666666666667,0
7.164021015167236,59.04552469135803,0.6482730507850647,5.345826235093697,0.028054535920293656,0.3645655877342419,16.305555555555557,1
3.887816905975342,53.02777777777778,0.34632450342178345,4.637333333333333,0.012121212121212121,0.272,20.833333333333332,1
6.921334266662598,39.45578231292517,0.499324768781662,4.629333333333333,0.019007881316643487,0.34933333333333333,17.857142857142858,1
4.5296759605407715,26.236686390532537,0.4816581606864929,4.928301886792453,0.019962570180910792,0.38113207547169814,20.384615384615383,1
13.419591903686523,104.12686390532545,0.7798120379447937,5.383735705209657,0.04918653045781309,0.4993646759847522,12.107692307692307,1
37.696102142333984,202.88888888888889,0.6306880712509155,4.003968253968254,0.017133956386292833,0.46825396825396826,28.0,0
32.70349884033203,44.94331065759637,0.8476840257644653,3.813953488372093,0.03544776119402985,0.48372093023255813,10.238095238095237,0
26.774547576904297,57.22666666666667,0.5896853804588318,4.163194444444445,0.019543973941368076,0.4756944444444444,19.2,0
8.358116149902344,25.87654320987654,0.5519578456878662,5.970779220779221,0.01964367291000457,0.512987012987013,17.11111111111111,1
22.885066986083984,111.39854318418311,0.7974750995635986,4.266447368421052,0.024220405691795337,0.3717105263157895,19.612903225806452,0
8.365809440612793,40.710059171597635,0.5275757908821106,4.744493392070485,0.020255063765941484,0.5154185022026432,17.46153846153846,1
11.446006774902344,56.91643709825528,0.6610657572746277,5.624373956594324,0.03256611165523996,0.4307178631051753,18.151515151515152,1
21.63544464111328,64.44875346260388,0.6127121448516846,4.6,0.014823717948717948,0.3522727272727273,23.157894736842106,0
18.36564826965332,34.64,0.6072019934654236,4.305295950155763,0.018433179723502304,0.4174454828660436,21.4,0
12.246339797973633,67.54085872576178,0.6619236469268799,5.3546944858420265,0.028056569343065694,0.4232488822652757,17.657894736842106,1
25.863615036010742,75.98097502972651,0.6738759279251099,4.583180987202925,0.024545744341727765,0.41316270566727603,18.862068965517242,0
6.215969085693359,20.09467455621302,0.5383410453796387,4.311627906976744,0.020530367835757058,0.4372093023255814,16.53846153846154,1
7.703829288482666,40.35204081632653,0.486288845539093,4.629893238434164,0.020484171322160148,0.43416370106761565,20.071428571428573,1
21.5516357421875,77.8488888888889,0.7417309880256653,4.29064039408867,0.031222123104371096,0.43103448275862066,13.533333333333333,0
6.137179374694824,36.61363636363637,0.46170783042907715,5.343228200371057,0.011836027713625866,0.2949907235621521,24.5,1
11.422700881958008,90.0,0.7347399592399597,5.297256097560975,0.026669813547321217,0.38414634146341464,16.0,1
31.43074607849121,58.21768707482994,0.724372923374176,4.3451536643026,0.016093953892996955,0.4373522458628842,20.142857142857142,0
11.764507293701172,95.44,0.6827258467674255,5.411149825783972,0.048925705410302875,0.5139372822299652,16.4,1
46.52501678466797,75.84636488340192,0.7113573551177979,4.516393442622951,0.021415607985480943,0.5061475409836066,18.074074074074073,0
9.389708518981934,24.77777777777778,0.5295885801315308,5.106060606060606,0.018233387358184763,0.44696969696969696,22.0,1
7.199007987976074,26.74609375,0.5917138457298279,4.777777777777778,0.020606060606060607,0.43727598566308246,17.4375,1
7.107890605926514,41.58276643990929,0.5435896515846252,5.14604462474645,0.014939915556999025,0.42190669371196754,23.476190476190474,1
9.196680068969727,128.65484429065742,0.7286379933357239,5.119815668202765,0.03957528957528957,0.4362519201228879,19.147058823529413,1
8.061450958251953,79.67659279778394,0.7298001646995544,5.2238010657193605,0.03780821917808219,0.41740674955595025,14.81578947368421,1
6.706295013427734,23.878400000000003,0.5038484930992126,5.651260504201681,0.016459627329192546,0.38445378151260506,19.04,1
33.46664810180664,126.72888888888889,0.6870063543319702,4.13715710723192,0.01053639846743295,0.4538653366583541,26.733333333333334,0
40.7922477722168,77.36000000000003,0.5992534160614014,4.432624113475177,0.01713796058269066,0.47044917257683216,28.2,0
16.015560150146484,116.31172839506173,0.7825884819030762,4.225519287833828,0.02531997774067891,0.3397626112759644,18.72222222222222,0
15.248041152954102,103.47222222222221,0.5046950578689575,4.885483870967742,0.0169263836646964,0.3790322580645161,25.833333333333332,0
44.16434860229492,103.38888888888887,0.7487488389015198,4.679611650485437,0.02658911508101371,0.5461165048543689,17.166666666666668,0
9.302462577819824,43.66439909297051,0.4367729425430298,4.851063829787234,0.019572953736654804,0.3702127659574468,22.38095238095238,1
6.511177062988281,22.952380952380953,0.6806387901306152,4.359307359307359,0.0274294670846395,0.4588744588744589,11.0,1
47.061126708984375,79.76331360946747,0.7100980281829834,4.276422764227642,0.017358490566037735,0.5650406504065041,18.923076923076923,0
23.15074348449707,66.98060941828255,0.5821714401245117,4.875609756097561,0.017543859649122806,0.4853658536585366,21.57894736842105,0
23.904666900634766,106.0,0.489938884973526,3.7574750830564785,0.013176144244105409,0.40863787375415284,43.0,0
8.191516876220703,42.70408163265306,0.6840794682502747,5.108187134502924,0.04045977011494253,0.38596491228070173,12.214285714285714,1
8.96245288848877,134.07695789950205,0.74510657787323,4.990424076607387,0.03287731685789938,0.4131326949384405,15.553191489361701,1
6.774073600769043,67.05267204921185,0.6620389223098755,5.408725602755453,0.025810952214858737,0.3283582089552239,17.07843137254902,1
48.764774322509766,73.63265306122449,0.614222526550293,4.697058823529412,0.021233569261880688,0.5205882352941177,24.285714285714285,0
56.58830642700195,23.187145557655953,0.73850017786026,4.120967741935484,0.024489795918367346,0.4489247311827957,16.17391304347826,0
22.8080997467041,55.38775510204082,0.47332873940467834,4.565693430656935,0.016129032258064516,0.4051094890510949,19.571428571428573,0
24.092422485351562,125.42911153119096,0.6975083351135254,4.826530612244898,0.021377672209026127,0.44081632653061226,21.304347826086957,0
20.988859176635742,89.59417273673257,0.7424848079681396,4.2615384615384615,0.024199288256227757,0.40192307692307694,16.774193548387096,0
52.44065856933594,39.39506172839506,0.6978457570075989,3.99609375,0.026013771996939557,0.61328125,14.222222222222221,0
37.16609573364258,146.0,0.6080485582351685,3.996376811594203,0.02207977207977208,0.4782608695652174,23.0,0
11.833318710327148,84.37326388888887,0.5307714343070984,4.963946869070209,0.03531598513011153,0.4250474383301708,21.958333333333332,1
80.13993072509766,174.6875,0.6292769312858582,4.626106194690266,0.019668337832626302,0.46017699115044247,28.25,0
10.283387184143066,113.99637845178815,0.6911118626594543,5.972746331236897,0.03548667439165701,0.37840670859538783,20.29787234042553,1
13.818865776062012,69.0154577883472,0.4473775625228882,5.17981072555205,0.02132463622679378,0.3107255520504732,21.862068965517242,0
7.373847961425781,27.876543209876544,0.4985283613204956,5.302631578947368,0.0273972602739726,0.5131578947368421,16.88888888888889,1
16.76177215576172,62.985600000000005,0.5164988040924072,4.812937062937063,0.01809162532827546,0.4423076923076923,22.88,0
10.844558715820312,74.6115702479339,0.7115854620933533,5.100694444444445,0.03730115194733955,0.4079861111111111,17.454545454545453,1
6.875617027282715,60.336734693877546,0.6371784210205078,5.057835820895522,0.03348281016442452,0.3824626865671642,19.142857142857142,1
24.246105194091797,38.8609693877551,0.6570659875869751,4.524926686217009,0.030364372469635626,0.4868035190615836,12.178571428571429,0
6.753819465637207,33.003460207612456,0.5321323275566101,4.898016997167139,0.01603017444601603,0.38526912181303113,20.764705882352942,1
46.7685432434082,48.245555555555555,0.7185509204864502,4.412296564195298,0.023856209150326796,0.5226039783001808,18.433333333333334,0
36.924774169921875,88.2295918367347,0.6860633492469788,4.5659824046920825,0.024427480916030534,0.5747800586510264,24.357142857142858,0
28.88825225830078,258.3801652892562,0.5570231676101685,4.186390532544379,0.011280315848843767,0.4230769230769231,30.727272727272727,0
7.287385940551758,95.9065082644628,0.7449887990951538,5.071975497702909,0.03616813294232649,0.40735068912710565,14.840909090909092,1
22.49505615234375,114.54458977407849,0.669488251209259,4.381118881118881,0.0251414204902577,0.3811188811188811,19.724137931034484,0
6.8862080574035645,29.094399999999997,0.6003257632255554,5.233545647558387,0.024268617021276594,0.4543524416135881,18.84,1
7.396575450897217,39.26652892561984,0.5159497261047363,4.706783369803063,0.016547574276043624,0.40043763676148797,20.772727272727273,1
42.7553596496582,41.57208448117539,0.5757437348365784,4.520388349514563,0.020443520443520442,0.2815533980582524,15.606060606060606,0
18.29975700378418,44.294399999999996,0.5720424652099609,4.890595009596929,0.010638297872340425,0.3646833013435701,20.84,0
7.813808441162109,19.647058823529413,0.4160556495189667,5.352941176470588,0.02531645569620253,0.45,20.0,1
8.229324340820312,45.917159763313606,0.3442714512348175,5.051446945337621,0.014636696288552013,0.37942122186495175,23.923076923076923,1
8.897978782653809,60.239999999999995,0.699031412601471,5.73841059602649,0.030626780626780627,0.44039735099337746,15.1,1
28.39577865600586,211.14049586776864,0.47217223048210144,4.494252873563219,0.011363636363636364,0.4942528735632184,31.636363636363637,0
7.7650675773620605,48.8395061728395,0.3477841019630432,4.929515418502203,0.016763848396501458,0.45374449339207046,25.22222222222222,1
25.9873046875,51.49691358024692,0.7004779577255249,4.7665505226480835,0.041336353340883356,0.5958188153310104,15.944444444444445,0
20.28183364868164,61.666666666666664,0.6957557201385498,4.634469696969697,0.01848794981842192,0.4128787878787879,22.0,0
12.543913841247559,61.82142857142857,0.4792364835739136,4.484320557491289,0.01694915254237288,0.5052264808362369,20.5,0
29.209230422973633,59.82750000000001,0.6543803811073303,4.254071661237785,0.02238354506957048,0.46254071661237783,15.35,0
5.247318267822266,69.63313609467455,0.5615014433860779,4.543307086614173,0.019444444444444445,0.39763779527559057,19.53846153846154,1
25.859983444213867,43.95659722222222,0.6244077682495117,5.037406483790524,0.022195318805488296,0.516209476309227,16.708333333333332,0
56.026458740234375,36.27734375,0.7001210451126099,4.0,0.016203703703703703,0.5059288537549407,15.8125,0
30.446985244750977,29.3536,0.6940227150917053,4.324712643678161,0.018907563025210083,0.46264367816091956,13.92,0
27.67906379699707,54.94331065759637,0.5953680872917175,4.3175487465181055,0.01593011305241521,0.3983286908077994,17.095238095238095,0
14.016646385192871,61.4875283446712,0.6652852296829224,4.852112676056338,0.015976331360946745,0.4084507042253521,13.523809523809524,0
62.68708419799805,73.49305555555556,0.7018242478370667,4.537209302325581,0.019769357495881382,0.5255813953488372,17.916666666666668,0
11.055134773254395,79.57208448117538,0.6212843656539917,5.268502581755594,0.027258150721539285,0.4354561101549053,17.606060606060606,1
21.089019775390625,60.400756143667294,0.6555172801017761,5.1670616113744074,0.028785046728971964,0.38270142180094785,18.347826086956523,0
8.36447525024414,16.585034013605444,0.56978839635849,4.589743589743589,0.02485089463220676,0.38746438746438744,16.714285714285715,1
13.141725540161133,35.380177514792905,0.602013111114502,4.741824440619621,0.020600353148911125,0.38209982788296043,22.346153846153847,0
32.515567779541016,17.875114784205696,0.7479485273361206,4.329787234042553,0.023867510959571358,0.47074468085106386,11.393939393939394,0
32.231754302978516,179.60946745562129,0.7227873802185059,4.383275261324042,0.020253164556962026,0.5261324041811847,22.076923076923077,0
5.689388275146484,30.69333333333333,0.5087443590164185,4.654088050314465,0.019650655021834062,0.3490566037735849,21.2,1
8.839014053344727,32.491493383742906,0.7089643478393555,4.986143187066975,0.019259818731117824,0.43648960739030024,18.82608695652174,1
22.809062957763672,59.91836734693877,0.5424402952194214,3.8404907975460123,0.015595757953836557,0.37423312883435583,23.285714285714285,0
10.747812271118164,27.74609375,0.5799254775047302,4.597402597402597,0.021116138763197588,0.39826839826839827,14.4375,1
22.288654327392578,67.46222222222222,0.6759364604949951,4.7313167259786475,0.01620795107033639,0.3861209964412811,18.733333333333334,0
32.8936767578125,51.576388888888886,0.7066696882247925,4.080971659919029,0.024409143742735374,0.44534412955465585,20.583333333333332,0
8.220321655273438,56.54110301768991,0.6212543845176697,5.41699604743083,0.03543776057176891,0.41699604743083,16.322580645161292,1
8.471210479736328,65.7229916897507,0.5139818787574768,4.836065573770492,0.015390686661404893,0.3700234192037471,22.473684210526315,1
7.202658653259277,60.63313609467456,0.5224360823631287,4.8668941979522184,0.024744027303754267,0.3412969283276451,22.53846153846154,1
25.53023910522461,60.62222222222223,0.733388364315033,4.5236363636363635,0.027493606138107418,0.5854545454545454,18.333333333333332,0
27.449386596679688,163.6,0.5344116687774658,4.196969696969697,0.019551466359977,0.4,33.0,0
7.685117244720459,169.2154857560263,0.7649564146995544,5.083958020989505,0.03333333333333333,0.4542728635682159,18.027027027027028,1
24.55109214782715,36.0475,0.6279025673866272,4.981029810298103,0.020620842572062086,0.41192411924119243,18.45,0
43.08726501464844,105.88888888888889,0.7770443558692932,4.303333333333334,0.030896298562251453,0.4583333333333333,16.666666666666668,0
10.122010231018066,61.57750000000001,0.6552294492721558,5.004643962848297,0.030984507746126936,0.38854489164086686,16.15,1
38.74554443359375,185.08033240997227,0.6814250946044922,4.291588785046729,0.0148995148995149,0.36261682242990656,28.157894736842106,0
6.771017074584961,104.12811634349033,0.692022442817688,4.525121555915721,0.03154305200341006,0.34521880064829824,16.236842105263158,1
37.25528335571289,104.71972318339101,0.5658657550811768,4.345549738219895,0.022296015180265655,0.450261780104712,22.470588235294116,0
6.897084712982178,54.946745562130175,0.4504925608634949,4.597402597402597,0.02844311377245509,0.45454545454545453,17.76923076923077,1
8.378644943237305,47.37244897959183,0.6115925312042236,4.668896321070235,0.02424942263279446,0.4682274247491639,21.357142857142858,1
34.74405288696289,63.41015089163238,0.7151254415512085,4.676635514018692,0.01364522417153996,0.4504672897196262,19.814814814814813,0
46.11701583862305,54.142857142857146,0.6283255219459534,5.013392857142857,0.022254127781765973,0.5535714285714286,16.0,0
32.3037109375,57.94082840236685,0.7143806219100952,5.21505376344086,0.020615645297938436,0.45340501792114696,21.46153846153846,0
5.876718044281006,10.2,0.33024877309799194,4.938095238095238,0.00946372239747634,0.3904761904761905,21.0,1
9.801651000976562,34.08984375,0.5190965533256531,4.761557177615572,0.023466447097571015,0.46715328467153283,25.6875,1
24.556507110595703,73.86767485822307,0.5766972899436951,4.803719008264463,0.019902234636871508,0.36363636363636365,21.043478260869566,0
14.60470199584961,84.89795918367346,0.7011500000953674,5.747536945812808,0.0350475519549137,0.46921182266009853,16.571428571428573,1
21.060882568359375,40.845555555555556,0.7649160027503967,4.437346437346437,0.016821602478972998,0.40294840294840295,13.566666666666666,0
34.46758270263672,97.87654320987654,0.6310423016548157,4.5145348837209305,0.026748971193415638,0.47674418604651164,19.11111111111111,0
34.90034484863281,26.453627180899908,0.7789005637168884,4.374384236453202,0.022788203753351208,0.47783251231527096,12.303030303030303,0
28.977176666259766,72.34467120181405,0.6837310791015625,4.526427061310782,0.017267267267267267,0.4608879492600423,22.523809523809526,0
7.381313800811768,33.21,0.5612744092941284,4.993087557603687,0.02033132530120482,0.4447004608294931,21.7,1
9.267563819885254,95.21356335514575,0.6924026012420654,4.704142011834319,0.030064568200161422,0.32662721893491126,20.609756097560975,1
56.33359146118164,85.8624,0.6309526562690735,5.140655105973025,0.012074303405572756,0.41811175337186895,20.76,0
21.510881423950195,32.59763313609467,0.6265932321548462,4.254347826086956,0.02145748987854251,0.40217391304347827,17.692307692307693,0
28.916732788085938,55.72222222222223,0.6374571323394775,4.623913043478261,0.01889644746787604,0.4826086956521739,19.166666666666668,0
5.655747890472412,49.65721087085895,0.5653315186500549,4.784153005464481,0.033683889650967844,0.23041894353369763,15.464788732394366,1
18.919824600219727,89.40408163265306,0.5507983565330505,5.0188235294117645,0.017102229054573405,0.3611764705882353,24.285714285714285,0
11.766216278076172,87.60072314049586,0.7056089043617249,5.147018030513176,0.03235679930039353,0.3925104022191401,16.386363636363637,1
11.112862586975098,204.5828571428571,0.651710033416748,5.703976435935199,0.03713921901528013,0.44477172312223856,19.4,1
5.328293323516846,20.78061224489796,0.5248197317123413,4.687296416938111,0.02238388360380526,0.3550488599348534,21.928571428571427,1
25.243749618530273,75.03764921946741,0.6784458756446838,4.217314487632509,0.01929474384564205,0.39045936395759717,17.151515151515152,0
4.853878021240234,35.67455621301775,0.6568558812141418,4.856020942408377,0.02136938508504143,0.31151832460732987,14.692307692307692,1
30.62399673461914,34.42333333333333,0.7138615250587463,4.434697855750487,0.019338959212376935,0.341130604288499,17.1,0
8.297073364257812,28.7275,0.6028045415878296,5.090185676392573,0.021748400852878463,0.5411140583554377,18.85,1
3.961437463760376,25.606805293005667,0.5022979378700256,4.718004338394794,0.02224694104560623,0.29067245119305857,20.043478260869566,1
12.155592918395996,51.17515432098765,0.6479868292808533,5.527054108216433,0.03355106888361045,0.46893787575150303,13.86111111111111,1
12.638162612915039,14.710400000000002,0.5752513408660889,4.718475073313783,0.023371456986573842,0.35777126099706746,13.64,0
8.9124755859375,69.93809073724007,0.6440587639808655,5.682119205298013,0.025670719938235862,0.4066225165562914,16.41304347826087,1
8.60071849822998,99.04498269896193,0.6783648729324341,5.786908077994429,0.02654690618762475,0.3607242339832869,21.11764705882353,1
10.278986930847168,108.000768935025,0.6895368099212646,5.944168734491315,0.04081984154323114,0.4143920595533499,15.803921568627452,1
28.47904396057129,259.9555555555556,0.5868028402328491,4.678688524590164,0.024280067758328628,0.5114754098360655,20.333333333333332,0
10.709094047546387,81.00680272108845,0.7638905048370361,5.448275862068965,0.02826086956521739,0.3994252873563218,16.571428571428573,1
37.964263916015625,640.8,0.42736950516700745,4.021739130434782,0.005154639175257732,0.3782608695652174,46.0,0
26.979692459106445,26.193877551020403,0.6455463171005249,4.474409448818897,0.02663862600771118,0.421259842519685,18.142857142857142,0
6.6189985275268555,33.18336483931948,0.5807288885116577,5.257978723404255,0.022812111157196183,0.4308510638297872,16.347826086956523,1
28.47449493408203,106.4378698224852,0.752771258354187,3.625,0.007438631291842301,0.6111111111111112,22.153846153846153,0
38.299678802490234,137.9092627599244,0.750939667224884,4.258196721311475,0.029434250764525993,0.444672131147541,21.217391304347824,0
85.41523742675781,245.207100591716,0.7151997685432434,4.595360824742268,0.018560434585785424,0.5412371134020618,29.846153846153847,0
37.402015686035156,51.54749999999999,0.696820080280304,4.158311345646438,0.015105740181268883,0.5145118733509235,18.95,0
9.276198387145996,68.2076124567474,0.5813718438148499,4.95514950166113,0.027966331794732555,0.4069767441860465,17.705882352941178,1
29.318952560424805,35.65868886576483,0.713977038860321,4.253578732106339,0.019391634980988594,0.3783231083844581,15.774193548387096,0
24.172819137573242,212.98765432098762,0.5336388349533081,4.754098360655738,0.019270474879559532,0.4918032786885246,27.11111111111111,0
17.877471923828125,61.208181154127104,0.6972283124923706,4.137931034482759,0.019269776876267748,0.29708222811671087,20.37837837837838,0
14.070852279663086,68.17360285374556,0.5381563305854797,4.748792270531401,0.01706578585191302,0.30917874396135264,21.413793103448278,0
5.665173053741455,44.082840236686394,0.5789656639099121,4.517350157728707,0.016853932584269662,0.3249211356466877,24.384615384615383,1
62.5440673828125,48.08673469387755,0.5890188217163086,4.629757785467128,0.016887816646562123,0.5570934256055363,20.642857142857142,0
29.304758071899414,100.52083333333333,0.7684018015861511,4.0928270042194095,0.016233766233766232,0.5232067510548524,19.75,0
6.370940208435059,19.05859375,0.5992963314056396,4.446886446886447,0.018433179723502304,0.3772893772893773,17.0625,1
11.697549819946289,39.61814744801512,0.5199885368347168,4.4914529914529915,0.024705435195743062,0.2948717948717949,20.347826086956523,0
65.91087341308594,88.56,0.6701961159706116,4.630952380952381,0.02664890073284477,0.5674603174603174,25.2,0
33.009483337402344,177.98222222222222,0.7784892320632935,4.343612334801762,0.02938840349483717,0.5110132158590308,15.133333333333333,0
7.4922776222229,38.80859375,0.6143016815185547,4.711048158640226,0.015602145294978059,0.45892351274787535,22.0625,1
10.512066841125488,28.020833333333332,0.5243399739265442,4.582159624413146,0.019736842105263157,0.539906103286385,17.75,1
22.896177291870117,594.7692307692307,0.6654180884361267,4.203525641025641,0.0076359193646915085,0.3269230769230769,48.0,0
52.69287109375,65.81854043392505,0.7809351086616516,4.090146750524109,0.016983420946219168,0.44654088050314467,12.23076923076923,0
7.163710117340088,32.57638888888889,0.5480729937553406,5.55023923444976,0.011519078473722102,0.47368421052631576,17.416666666666668,1
6.204543590545654,31.4320987654321,0.5400113463401794,4.665697674418604,0.01957831325301205,0.37790697674418605,19.11111111111111,1
23.134973526000977,50.02008310249308,0.534084677696228,4.952324195470799,0.01717670286278381,0.33134684147794996,22.07894736842105,0
14.942800521850586,102.38939967550027,0.7370960116386414,5.611702127659575,0.03250291942390035,0.46941489361702127,17.488372093023255,1
42.098079681396484,85.60302457466919,0.792483389377594,3.937901498929336,0.015345268542199489,0.4668094218415418,20.304347826086957,0
36.21525192260742,51.56213017751479,0.7355734705924988,4.004878048780488,0.024691358024691357,0.4585365853658537,15.76923076923077,0
10.231897354125977,80.11072664359861,0.6028546690940857,4.135646687697161,0.03046594982078853,0.47003154574132494,18.647058823529413,1
7.894412040710449,68.7757287328971,0.7195227146148682,5.21875,0.027524972253052164,0.41761363636363635,17.170731707317074,1
39.67656326293945,73.859375,0.6684932708740234,4.2727272727272725,0.022408963585434174,0.4636363636363636,20.625,0
7.223788738250732,28.960661157024788,0.7150807976722717,4.91921664626683,0.042008401680336066,0.3598531211750306,14.854545454545455,1
7.7604756355285645,35.647499999999994,0.533355176448822,5.4240687679083095,0.026475694444444444,0.504297994269341,17.45,1
7.0217132568359375,78.58333333333333,0.6720789074897766,5.1158730158730155,0.023073022312373227,0.34285714285714286,17.5,1
10.346059799194336,182.45101906640366,0.7228166460990906,4.891218872870249,0.03504218040233614,0.3918741808650065,19.564102564102566,1
33.121429443359375,33.4336,0.6674332022666931,4.522988505747127,0.021629778672032193,0.49712643678160917,13.92,0
33.13505554199219,156.4704,0.6085956692695618,4.739747634069401,0.011659436008676789,0.3501577287066246,25.36,0
17.52324867248535,50.747499999999995,0.6346848607063293,4.237163814180929,0.02015574896930829,0.3594132029339853,20.45,0
5.859893321990967,31.96484375,0.6511179208755493,4.550561797752809,0.0145791915175613,0.3857677902621723,16.6875,1
22.435340881347656,58.36,0.4843045175075531,3.5972222222222223,0.01195814648729447,0.375,28.8,0
18.360261917114258,64.73724007561437,0.5812925100326538,4.489156626506024,0.021869639794168096,0.38313253012048193,18.043478260869566,0
71.23379516601562,47.31122448979592,0.6218900084495544,4.646840148698884,0.015594541910331383,0.5762081784386617,19.214285714285715,0
16.001117706298828,108.71555555555554,0.5359521508216858,4.795580110497237,0.014097744360902255,0.3383977900552486,24.133333333333333,0
16.62099838256836,37.01551020408162,0.7544664144515991,4.47069943289225,0.0169664065151001,0.2844990548204159,15.114285714285714,0
40.19498825073242,84.71005917159762,0.6917943358421326,4.482876712328767,0.0267639902676399,0.5308219178082192,22.46153846153846,0
21.041282653808594,28.289930555555554,0.5358466506004333,4.828644501278772,0.015955153083225527,0.37084398976982097,16.291666666666668,0
57.70600509643555,33.89619377162631,0.6363282799720764,4.4772727272727275,0.02086137281292059,0.48484848484848486,15.529411764705882,0
31.927587509155273,159.69,0.6173467636108398,3.638522427440633,0.009024252679075015,0.3482849604221636,37.9,0
36.704261779785156,5034.444444444443,0.6761656403541565,3.61247947454844,0.0039048633297834577,0.30377668308702793,67.66666666666667,0
72.43561553955078,1620.16,0.6855528950691223,3.7518115942028984,0.0060629026146267525,0.3423913043478261,55.2,0
8.046295166015625,49.15909090909091,0.6695926785469055,5.3264462809917354,0.021900914310014886,0.37052341597796146,16.5,1
6.622653484344482,46.032222222222224,0.6341750025749207,5.069943289224953,0.024612579762989972,0.3534971644612476,17.633333333333333,1
9.580662727355957,69.70612730517549,0.6412457823753357,5.245033112582782,0.03045894216917061,0.3629139072847682,18.414634146341463,1
13.717944145202637,85.96,0.47658470273017883,4.673076923076923,0.01751459549624687,0.44711538461538464,20.8,0
5.676933288574219,35.47404844290658,0.55649733543396,4.526785714285714,0.019535374868004225,0.35714285714285715,19.764705882352942,1
39.092552185058594,1712.122448979592,0.7907432317733765,3.907473309608541,0.00792507204610951,0.4483985765124555,40.142857142857146,0
33.7857666015625,244.19834710743805,0.6941511034965515,4.53639846743295,0.020338983050847456,0.524904214559387,23.727272727272727,1
27.59200668334961,43.58024691358025,0.588129460811615,4.384288747346072,0.020574534161490684,0.33970276008492567,17.444444444444443,0
24.661535263061523,69.3475,0.5473755598068237,4.902743142144638,0.025535420098846788,0.4688279301745636,20.05,0
27.202884674072266,65.6988888888889,0.5726366639137268,4.163064833005894,0.020202020202020204,0.3791748526522593,16.966666666666665,0
28.471420288085938,60.414930555555564,0.7276302576065063,3.9669902912621358,0.016838882510524303,0.38058252427184464,21.458333333333332,0
10.430651664733887,75.35700197238658,0.666969358921051,4.998062015503876,0.041342866024246194,0.46511627906976744,13.23076923076923,1
53.28697967529297,97.35802469135803,0.6272055506706238,4.213270142180095,0.025686448184233834,0.5118483412322274,23.444444444444443,0
5.147289276123047,82.94749999999999,0.5445564389228821,4.977505112474438,0.014473241332884551,0.26789366053169733,24.45,1
22.614662170410156,74.83870967741936,0.7010000348091125,4.202508960573477,0.01808439383791025,0.35663082437275984,18.0,0
8.437707901000977,83.30193905817174,0.6147242188453674,4.665036674816626,0.01777609682299546,0.4889975550122249,21.526315789473685,0
50.68037414550781,76.58276643990929,0.8044849038124084,4.396088019559902,0.0260507880910683,0.48166259168704156,19.476190476190474,0
25.07013511657715,408.0,0.605924665927887,4.0777777777777775,0.017946877243359655,0.45925925925925926,30.0,0
5.689528942108154,6.076388888888888,0.505808413028717,4.127659574468085,0.012274959083469721,0.35319148936170214,19.583333333333332,1
7.23228645324707,50.204081632653065,0.41874995827674866,5.521472392638037,0.017527675276752766,0.39570552147239263,23.285714285714285,1
9.20160961151123,33.904320987654316,0.6062522530555725,4.951156812339332,0.02028740490278952,0.4961439588688946,21.61111111111111,1
27.064123153686523,36.79673469387755,0.7487208843231201,4.640822784810126,0.029355803207393314,0.4825949367088608,18.057142857142857,0
5.354986190795898,62.4327485380117,0.595310389995575,5.650717703349282,0.028060868351249477,0.19808612440191387,18.333333333333332,1
8.918072700500488,97.1404958677686,0.7052519917488098,5.2444444444444445,0.038670867946147235,0.42962962962962964,16.363636363636363,1
23.941381454467773,57.15234375,0.6059768795967102,4.0490956072351425,0.03624627606752731,0.4263565891472868,24.1875,0
29.770946502685547,86.51795841209831,0.6246953010559082,4.603290676416819,0.035905511811023624,0.42778793418647165,23.782608695652176,0
14.234786987304688,51.25,0.667873740196228,3.9027777777777777,0.011871508379888268,0.3229166666666667,18.0,0
43.91413879394531,202.79338842975204,0.6321160197257996,3.8925925925925924,0.01198501872659176,0.4148148148148148,24.545454545454547,0
11.09626293182373,33.150826446280995,0.5812435150146484,5.133159268929504,0.022462562396006656,0.4856396866840731,17.40909090909091,1
27.76851463317871,19.76,0.5702655911445618,4.578846153846154,0.015905245346869712,0.4,20.8,0
24.419084548950195,45.17977928088288,0.5929363369941711,4.577449947312961,0.022933234695764748,0.3308746048472076,17.90566037735849,0
23.081571578979492,68.11541271000729,0.7353976964950562,4.13345521023766,0.03522099447513812,0.4113345521023766,14.783783783783784,0
8.438944816589355,88.05917159763314,0.6939961910247803,5.157706093189964,0.033979219320415616,0.4551971326164875,14.307692307692308,1
10.636045455932617,71.8409090909091,0.7854419350624084,5.1880877742946705,0.02848722986247544,0.4043887147335423,14.5,1
7.794546604156494,55.69387755102041,0.6178302764892578,4.6506849315068495,0.021352313167259787,0.4897260273972603,20.857142857142858,1
6.288787364959717,66.35204081632652,0.6098262071609497,4.403162055335969,0.016487455197132617,0.4782608695652174,18.071428571428573,1
8.403129577636719,19.22222222222222,0.5546547770500183,5.049568965517241,0.02055033089515848,0.41810344827586204,19.333333333333332,1
16.654787063598633,120.34504132231406,0.7524425387382507,4.6036960985626285,0.021009157838031964,0.3203285420944558,22.136363636363637,0
7.6919403076171875,37.625,0.5517469048500061,5.576704545454546,0.023255813953488372,0.38636363636363635,22.0,1
49.63432312011719,73.18222222222222,0.7594655156135559,4.052631578947368,0.018838304552590265,0.5384615384615384,16.466666666666665,0
7.300010681152344,46.64,0.37452152371406555,5.016949152542373,0.01590594744121715,0.3580508474576271,23.6,1
7.87087869644165,17.8976,0.5214911103248596,5.193423597678917,0.023227383863080684,0.3713733075435203,20.68,1
74.60785675048828,158.50969529085873,0.7248750329017639,4.028368794326241,0.027917620137299773,0.508274231678487,22.263157894736842,0
17.389509201049805,136.69,0.48648449778556824,4.37799043062201,0.022707423580786028,0.4019138755980861,20.9,0
6.861541748046875,112.08999081726354,0.6670514941215515,5.268211920529802,0.026929982046678635,0.38741721854304634,18.303030303030305,1
40.41812515258789,195.84000000000003,0.5790741443634033,4.437984496124031,0.03590785907859079,0.4941860465116279,34.4,0
17.101266860961914,29.704545454545453,0.6429710388183594,4.463414634146342,0.014016820184221065,0.37028824833702884,20.5,0
6.487450122833252,25.346938775510203,0.5532007217407227,4.454545454545454,0.01712583767684289,0.3677685950413223,17.285714285714285,1
9.695611953735352,98.07179752066116,0.7056596875190735,5.710204081632653,0.041593780369290574,0.41496598639455784,16.704545454545453,1
31.464740753173828,91.5,0.7010619044303894,4.488095238095238,0.022292993630573247,0.5178571428571429,21.0,0
31.390268325805664,56.92750000000001,0.8218028545379639,3.933993399339934,0.017716535433070866,0.49834983498349833,15.15,0
6.283331871032715,24.020833333333332,0.5244300365447998,4.7853881278538815,0.013953488372093023,0.502283105022831,18.25,1
21.186248779296875,147.63888888888889,0.4659128487110138,4.495145631067961,0.01733102253032929,0.46601941747572817,17.166666666666668,0
30.517473220825195,0.0,0.0,3.942982456140351,0.0017761989342806395,0.37280701754385964,228.0,0
15.067715644836426,56.62869822485208,0.49238112568855286,5.614991482112436,0.026262626262626262,0.5127768313458262,22.576923076923077,1
15.953840255737305,125.78626543209874,0.6639673709869385,5.246930422919509,0.03771597134428993,0.47885402455661663,20.36111111111111,1
5.196430206298828,44.198347107438025,0.4225367605686188,4.302040816326531,0.01809954751131222,0.3306122448979592,22.272727272727273,1
11.448122024536133,60.61236623067776,0.767656683921814,5.122715404699739,0.03686161449752883,0.4556135770234987,13.206896551724139,1
16.979990005493164,47.18005540166205,0.639609158039093,4.413919413919414,0.023117569352708058,0.46153846153846156,14.368421052631579,0
6.634910583496094,44.48979591836735,0.5831926465034485,4.258064516129032,0.023134328358208955,0.4798387096774194,17.714285714285715,1
7.527575492858887,61.40879017013231,0.6874358654022217,5.223665223665224,0.04036986919260262,0.3852813852813853,15.065217391304348,1
12.115015029907227,73.45659722222221,0.6697384715080261,5.918032786885246,0.044969339086986145,0.47540983606557374,12.708333333333334,1
9.374442100524902,49.4,0.6257632970809937,5.615384615384615,0.021652421652421653,0.38076923076923075,26.0,1
9.334433555603027,118.04581424406496,0.6642760038375854,5.653846153846154,0.031568228105906315,0.38694638694638694,17.510204081632654,1
7.92898416519165,14.404432132963992,0.5883718132972717,4.459546925566343,0.02318840579710145,0.4627831715210356,16.263157894736842,1
18.227970123291016,94.46913580246915,0.5575094819068909,4.4633699633699635,0.020078999341672153,0.38095238095238093,20.22222222222222,0
11.013208389282227,52.759945130315494,0.5697730779647827,5.141221374045801,0.022201946472019465,0.4026717557251908,19.40740740740741,1
23.99235725402832,47.6630859375,0.63730388879776,4.6747352496217855,0.015477439664218258,0.37972768532526474,20.65625,0
16.804784774780273,45.526041666666664,0.7971031665802002,4.157894736842105,0.024568393094289508,0.4631578947368421,11.875,0
32.61879348754883,377.9690082644629,0.4397936463356018,4.753363228699552,0.01329923273657289,0.3572496263079223,30.40909090909091,0
7.487086772918701,22.759002770083104,0.6331638097763062,4.666666666666667,0.029197080291970802,0.48787878787878786,17.36842105263158,1
6.0534820556640625,17.34948096885813,0.43122926354408264,4.9375,0.018685567010309278,0.42578125,15.058823529411764,1
9.643643379211426,49.1308864265928,0.6869820952415466,5.585365853658536,0.030913607507590396,0.4709193245778612,14.026315789473685,1
14.95216178894043,77.29125575279421,0.4826834499835968,4.707342295760083,0.012524601896582574,0.26680455015511895,24.794871794871796,0
22.711450576782227,35.20987654320988,0.7322346568107605,4.285163776493256,0.011347517730496455,0.43352601156069365,19.22222222222222,0
48.05576705932617,103.87603305785123,0.7130638360977173,4.497916666666667,0.013089005235602094,0.49375,21.818181818181817,0
24.16347312927246,1517.4400000000003,0.4937223792076111,4.323529411764706,0.0125,0.44537815126050423,47.6,0
9.49814510345459,79.78670562454347,0.711941123008728,4.827814569536423,0.030845497108234646,0.36258278145695366,16.324324324324323,1
24.79102325439453,64.22485207100593,0.5994584560394287,4.304721030042918,0.02456418383518225,0.3776824034334764,17.923076923076923,0
12.500679969787598,84.58582907231556,0.7497479915618896,5.414872798434442,0.04552086372920922,0.4520547945205479,13.81081081081081,1
9.25854206085205,39.44888888888889,0.4421676993370056,5.195439739413681,0.018031942297784646,0.4201954397394137,20.466666666666665,1
29.933805465698242,525.484375,0.4964744448661804,4.552478134110787,0.016774193548387096,0.37755102040816324,42.875,0
17.102413177490234,86.29061224489796,0.5062996745109558,4.8950471698113205,0.014595660749506903,0.2936320754716981,24.228571428571428,0
5.157728672027588,24.109375,0.4687388837337494,4.866013071895424,0.011532125205930808,0.3660130718954248,19.125,1
12.139623641967773,141.324375,0.7247153520584106,5.763693270735525,0.035913450814186926,0.4788732394366197,15.975,1
7.574284076690674,179.57750000000001,0.5999879240989685,5.389830508474576,0.03822937625754527,0.37409200968523004,20.65,1
19.273235321044922,21.8656,0.5492367744445801,4.674351585014409,0.023703703703703703,0.3688760806916426,13.88,0
38.98115539550781,41.6875,0.581527829170227,4.538732394366197,0.0208078335373317,0.47183098591549294,17.75,0
32.065887451171875,120.80856123662306,0.5930526852607727,4.934579439252336,0.018575851393188854,0.40186915887850466,22.137931034482758,0
8.624628067016602,86.30693877551019,0.6573521494865417,5.204545454545454,0.03357879234167894,0.4034090909090909,15.085714285714285,1
8.829424858093262,22.763313609467453,0.6354720592498779,5.583011583011583,0.018113858539390456,0.4362934362934363,19.923076923076923,1
10.158411979675293,59.98765432098764,0.5782076120376587,5.528388278388278,0.030034129692832763,0.3543956043956044,20.22222222222222,1
71.7343521118164,22.694214876033058,0.6754376292228699,4.306584362139918,0.005784805244890089,0.39300411522633744,44.18181818181818,0
8.462486267089844,153.22444564629532,0.680358350276947,5.267115600448934,0.025462155563306593,0.3344556677890011,20.72093023255814,1
6.086724281311035,30.816326530612248,0.5255424380302429,4.561538461538461,0.01828029790115098,0.4153846153846154,18.571428571428573,1
9.471709251403809,62.31122448979591,0.6212958693504333,4.454545454545454,0.01756511205330103,0.47474747474747475,21.214285714285715,1
12.717435836791992,133.02333333333334,0.7176457643508911,4.951434878587197,0.04706298655343241,0.4392935982339956,15.1,1
15.659255981445312,380.234375,0.41747426986694336,4.579207920792079,0.01197429906542056,0.29372937293729373,37.875,0
7.026859283447266,29.429111531190923,0.4848603904247284,4.678571428571429,0.023465703971119134,0.38865546218487396,20.695652173913043,1
6.419723987579346,20.875,0.4518046975135803,4.991379310344827,0.021052631578947368,0.4224137931034483,14.5,1
6.206191539764404,41.80555555555555,0.5653117895126343,4.629770992366412,0.014009339559706471,0.3931297709923664,21.833333333333332,1
61.08553695678711,92.75555555555556,0.7879563570022583,3.6857142857142855,0.015254237288135594,0.5346938775510204,16.333333333333332,0
16.73933982849121,47.65,0.5066249370574951,4.615384615384615,0.015124555160142349,0.4358974358974359,19.5,0
24.32130241394043,29.08984375,0.6157636642456055,4.285106382978723,0.024124513618677044,0.5319148936170213,14.6875,0
18.8045654296875,36.2962962962963,0.5149465799331665,4.636015325670498,0.012378721980595517,0.41379310344827586,19.333333333333332,0
23.886611938476562,464.0833333333333,0.4332510530948639,4.5549019607843135,0.01818181818181818,0.3627450980392157,42.5,0
6.0830793380737305,125.28395061728394,0.48433250188827515,4.518,0.01814300960512273,0.264,27.77777777777778,1
28.12827491760254,641.8367346938776,0.3692077398300171,3.9572953736654806,0.008528784648187633,0.4306049822064057,40.142857142857146,0
34.17116165161133,80.08264462809917,0.7576301693916321,4.017142857142857,0.027705947543405985,0.41333333333333333,15.909090909090908,0
32.29899597167969,90.74653739612188,0.7201695442199707,4.4072327044025155,0.029370034052213393,0.3577044025157233,16.736842105263158,0
8.466052055358887,28.111768573307035,0.6865662932395935,4.894366197183099,0.02174929840972872,0.4154929577464789,18.205128205128204,1
43.72340393066406,166.0867346938776,0.7566918730735779,4.2586750788643535,0.017605633802816902,0.501577287066246,22.642857142857142,0
24.70504379272461,129.20604914933838,0.678157389163971,3.8845470692717585,0.020625889046941678,0.36589698046181174,24.47826086956522,0
18.84653663635254,196.41493055555557,0.6879337430000305,4.582560296846011,0.030605670103092782,0.4489795918367347,22.458333333333332,0
37.28633117675781,7.937716262975778,0.4864920377731323,5.096273291925466,0.01898101898101898,0.4751552795031056,18.941176470588236,0
6.319591999053955,31.905325443786978,0.5075709223747253,4.48695652173913,0.02089783281733746,0.45217391304347826,17.692307692307693,1
26.46519660949707,945.4740484429067,0.5997099876403809,3.8191489361702127,0.011787280701754386,0.3058510638297872,44.23529411764706,0
16.621349334716797,78.49876543209876,0.7806454300880432,4.168275862068966,0.024765380604796664,0.31724137931034485,16.11111111111111,0
29.585716247558594,68.63905325443787,0.7148869633674622,4.280797101449275,0.012850862360500507,0.391304347826087,21.23076923076923,0
9.565749168395996,51.859375,0.5947057008743286,4.994413407821229,0.020100502512562814,0.42178770949720673,22.375,1
11.266083717346191,74.4589774078478,0.6016302108764648,5.576298701298701,0.023429951690821255,0.3912337662337662,21.24137931034483,1
8.716336250305176,30.678571428571427,0.4552600681781769,4.677966101694915,0.029300962745918795,0.36077481840193704,29.5,1
58.238136291503906,45.10743801652893,0.4506145715713501,4.15234375,0.017870439314966492,0.48828125,23.272727272727273,0
11.871585845947266,203.83234180638186,0.6120406985282898,5.335164835164835,0.05234619395203337,0.4065934065934066,16.930232558139537,1
5.136996746063232,24.2382271468144,0.5142360329627991,5.102137767220903,0.030245746691871456,0.342042755344418,22.157894736842106,1
6.292169094085693,51.34749999999999,0.6335715055465698,5.043408360128617,0.024598653547384774,0.31511254019292606,15.55,1
10.027070999145508,23.207100591715975,0.5166283845901489,4.901818181818181,0.015160703456640388,0.43272727272727274,21.153846153846153,1
24.79959487915039,57.96785975164354,0.6860421895980835,4.406392694063927,0.01662971175166297,0.350076103500761,17.756756756756758,0
36.35683059692383,335.40999999999997,0.7130922079086304,3.7874564459930316,0.015053763440860216,0.42857142857142855,28.7,0
11.315515518188477,88.49305555555556,0.6210475564002991,5.559322033898305,0.0311636089469716,0.45932203389830506,24.583333333333332,1
29.85016632080078,183.49609375,0.4867761433124542,4.3023255813953485,0.017214397496087636,0.266384778012685,29.5625,0
6.768834114074707,36.15972222222222,0.4958565831184387,4.979522184300341,0.022079373951928452,0.37372013651877134,24.416666666666668,1
23.390504837036133,107.39612188365649,0.4638061225414276,4.166666666666667,0.010952380952380953,0.31094527363184077,21.157894736842106,0
10.543582916259766,113.00692041522493,0.7384800910949707,5.102822580645161,0.037131069501745474,0.4959677419354839,14.588235294117647,1
85.14620208740234,17.895691609977323,0.7371113896369934,4.790393013100437,0.01628423390081421,0.6419213973799127,10.904761904761905,0
12.420136451721191,53.916666666666664,0.637488067150116,5.468027210884354,0.03209977509711715,0.4530612244897959,24.5,1
16.42731475830078,38.87277051129607,0.6844120025634766,5.468809073724008,0.024857142857142855,0.504725897920605,18.24137931034483,1
5.361715316772461,43.52888888888889,0.3619643747806549,5.274647887323944,0.02585258525852585,0.40492957746478875,18.933333333333334,1
15.182186126708984,159.36111111111111,0.6392945647239685,4.359882005899705,0.012944983818770227,0.3893805309734513,18.833333333333332,0
6.809366226196289,17.59171597633136,0.5566192269325256,4.563265306122449,0.024991074616208496,0.3673469387755102,18.846153846153847,1
14.956244468688965,43.92899408284024,0.588178813457489,5.585774058577406,0.026022304832713755,0.6317991631799164,18.384615384615383,1
38.55320739746094,64.36686390532545,0.6040832996368408,4.524137931034483,0.012954966070326958,0.5275862068965518,22.307692307692307,0
7.4047956466674805,40.99173553719008,0.5631011724472046,4.678571428571429,0.017170329670329672,0.49206349206349204,22.90909090909091,1
34.28116226196289,62.66322314049585,0.8210025429725647,4.138138138138138,0.02004581901489118,0.5255255255255256,15.136363636363637,0
5.033478260040283,35.109375,0.5332563519477844,3.995145631067961,0.018147086914995225,0.3640776699029126,12.875,1
19.451066970825195,51.61814744801512,0.6100814938545227,4.106145251396648,0.017979144192736426,0.3128491620111732,23.347826086956523,0
9.136641502380371,50.074374999999996,0.57764732837677,5.769038701622971,0.0237538240057585,0.3707865168539326,20.025,1
6.681131362915039,39.0315500685871,0.5743094086647034,5.113382899628252,0.015242080095636582,0.3587360594795539,19.925925925925927,1
5.936832427978516,31.90234375,0.5012206435203552,5.087671232876712,0.01723376049491825,0.35342465753424657,22.8125,1
18.03272819519043,21.947755102040816,0.589025616645813,5.030120481927711,0.020221787345075015,0.39759036144578314,14.228571428571428,0
7.727627754211426,125.8115234375,0.6376960277557373,5.0912343470483,0.029863481228668942,0.4275491949910555,17.46875,1
