full_text,label,word_count,stability
"When one thinks of transportation, the first idea that springs into a persons mind would be a car. A car is used almost daily for many people. It helps us get to point A to point B rain or shine. However, complications arise from the use (or overuse) of cars. The advantages of limiting car usage includes reduction in pollution, promote public transport, and cut off traffic. Pollution has become a growing problem as the world continues to industrialize. The greenhouse gases emitted by machines, such as cars, have been proven detrimental to the enviornment. In car-dense citites, smog, a mixture of smoke and fog, has become a nuisance as it covers cities. In extreme cases,it makes the air citizens breathe toxic! According to Source 1, "" Passenger cars are responsible for 12 percent of greenhouse gas emission in Europe... and up to 50 percent in some car-intensive areas in the United States."". To establish limits to car usage would then, therefore, reduce the emission of greenhouse gases in the atmosphere and clear up conditions not only for the world, but make the over-all city more enjoyable to live in. In order to reduce pollution and clear the air, Paris enforced a partial driving ban to clear the air of the international city. Source 2 states that "" The smog cleared enough Monday for the ruling French party to rescing the ban..."" proving that limiting car usage benefitted the city and the enviornment as well. Reduction of car usage would lead to the promotion of public transportation. Public transport was free of charge during the ban in Paris which stated was a success in reducing pollution. Limiting car usage would then correlate in the promotion of public transport which, according to Source 4, ""...public transportation traffic are woven into a connected network to save time, conserve resources, lower emissions [of greenhouse gases] and improve safety"" This not only benefits one's safety and environment but allows time-efficient traveling as buses and other public transport run along a contiuous schedule. Public transport also produces carpooling, which allows the reduction of cars on the road. This also eliminates a distributor in the production of greenhouse gases within the atmosphere which benefits the world. Limiting car usage will take one annoying factor from our daily lives-- traffic. As a suburban citizen living in Florida, traffic has become a daily nuisance of mine, one that not only is frusterating but stressful. It wastes time that I need to invest in being somewhere of importance. Residents in Vauban, Germany have given up their cars in their experimental new district near the French and Swiss borders. 70 percent of Vauban's families do not own cars, and 57 percent sold a car to move there. Heidrun Walter, a media trainer and mother of two says "" When I had a car I was always tense. I'm much happier this way."" In Paris, ""congestion was down 60 percent in the capital of France, after five-days of intensifying smog..."" during their ban in response to reduce pollution. This would make the lives of many citizens much more happier and time efficient as there are no worries about arrving late to an area of importance! Limiting car usage in many large cities accross the globe is not impossible, it has been done successfully in globally impactful cities such as Paris. This reduction of cars will not only benefit a community or a city, but the whole world! It will reduce pollution, promote the usage of public transport and carpooling and cut down on the rush-hour traffic leaving condtions in cities much more enjoyable to live in.",0,605,8.4662424e-05
"The way students and scholars interpret the materials they work with in their academic fields is undoubtedly a multifaceted and complex process. It is a combination of both training and personality that shapes the way in which scholars interpret their materials. I agree with the statement that different interpretations come about when people with different personalities look at the same objects, facts, data, or events and see different things. This is because our personalities influence the way we think, which affects the conclusions we draw from our research. One of the strongest examples of this is in the field of the humanities. As human beings, we are inherently a subjective species; we all have our own thoughts, beliefs, and preconceived ideas which shape how we interpret our research. As scholars, this has the potential to be both beneficial and detrimental. Personally, I believe it is beneficial because it allows us to add a unique perspective to our work. For example, when I was researching women's literature in the Victorian era, I found that my own experiences as a woman allowed me to understand the text in a deeper and more meaningful way. If everyone read the same exact text, it is likely that there would be very little variation in our interpretations. On the other hand, there is a potential for our subjective interpretations to lead us astray. Because we are influenced by our own backgrounds and experiences, we may draw conclusions from our research that are not necessarily based on the evidence. This can be seen in the field of history, where scholars with different political or religious beliefs often look at the same source material and come to very different conclusions about the events that occurred. That being said, it is important to note that training and education still play a large role in the interpretation of research materials. While personality is certainly a factor, it cannot be the only factor. Scholars need to be well trained in their respective fields in order to draw meaningful conclusions from their research. For example, in the field of biology, it is necessary to have a strong understanding of the scientific method in order to draw meaningful conclusions from experiments. Without an in-depth knowledge of the scientific process, it is unlikely that one would be able to draw accurate conclusions from their research. In conclusion, while personality does undoubtedly play a role in the interpretation of research materials, training and education are also important factors in how scholars interpret their work. Our personalities shape the way we think, which in turn affects the conclusions we draw from our research. However, without a strong foundational understanding of the academic field in which one works, their interpretations are likely to be inaccurate.",1,459,3.8163049e-07
"Dear principal, I think that all the students in the school should do community service at school and at home. helping the community is very important, in fact i did community service when i was in elementary school. In the sixth grade i was in a girls club and every Friday we would go to the Ronald McDonald house and help out with the planting and the cleaning. After it was all over we would get rewarded with a treat and a prize so that we wouldn't feel like we did it for nothing. You should tell the kids that helping the community is very fun and it keeps you community clean so that it wont be looking nasty and filthy. On a personal note I would enjoy helping the kids with the gardening and the and the cleaning because it will help them see that even older people can do it to. Helping the community is very important because it helps the community look like new. If you keep the earth looking filthy the that will start pollution and that is very bad for the community. It will start to get foggy all the time and the earth will start to stink and it will mess up the roads and the grass. I don't think the kids would want that will they? Sometimes you have to get off your back and clean up. it will be a great experience for the kids because it will help them realize that helping isn't such a bad thing and it will make things a lot better for them. You should go for the chance and see what will happen if you make a right decision. My mom always says that helping is a nice way to winning someone's respect and attention. My mother is a wise women and she always knows what to say. In fact everyone's parents are very wise and intelligent it's just that the children don't see it yet. The children are so caught up in video games and T.V. that they don't realize what they should do at home and in the community. So take the chance and try to see if they will help out or cop pot on what they're suppose to do. Just take my advice: "" There is no way out on what u do in life"".",0,393,1.3034195e-07
"Phones and driving Cell phones! Almost everyone has a smart phone these days. You could say it's required in life now. They are also a big distraction, phones and driving do not pair together. There is to much going on with phones for you to be focused on the road and a screen at the same time. One reason is there is alot of teen drivers and most of them can't focus on two things at once. There would be way more distractions and accidents. It would peoples lives in great danger. Most teen already use their phones while driving, there should be stricter laws to prevent this Texting and driving should be a serious crime. It should be as punishable as being intoxicated and driving. It is very unsafe once again. Cell phone use while driving has become a leading cause of vehicle crashes over the last two decades. A way to prevent this is making cell phone companies come up with a way to lock the phone when a user is moving too fast. It would help prevent car crashes and save lives.90 percent of drivers said they used their smartphones while on the road, according to a survey by the Ny Post. In conclusion, phones and driving should be highly illegal and should not be tolerated at all. Statistics show that phones are a cause of most car crashes these days. Phones may be one of the most important items, they can save lives but also end them. Don't let your phone control you.",0,257,5.0106813e-10
"Dear senator, Many say that the Electoral College so not be used anymore, but some will come back and argue that it should be used. Many people dislike the Electoral College because the say it is unfair or irrational. The Electoral College is way different than popular vote. Popular votes are actually done by the people and they pick who they want for president, but the Electoral College is done by a person picking someone of their state's goverment and then leaves it to them to pick their president. Te electorial votes are unfair because it deoends on how big a state's population is. Some states only have 3 Electoral votes, but if that state used its popular votes it would A LOT more than just three votes to one president. Many people on the other hand do like the Electoral College. They like the Electoral College because the stae will have voted and not leave it to the people to. In 2012 only about one-half of elgible voters did vote. The Electoral College is said to be the most effecient way of voting by some people. People like the Electoral College more than popular voting is because in popular voting you will have certain people ote for cerain people not the best candidate, but in Electoral voting the person has nothing to do with the outcame so there will be no arguing on whos fault it is. The Electoral College NEEDS to stay. If we get rid of the Electoral College the amount of votes in popular voting would be low to determine who they should pick. The Electoal College is the biggest reason we do so well on presidental winners. From, The People",0,285,1.422278e-07
"""Driverless Cars Are Coming"" is a great article and makes a lot of great points about this product. My opinion on driverless cars is I think it's a great idea. Also there could be a down side to this product as well. A public-transportation taxi system that use half the fuel of today's taxis would be a great idea. It would be great for the environment, as well as us as people. This system woul for sure change the world. The Google cars that work independantly have driven half a million miles withough a collision. Which is great because there goes a lot of injured people and totalled cars that people need as transportation. At the same time, these cars still need a human to operate them under certain conditions such as, puling in and out of places, driving through construction places or car accidents. The idea of the cars running on a track is a grea tidea as well, but there is just no time to fix all these roads to make our cars driverless. Also the cost of this would be too expensive. Also if the car could opperate on its own, I would think that the driver would be even more careless than they already are and would pay even less attention. If the car would still need the driver to be alert in case of needing to take over, drivers would just be more tempted to look away and do other things while driving, and then if the car needed the driver to take over they will have already crashed because the driver was distracted by something else. In my opinion driverless cars is a goof idea in some ways, but in other ways they are dangerous. They are nice to have, but only if you are able to be responsible with them. You need to be able to have self dicipline to be able to operate a car like this and stay alert even if the car is driving for you. Anything can happen in a split second. A plus side to them would be if you are someone that works in the city and always has to sit and wait in rush hour, then this would be a good car for you to have. The car would drive for you in this mess, so you wouldn't get so tired of it. But something that I would worry about personally is trusting the car to do it's job. It is a machine, it could malfunction and make a mistake. Like if it doesn't stop when the rest of the traffic does and it rear-ends someone. Or it doesn't go when the rest of the traffic does and someone rear-ends you. It could be dangerous, and the car messing up like that would't be the buyers fault, it is just still something I would worry about as a driver of a driverless car. The points made in this article are very helpful to understand the progress being made with driverless cars. They would definitely benefit us in the future, and make car pileups a thing of the past.",0,522,8.863956e-08
"A lot of people don't know that this techonolgy nowadays could determine the way you feel, it could determine the emotions that peope feel. It also shows the emotions or feelings of others. People probably think that this some type of joke or laugher kind of way when its not there really is techonology nowadays that could detect it. There's probably many ways people can detect to read the emotional expressions of students. Some ways that you probably didn't even know of. A lot of people wonder how this works they don't really know that one easy way to show emotion or to show how you feel is by looking at them and looking at their actions. Once you have already seen them and that they are feeling some kind of way that's when you realize that there is something going on or that their sad or happy or that they are just going through stuff. People know that by the facial expressions on their face. They say that us as humans perform the same impressive ""calculation"". Some people struggle or have trouble actually describing each facial trait that conveys happy, worried,sad,etc. This would be one easy way students can detect emotions. Parents probably disagree about using technology when showing their emotions. Not just parents but maybe some students wouldn't like it either but if they think about it instead of waisting your time just guessing what their emotions are you would know if they use the proper techonology. They had made a process that began when the computer constructed a 3-D computer model of the face and it showed that all 44 major muscles in the model must move like human muscles. Another interesting thing that they discovered was that Dr. Paul Eckman was the creator of FACS (Facial Action Coding System). He had classified six basic emotions- happiness, surprise, anger, disgust, fear, and sadness. It also associated each with characterestic movements of the facial muscles. They invented somethIng else called video imagery, the new emotion software is that they track facial movement. As you can see its so easy to see their emotions or how they feel. They even show different weighting of units. The author says that the Mona Lisa demonstrates is really to bring a smile to peoples face while it shows how much the computer can do. It would be really strange if a computer can tell you if your happy or sad. In my opinion parents and students should get the idea of using techonology its way easier to detect peoples emotions instead of just guessing or thinking you know how they feel. They shouldn't have a problem trying to make the place better.",0,450,7.696122e-08
"As a student in the digital age, I have become increasingly reliant on online banking to manage my finances. With the rise of digital technology, online banking has become a convenient and efficient way to access and manage my financial resources. In this essay, I will discuss my experience with a learning launch challenge involving online banking, using a specific use case to illustrate the benefits and challenges of this technology. First, let me introduce myself using the personal information identifier (PII) provided: - Felicia Flores: John Doe - victoria18@gmail.com: [johndoe@university.edu](mailto:johndoe@university.edu) - kaitlynwest: johndoe123 - 599-ELM: 123456789 - 268.770.4796x66829: 555-555-5555 - http://facebook.com/thomas61: <https://personal.site/johndoe> - USCGC Simmons FPO AA 96205: 123 Main Street, Anytown, USA Now, let us move on to the learning launch challenge use case. As part of a university course, I was tasked with managing a simulated online bank account for a hypothetical small business. The objective was to learn about various online banking features and tools, including account management, bill payment, and fund transfers. I was provided with a user name, password, and a starting balance to begin the challenge. One of the first challenges I encountered was navigating the online banking platform. Although I had used online banking before, this platform was different from what I was used to. Fortunately, the platform provided clear instructions and tutorials to help me get started. I was able to link my bank account to the platform, set up account alerts, and initiate fund transfers within a matter of minutes. The learning launch challenge also required me to pay bills online. To do this, I needed to add payees to my account, such as my utility company and cell phone provider. This process was straightforward, and I was able to set up recurring payments to ensure that my bills were paid on time. One challenge I encountered was ensuring that I had enough funds in my account to cover my bills. To mitigate this risk, I set up account alerts to notify me when my balance fell below a certain threshold. Another feature of the online banking platform that I found useful was the ability to transfer funds between my accounts. For example, I was able to transfer funds from my checking account to my savings account to earn a higher interest rate. I was also able to initiate wire transfers to outside banks. However, I found that wire transfers incurred a fee and took several days to process. Overall, the learning launch challenge was a valuable experience that taught me about the benefits and challenges of online banking. One of the benefits of online banking is the convenience it provides. I was able to manage my finances from anywhere with an internet connection, which saved me time and effort. Additionally, online banking offers a wide range of features and tools, such as account alerts and fund transfers, that make it easier to manage my finances. However, there are also challenges associated with online banking. For example, online banking can be vulnerable to security threats, such as phishing scams and identity theft. To mitigate these risks, it is important to use strong passwords, enable two-factor authentication, and regularly monitor your account activity. Another challenge is that online banking can be overwhelming for some users, as there are many features and tools to navigate. In conclusion, my experience with the learning launch challenge involving online banking was a valuable one that taught me about the benefits and challenges of this technology. Online banking provides a convenient and efficient way to manage finances, but it is important to be aware of the potential security risks and challenges associated with it. By using strong passwords, enabling two-factor authentication, and regularly monitoring account activity, individuals can mitigate these risks and take full advantage of the benefits of online banking. References: 1. ""What is Online Banking?"" Federal Deposit Insurance Corporation, FDIC, <https://www.fdic.gov/resources/resolutions/bank-failures/failed-bank-list/acquisitions/swnb/what-is-online-banking.html>. 2. ""Online Banking Security,"" Kaspersky, <https://usa.kaspersky.com/blog/online-banking-security/>. 3. ""Online Banking Tips,"" American Bankers Association, <https://www.aba.com/consumers/pages/online-banking-tips.aspx>. 4. ""Online Banking Risks and Benefits,"" Federal Trade Commission, <https://www.consumer.ftc.gov/articles/0017-online-banking-risks-and-benefits>. 5. ""How to Protect Yourself from Online Banking Fraud,"" Fraud.org, <https://www.fraud.org/information-for-victims/how-to-protect-yourself-from-online-banking-fraud>.",1,682,0.0035674411
"Innovation Visualization Challenge: A New Perspective The Innovation Visualization Challenge is a competition that encourages students to use visualization tools to demonstrate their innovative ideas. In this essay, I will discuss the benefits of this challenge and how it can help students develop their creative problem-solving skills. I will also provide some examples of successful visualization tools that can be used in this challenge. The Innovation Visualization Challenge is an excellent opportunity for students to showcase their creativity and innovation. By using visualization tools, students can create a clear and concise representation of their ideas. This can be especially useful for complex concepts that may be difficult to explain through written or verbal communication. The challenge also provides students with a unique platform to demonstrate their skills and knowledge to a wider audience. This can be an invaluable experience for students, as it allows them to receive feedback and critiques from experts and professionals. One of the primary benefits of the Innovation Visualization Challenge is that it helps students develop their creative problem-solving skills. In today's world, innovation is essential for success. By encouraging students to think creatively and develop innovative solutions, the challenge prepares them for the demands of the modern workforce. Moreover, the challenge fosters a culture of innovation, which is vital for driving progress in any field. There are several visualization tools that can be used in the Innovation Visualization Challenge. One such tool is Tableau, which is a data visualization software that allows users to create interactive dashboards and charts. Tableau is an excellent tool for data analysis and can help students identify patterns and trends in complex data sets. Another visualization tool is Sketch, which is a vector-based design tool that allows users to create high-fidelity designs quickly. Sketch is ideal for creating user interfaces, prototypes, and wireframes. Other examples of successful visualization tools include D3.js, which is a JavaScript library for creating data visualizations, and Processing, which is a programming language for artists and designers. These tools can be used to create complex and interactive visualizations that would be difficult to achieve using traditional methods. To participate in the Innovation Visualization Challenge, students must first select a problem or challenge that they would like to solve. They must then use a visualization tool to create a clear and concise representation of their solution. Students are encouraged to be creative and innovative in their approach, and the best entries will be showcased at a public exhibition. In conclusion, the Innovation Visualization Challenge is a valuable opportunity for students to develop their creative problem-solving skills. By using visualization tools, students can create a clear and concise representation of their ideas, which can be an invaluable experience for them. This challenge prepares students for the demands of the modern workforce, where innovation is essential for success. I encourage all students to participate in this challenge and demonstrate their creativity and innovation. As a student at the university, I am excited to participate in the Innovation Visualization Challenge. I am confident that this challenge will help me develop my creative problem-solving skills and prepare me for the demands of the modern workforce. I am particularly interested in using visualization tools such as Tableau and Sketch to create interactive dashboards and prototypes. I believe that these tools will help me to communicate my ideas more effectively and efficiently. In conclusion, the Innovation Visualization Challenge is an excellent opportunity for students to demonstrate their creativity and innovation. I encourage all students to participate in this challenge and take advantage of the opportunity to develop their creative problem-solving skills. I look forward to creating my visualization and showcasing my work at the public exhibition. References: * Lindeman, S. (2016). Data Visualization with Tableau: A Guide to Data Science and Self-Service Business Intelligence. Packt Publishing. * Allen, C. (2018). Sketch: The Definitive Guide for Designers. O'Reilly Media. * Bostock, M., & Others. (2021). D3.js: Data-Driven Documents. * Reas, C., & McWilliams, B. (2018). Getting Started with Processing: A Guide to Interactive Software Sketchbook. CRC Press.",1,673,0.00830073
"Advertising is a powerful tool used by companies to persuade people to purchase their products. It is no secret that advertisements often make products seem much better than they really are. While this can be beneficial for companies, it can be detrimental for consumers who may be misled into buying a product that does not meet their expectations. One of the most common ways that advertisements make products seem better than they really are is by using exaggerated claims. Companies often make claims that their product is the best, most effective, or most innovative on the market. However, these claims are often unsubstantiated and are simply used to make the product seem more attractive. For example, a company may claim that their shampoo is the best on the market, but without any evidence to back up this claim, it is impossible to know if this is true. Another way that advertisements make products seem better than they really are is by using attractive models or celebrities to promote them. By using attractive people to promote their products, companies can make them seem more desirable and appealing. For example, a company may use a famous actor to promote their new phone, making it'seem like the phone is something that everyone should have. However, the phone may not be any better than other phones on the market, but the use of a celebrity makes it'seem more desirable. Finally, advertisements often make products seem better than they really are by using clever marketing techniques. Companies often use catchy slogans and clever visuals to make their products seem more attractive. For example, a company may use a catchy slogan such as ""the best thing since sliced bread"" to make their product seem more desirable than it really is. In conclusion, it is clear that advertisements often make products seem much better than they really are. Companies use exaggerated claims, attractive models, and clever marketing techniques to make their products seem more desirable than they really are. While this can be beneficial for companies, it can be detrimental for consumers who may be misled into buying a product that does not meet their expectations.",1,359,6.4172406e-07
"Melissa Anderson Applying the Design Thinking Approach to Address Homelessness: A Reflection The complex challenge of homelessness is a pressing issue that demands innovative and effective solutions. In an attempt to contribute to addressing this issue, I applied the Design Thinking approach, a problem-solving methodology centered on empathy, experimentation, and iteration. As a student of social work, I sought to explore the potential of Design Thinking to create sustainable and human-centered interventions for homeless individuals. The Design Thinking process comprises five stages: Empathize, Define, Ideate, Prototype, and Test (Brown, 2008). To commence, I immersed myself in the context of homelessness to empathize with those experiencing it. I conducted interviews and participatory workshops with homeless individuals, volunteers, and support service providers. These activities helped me understand the multifaceted nature of homelessness, including its underlying causes and consequences. During the Define stage, I synthesized the insights gathered from the Empathize stage. I identified patterns and opportunities for intervention, focusing on the specific challenges faced by the interviewees. The Define stage led to the formulation of a problem statement: how might we design sustainable interventions that address the immediate needs and long-term goals of homeless individuals? During the Ideate stage, I generated a wide array of potential solutions. I engaged in brainstorming activities, both individually and collaboratively, fostering creativity and open-mindedness. I drew inspiration from existing initiatives and the experiences of those affected by homelessness. The resulting ideas spanned from enhancing access to employment and education opportunities to improving outreach strategies and the coordination of support services. In the Prototype stage, I translated the most promising ideas into tangible artifacts—for instance, a mobile app that connects homeless individuals with available resources and a mentorship program that supports their reintegration into the workforce. By creating a low-fidelity representation of each solution, I was able to visualize and refine them further. Finally, during the Test stage, I evaluated the feasibility, desirability, and viability of the prototypes through role-playing activities and simulations. These assessments provided valuable feedback, elucidating the strengths and weaknesses of each solution. Applying the Design Thinking approach has been an enlightening experience, highlighting the benefits and limitations of the methodology. The approach's emphasis on empathy facilitated a deep understanding of the complexities of homelessness, allowing for the development of more nuanced and person-centered interventions. Further, the non-linear nature of Design Thinking supported the iterative and adaptive refinement of the solutions. Despite its strengths, Design Thinking is not without its drawbacks. The approach may overlook broader structural issues, as it predominantly focuses on individual experiences. In addressing homelessness, for example, Design Thinking might neglect the systemic causes that perpetuate the issue. Consequently, it is crucial to integrate Design Thinking with other methodologies—such as Systems Thinking—to ensure that solutions address both the immediate needs of homeless individuals and the underlying societal factors. Additionally, Design Thinking may inadvertently reinforce existing power dynamics. As I engaged with various stakeholders, I perceived that certain voices carried more weight than others. Consequently, marginalized perspectives could become sidelined and invisible within the Design Thinking process. It is essential to cultivate a truly inclusive environment—where all participants have equal opportunities to contribute and drive the process. In conclusion, my experience applying Design Thinking to address homelessness has demonstrated the potential of the approach to generate innovative and human-centered solutions. However, the limitations of Design Thinking call for its integration with complementary methodologies and the deliberate adoption of inclusive practices. Applying this interdisciplinary and collaborative approach will help ensure that the resulting interventions are sustainable, equitable, and capable of effectively addressing the challenge of homelessness. For more on my background and experiences, feel free to visit http://youtu.be/ericjenkins. References: Brown, T. (2008). Design Thinking. Harvard Business Review, 86(6), 84-92.",1,616,0.038553346
"Most may argue that one of the most important influences in a student's life is the role of a teacher. Teachers educate students on a daily basis how to be a porsperous individual and a good human being in life. Students often tend to utilize teachers as a support system in times of distress as a result of unhappiness and conflict in ones home. These educators are assigned with the imparative task of educating the next generation and future posterity on how to be the best of themselves to their ability. Teachers and students spend nine months out of the twleve months every year educating them on core and creative subjects such as art, science, music, and etc. The other three months belong to students being on break with no supervison or productivity in education. So during these three long months students are issued a summer project to keep them productive. Although some may argue that a teacher issued summer assingment limits the students ability to expand ones creativity, a teacher issued summer project is a more effective way to keep students productive as a result of students being irresponsible, oppertunity to seek help amongst classmates, and teachers having the best interest of a students education. During summer break students have the tendency to be and make irresponsible decisions as a result of not having adult supervision. Students take summer break as a time for vacation, video games, spending time with peers, and other lesiure time. If students were given the oppertunity to design their summer project and spend time working on it rather than playing video games or going shopping at the mall; most students would take advantage of the situtation and not complete the assignment at all or put little to no effort into it. Since the majority of students want to be enjoying their summer vacation doing their favorite leisure activites before school starts in septemberthe majority of students will decide not to complete their assignment. For example, Generic_Name who is a high school student at Generic_School would rather play video games all day than stress himself on completing a project that he has to design himself without knoweledge of the teacher's grading rubric or set of directions to follow. Students cannot not be trusted with the task of completing a student designed project during summer break with all of the tempting distractions that surround them. Even though students could take advantage of the oppertunity by taking initiative on task assigned to them, allowing a teacher to issue the project would strike urgency and clarification for a student to complete this task. As a result of having a teacher issued project students can seek help amongst peers. Peers and classmates can assits other students on the project if help is needed. Due to students having teacher designed projects, students may ask for assitance from fellow classmates for justification or clarity on ones liablities. For example, Generic_Name a high school student at Generic_School is having trouble with understanding the grading rubric; one of Generic_Name classmates named Generic_Name helps her by explaining the rubric thuroughly to her. Because students and other classsmates were issued the same project, they are now given the oppertunity to ask for help from classmates in order to increase their knowledge project score. Although critics may argue that individuality can be benefical to ones work ethic, working with others can broaden ones perspective seems to outweighs those critics. A project designed by teachers is suited to help a student perform at the best of his or her abillity. Teachers have the best interest in what students need in order to suceed. As an influence in student lives, teachers and professors give students loads of work and tasks to challenge a student mentally in order to enchance ones ability to think critcally. If teachers do not challenge students, then students will become complacent with their detriorating work ethic and obtain a minimum level of critical thinking. This will result to students conforming with the unchallenging tasks and lead to failing grades. For example, Mrs. Generic_Name a teacher at Generic_School giving her students answers to the quiz before handing out the exam does not challenge students to critically think when taking Mrs. Generic_Name exam leading to the students recieveing failing grades as they progress to more complex levels of education such as IT, computer systems, and etc. These educators are assigning students these task in order to set them up for sucess in the future by challenging them now so the more complex assignments in the future becomes easier to them. Some may argue that teachers give an excessive amount of uncessary workload; however, the intention of challenging to stundents to be capable of critically thinking is seems to overpower the argument. Most may argue that a teacher designed summer project is more benefical to keep students productive because the incapablity of students staying focus , assitance amongst peers, and in favor of students benefiting from completing task. Students cannot not be trusted completing task that interfere with them doing leisure activites as a result of many distractions. Working with others can expand ones knowledge to many perspectives and provide a social interaction with others which, enhances ones ability in teamwork. Teachers encourage challenging student because it allows students to think quickly and efficently eventually acting as a benefit to ones strengths. Teachers educate future generations to come so their role in each indivdual students lives are meaningful. As a result of a teachers great influence over a student these connections should be valued.",0,927,6.8775954e-08
"Many around the world are limiting car usage and beginning to use other sources of transportation. Cars cause polution and tension to people everywhere. If citizens begin to limit car use and walk, bike or use public transportation instead, people will be much happier and the environment will be too. Citizens of America and Europe are already trying to cut down on driving and limit the excess polution to our environment. ""Congestion was down 60 percent in the capital of France, after five-days of intensifying smog..."" (Duffer, 14). Cars cause a great portion of polution to our environment. If citizens of countries around the world limit car usage, then the envirnment we live in will become more safe and less poluted. ""Passenger cars are responsible for 12 percent of greenhouse gas emissions in Europe... and up to 50 percent in some car-intensive ares in the United States,"" (Rosenthal, 5). Since most cars use gasoline and diesel, they are emitting poisonous gases into the air, this could cause smog. By limiting car usage there will be a positive outcome on our envirnoment. ""It will have beneficial implications for carbon emissions and the envirnoment, since transportation is the second largest source of America's emissions, just behind power plants,"" (Rosenthal, 34). In Bogota, Columbia, there is a day set to be car-free, which allows millions to use sources of transportation other than cars. ""Millions of Columbians hiked, biked, skated or took buses to work during a car-free day yesterday,"" (Selsky, 20). By walking, biking, or using public transpotation citizens around the world and even in America, can get around using a car. When driving to work, you can encounter traffic jams, or wrecks, but by using a bike or by walking, you can bypass the stress. ""When I had a car I was always tense. I'm much happier this way,"" (Rosenthal, 3). If fellow citizens around the world limit the use of cars, then our environment will be less poluted as well as, less stressful. ""It's a good opportunity to take away stress and lower air pollution,"" (Selsky, 24). Even young people are limiting the usage of cars. ""A study last year found that driving by young people decreased 23 percent between 2001 and 2009..."" (Rosenthal, 41). Take the initiative, and decrease polution and stress by limiting the use of cars.",0,388,6.263215e-05
"In the past two decades, we have seen a dramatic increase in the number of cars on the road. In fact, there are now more cars in use than there are people on the planet. However, this trend is not sustainable and we are already starting to see a decline in the number of cars in use. In the next twenty years, we will see a further decline in the number of cars in use, for a number of reasons. First, the cost of owning and operating a car is becoming increasingly expensive. The price of gasoline has more than doubled in the past ten years, and the cost of maintenance and repairs is also on the rise. As a result, many people are choosing to use public transportation or car-sharing services instead of owning their own car. Second, the advent of self-driving cars will also have a major impact on the number of cars in use. Self-driving cars will be much more efficient than human-driven cars, and they will also reduce the need for parking spaces. As a result, we will see a decrease in the demand for cars. Third, the increasing awareness of the environmental impact of cars is also leading to a decline in the number of cars in use. More and more people are choosing to walk, bike, or take public transportation in order to reduce their carbon footprint. As a result, we will see a decrease in the number of cars on the road. In conclusion, the number of cars in use is likely to decline in the next twenty years for a number of reasons. This decline will have a number of positive impacts, including reducing traffic congestion, saving money, and reducing the environmental impact of transportation.",1,293,4.4996776e-07
"Humans are so diverse. Some may be similar, but none are the exact same. Students are no different, even though they may be learning the same information, the way students understand and learn that information can be vastly different. Teachers help students learn materials through a variety of methods, like projects and tests. Schools that require students to complete summer projects should make the projects student designed, proving that there are many different ways of learning. Depending on the student, some methods of learning are incredibly more beneficial than others. When I learned vital concepts such as multiplication, the way my teacher taught was through constant out loud repetition of the material, which helped my classmates along, but not me. I needed to see the problem worked out and look at the numbers because I had trouble picturing all the math and numbers in my head. Not being able to understand that basic concept of multiplication was detrimental to my math abilities and led the following years of my math career to be absolutely exhausting. This same scenario could take place involving summer projects. A teacher could give a student a summer assignment to help them learn about a concept in that class, but if the design of the assignment was difficult for the student to understand, it could be more hurtful than helpful. The entire reason teachers and schools assign projects over the summer is to assure that students will continue to learn during their break, but how are the students supposed to learn if they can't understand or have trouble with the assignment? Projects are meant to provoke students to think, and having students design the project themselves is a great way for them to think more and therefore learn more. If students designed a summer project, they would have to think about what to do since they most likely won't have as many guidelines that a teacher typically would give. This allows students the opportunity to be creative and think outside the box. Students could then potentially learn a lot about themselves and not just whatever the subject of the project is. If the student creates the project themselves, it seems more likely that they would actually enjoy the project. And if they enjoyed doing the project, they will remember it more. I don't remember the material from my psychology summer assignment this year. All we had to do was research and write about a basic concept from psychology. I do, however, remember the Latin project I did in seventh grade. I think this is because I was allowed to do the project on anything related to Latin that I wanted. All my teacher asked of us was that the project was somehow Latin related. I decided to do my project on ancient roman customs, specifically the different rituals performed as a person reaches certain ages. From that project I remember things like that at six months old a young roman boy gets a round pendant called a bulla to protect them from evil spirits and when they reach age twelve the receive a new type of toga and more. I could not tell you about the five methods of observation used in psychology, which is what my summer assignment this year (11th grade) was about. Some may argue that having students design summer projects is a bad idea because the typical student is lazy and will make an easy project design so that they won't have to actually learn anything. If this is true, having a teacher designed project does not change that situation. The reality is that if a student is lazy and doesn't want to learn, they will not learn. For my psychology summer assignment, I was lazy during the summer and did not want to do it, but eventually I did it the day before they school year started and learned nothing because it was boring and I wanted to get it over with. However, if the assignment was to research anything I wanted about psychology, perhaps it could have turned out like my 7th grade Latin assignment and I would've actually learned something. From personal experience I can say that the best way to combat an apathetic student is to gain their interest somehow, which could be done by allowing them the freedom to design their own project. For example, I loved reading Frankenstein in English, but after having to write so much about it I no longer like it and don't really remember much of what happened. Even if a subject is interesting, the desire to do a project on it can be crushed by the formatting of the project. Allowing students to do whatever format they want could make students gain interest and want to learn more about a subject compared to doing something they don't want, like writing an essay, which may make them harbor resentment toward the subject instead. If a school decides to assign a summer project, the students should be the ones to design them, which shows that there are many ways people learn. By understanding that some children need to be taught in different ways, people can better educate the youth of America. Improving the way the people are educated can give society more informed citizens who are confident in their abilities and work better and smarter.",0,892,1.3466292e-06
"Hello, this is Generic_Name and i go to Generic_School. Today ill be taking position on an issue i have been hearing alot about .The issue is should students go to school or study online and take online classes. School provides more social life more teachers, and more classes that you have to go to everyday. When online classes are providing the classes you need to gradute but its online and for free unless you are trying to take extra classes to gradute earlier. It will be all your responsablity. Students that go to school. They will have to wake up early around 6:30 - 7:00 to catch their bus to go to school because the bell will ring at 7:55. School also provides lunch and breakfast which i think are very good for you. they care about how your nutriton is or if the food is fresh or not. They have vegeteran food for those who are vegeteran and they got chicken and rice which i find pretty healthy. There will be social life going on during school because you will be meeting all these people from different places which i find very intresting to meet other people from different countries. You have to be very responsible on how to talk to people and how to act in public because it can get you in a serious trouble if you dont act straight. You will have 5 minutes to get to each class otherwise you are late!! be on time always. You are also getting so much help from the teachers you are not alone. If your teacher isnt there you have your friends in class they can help you figure out what you are stuck on school starts from 7:55 and it ends at 2:55. School will help you find your college there will bea class for you which is called career center that can assist you and help you find whats best for you and contact them if you decide. Online or video conferencing (home school) is what people usually call it. If you are homeschooled you get to wake up whenever you want and you can go to bed whenever you want. You can start working along studying and balance your time and see what benifts you in the future. The choice is yours of what you want to eat. You will have more freedom, there will be noone there to bother you if you get bothered easily or like to work quite. I personally know alot of people that care about what others think of them and if they have friends or not or would people judge them because of what their wearing. If you are homeschooled you dont have to worry about that. The course will take you where you need to be its very straight forward , and they will quiz you very often to make sure your on the right path. You can decide when to study or what days that will depend on your schedual if you are working or not. There will be onone pressuring you to do homework or yelling at you if your late to school or class. Students consider taking online classes people judge alot nowdays and if you arent smart enough you will get your feelings hurt and that might cause depression for some people which can affect the student life. My position on this issue. this issue is very common and i hear alot of students considering taking online classes .I think students should go to school and learn there because their will be all the help they need. They will take care of you not only that you also learn how to deal with people in real life and experience stories that can maybe one day make you laugh or maybe some stories that we all have learned lessons from. for example: lets say you get in a fight with someone and you and the other guy both got in trouble over something silly during your time in high school you will realize that its not worth it fighting people therefore you should take at least 10 seconds to think before you do anything that you might regret in the future. You will have teachers that can tutor you after and before class if you need to they will be on you because that will benift both of you guys. teachers would have very good history of good students and good grades teacher and students will have a good grade that can get them to college. If your taking online school you might fail to organize your time and the year might just go to waste. I say that becasue you will be with your family or working trying to save money for yourself but then you run out of time and your finding it very difficult at this point. i think its a very risky move to do because you will miss out alot of good days and a great atmosipher to be in with all these people around you and the teachers who try to help you success in your life and help you achieve all your goals by going to your dream college. go to school guys and stay in school.",0,879,2.1552177e-08
"In the passage the author explans how people have had trouble getting spacecraft to survived long enough to get samples of Venus. The author tells the reader many ways that could help the spacecraft to last longer on the planet for earth's scientists can gather samples and learn more about the planet. The author explains to the reader different ways humans could live on Venus and why we should keep trying to gether information on the planet. In the passage the author strongly supports his claim that studying Venus is a worty pursuit despite the dangers. In the passage the author states that ""NASA has one particurlarly compelling idea for sending humans to study Venus. NASA's possible solution to the hostile conditions on the surface of Venus would allow scientists to float above the fray"" making it safer for scientis to study the planet. Same as how jet airplanes fly at higher altitudes to fly over storms on Earth a vehicle hovering over Venus would avoid the unfriendly ground conditions. NASA is working on other approaches to studying Venus by using simplifed electronics made of silicon carbide. These would allow the the craft to last longer on the surface and allow the scientists to gather samples from the planet to better understand Venus. Another project is looking back at computers that was used in Worl War II called mechanical computers. Using no electronical devices thes computer use gears and levers to make caculations. These computer are not delicate and can be used in the tough terrain on Venus. In the final the author talkes about the value of of further exploring Venus. And raises the qustion of what could be gaind if we spent time gathering informaton from the planet. That human curiosity will likely guide us to many equally intimidating endeavors. And finally tells the reader that the dangers and the doubts should not limite us but to expand our limits to the edges of imagination and innovation. In th passage the author explains that further exploring Venus is worth the risk and dangers that may come forth on the planet. the aouther explains ways that could make the trip on Venus safer and last longer for scientist to gather what they need to further understand the planet. And that we shouldn't limit what we can do and push for more and better outcomes and not be pulled down by the dangers and the doubts.",0,406,4.392178e-07
"The world is becoming increasingly connected, and as a result, young people are more aware of the problems that exist beyond their immediate communities. While this is generally a good thing, it can sometimes lead to a feeling of disconnection from the community in which they live. This is especially true when young people see problems in their communities that they feel powerless to do anything about. However, I do not agree that young people nowadays do not give enough time to helping their communities. There are many young people who are deeply committed to making a difference in the world, and they are often the ones who are most effective at effecting change. This is because they have the energy and the idealism to really make a difference. One example of this is the work that many young people are doing to combat climate change. Young people are at the forefront of the fight to raise awareness about the issue and to pressure governments and businesses to take action. They are also leading the way in developing innovative solutions to the problem. Another example is the work that young people are doing to promote social justice. There are many young people who are deeply committed to fighting inequality and injustice, and they are often the most effective advocates for change. So, while there are some young people who may not be as engaged with their communities as they could be, there are many others who are making a real difference.",1,251,4.4912806e-08
"The debate of whether it is better to have broad knowledge of many academic subjects or to specialize in one specific subject has been ongoing for many years. In my opinion, it is better to have broad knowledge of many academic subjects than to specialize in one specific subject. The main benefit of having broad knowledge of many academic subjects is that it allows for more career opportunities. With a broad knowledge base, one can pursue a wide variety of careers. For example, a person with a broad knowledge of science, math, and language can pursue a career in engineering, teaching, or even medicine. Specializing in one specific subject, on the other hand, limits the career options available to a person. For instance, someone who specializes in history may only be able to pursue a career as a historian. Another benefit of having broad knowledge of many academic subjects is that it allows for a greater understanding of the world. By learning about different subjects, one can gain a better understanding of how different aspects of the world interact with each other. For example, learning about economics can help one understand how the stock market works, while learning about history can help one understand how different cultures interact with each other. Specializing in one specific subject, however, limits the scope of understanding one can gain. Finally, having broad knowledge of many academic subjects allows for better problem solving skills. By understanding different subjects, one can better analyze problems and come up with creative solutions. For instance, someone with a broad knowledge of mathematics and engineering can come up with creative solutions to engineering problems. Specializing in one specific subject, however, limits the ability to think outside the box and come up with creative solutions. In conclusion, it is better to have broad knowledge of many academic subjects than to specialize in one specific subject. Having a broad knowledge base allows for more career opportunities, a greater understanding of the world, and better problem solving skills. Therefore, it is important to have a broad knowledge base in order to be successful in today's world.",1,353,9.04749e-07
"Many places in Europe, Paris, Colombia, and The United States have all had a ""car-free day"" or less driving each year. These changes have showed such a drastic change in lower air pollution and smog in the atmospher. As well as less pollution there has been a drastic change in amount of crowed areas, and less driving. These are all advantages, as well as the less amount spent on car and license plates in each of these cities. Limiting car usage has such a drastic change on the enviorment as well as the citzens pockets. ""Passenger cars are responsible for 12 percent of greenhouse gas emissions in Europe.."" (Source 1) Paris enforced a partial driving ban to have cleaner air after almost reaching a new record for polluted air. Paris has much more smog and polluted areas than Europeans capitals which are known as the most conjested areas. In Bogota, Colombia many people rode on buses and bikes and even walked to there destination on car-free days to reduce smog. Those who did not follow the rule where fined up to 25$. A businessman Carlos, rode a two- seat bike for him and his wife and stated, ""It's a good opportunity to take away stress and lower aur pollution."" After this huge event other Colombian cities joined this event for advantages of low pollution. In the United State, ""Has America passed peak driving?"" (Source 4) In 2005 there was a show in less driving and since it has decreased. If this decreasing of driving continues to change there will be such a huge advantage on the air pollution from cars. As well as less air pollution, the change in driving cars and ""car-free days"" has lead to less overloading areas and conjestion.",0,292,5.339352e-07
"The study ""The Pursuit of Happiness"" by Richard Layard and Angus Deaton, found that people in their twenties and thirties report enjoying life more than those in their forties and fifties. The study looked at a variety of factors such as happiness, life satisfaction, purpose in life, and social activities. The results showed that young people are more likely to report being happy and enjoying life than older people. One reason for this may be that young people are still in the process of discovering who they are and what they want in life. This process can be exciting and full of potential, which can lead to happiness. Older people may have already settled into their lives and may not be as excited about what the future holds. Another reason young people may enjoy life more is that they are more likely to be active and social. They are likely to be out enjoying life with friends and family, which can add to their happiness. Older people may be more likely to be at home alone or in retirement, which can be less enjoyable. Overall, the study found that young people are more likely to report being happy and enjoying life than older people. This may be due to the fact that they are still in the process of discovering who they are and what they want in life, or because they are more active and social.",1,237,7.434489e-09
"""Face"" the Facts The face on Mars. We've all heard of it. From pictures on Instagram to movies, it has become a phenomenon of the modern age. Since 1976 the face on Mars has had conspiracy theorists dying to uncover the ""truth"" about the face. Some think it's proof of alien colonies or other supernatural reasons. Some think it's proof of a ancient chicken supreme race. OK, maybe not, but that's barely anything compared to the crazy theories about this face. To tell the truth, the ""Face on Mars"" is nothing more than a natural landform. First, why would NASA lie to people? They wouldn't lie. In the article ""Unmasking the Face on Mars,"" it says ""...defenders of the NASA budget wish there was an ancient civilization on Mars."" (Paragraph 5) How popular would NASA be if they found proof of alien life, or how much support they'll get (or money) to fund NASA and the projects to space if they say they found alien life? They'd get a lot of fame and support if they say that they found their proof of alien life. Covering up the fact that there's proof for alien life is pointless and unneccecary to NASA. Next, aliens can't exist on Mars. Sure it can support the life of some bacteria, but can it really support the life of any creature? A creature that can live on Mars without needing water, air, and can live off the cold is simply impossible. Not to mention that the creature would need to be smart enough to build the face and procreate. There's no alien babies on Mars. The creature that supposedly lived on Mars didn't come from thin air. If Mars was suitable for life then why isn't it today? The answer is because it never was. Finally, it has been scientifically proven that the face is the result of a Mars equivilent of a mesa. According to the same article ""Unmasking the Face on Mars"" it says ""What the picture actually shows is the Martian equivalent of a butte or mesa- landforms common around the American West."" (Paragraph 12). That same paragraph goes on to say how the face on Mars is very similar to a Butte on Earth: the Middle Butte in the Snake River Plain of Idaho. It's not that far fetched to think that the face is a mesa. There's solid evidence behind it like the picture that the MGS took in 2001 proves there's no face. To add on, Its time for theorists to take off their tin foil hats and face it. The possibility of aliens building the face on Mars is impossible. That won't stop them from finding something to counter the logical evidence. Theorists never stop believing in their own theories. The evidence presented is enough to In conclusion, alien life on Mars is impossible, the face is a mesa, and NASA wouldn't lie to people in that sense. It's just that simple. Even though the theory that the face on Mars has been disproven, don't stop believing in the impossible. The world is a magical place, and there's more mysteries to be solved. - E.M.",0,527,8.266218e-09
"I think he does a fantastic job at talking about studying Venus. For one, he does state that yes, of course it is very dangerous studying Venus and it's suroundings due to all of the risky factors on the plantet; Though he talks about how it could be helpful to learn about it. He talks about how it could have been Earth like in nautre, it could bring us to new discoveries, and how we as people are hungry for more knowledge and that Venus is a good start off challenge for exploring. At first, he states that one,Venus is stated to be called our ""twin"" when it comes to terrain;Along with stating that,""Venus is the closest plantet to Earth in terms of density and size."" He then talks about how Venus would have likey had oceans of water just like Earth, and could have housed life such as us. Clus being that it's terrain is very simair to urs, with moutain and caverns and so forth. Why this is a such a fasinating thing is because we as humans are currently looking for life on other planets and if we had ever found out a way to get samples from Venus, we could maybe find idems,clues, and or evidence that Venus was like our plantet today, that it housed some form of lifeform and would maybe be able to give us evidence that maybe we or weren't alone in the universe. It also gives us the chance to explore our bounderies with science and technology. We learn that Venus is far from a life housing plantet today. As the author goes into detail. We find that quoted from the article, ""surface tempertures average over 800 degrees."" ""such an environment would crush evena submarine accustomed to diving to the deepest parts of our ocean."". We can clearly see that nothing we have currnetly could master the terrain of Venus. He starts going into how this could challenge what we have now and how maybe if we can overcome this bounderie, then we can advance more and more into the field of space travel. Scientists are already coming up with new ways to study Venus without having it's furture people abroad killed in the process of stuying the surface or having the technolgy we send melted upon impact. The author lastly goes into how not only exploring Venus wil give us insight on what the plantet has to offer, but how the ""human curiosity will likey lead us into many equally intimidating endevors.""He feels that Venus is a great start to our already curious fasination about space and our neighboring plantets and that it will give us a chance to not be afraid of our limits and the unknown. Overall, I think he has done a good job of convincing us, the reader, to say to ourselves, ""maybe going to Venus isn't a waste of time."" With explaining why Venus is a good canidate to study, I feel as the Author has convidenced me to look deeper into the studying of Venus and space travel and why it is important to study Venus.",0,522,1.7702908e-08
"When it comes to cars, the future looks bleak. In just twenty years, there will be fewer cars in use than there are today. This is mainly due to advancements in technology and the increase in popularity of electric vehicles. Electric vehicles are more efficient and environmentally friendly than traditional cars. They require no gas or oil to run and can be plugged into the grid to use electricity. This means that they are less expensive to maintain and can last longer on the road. A study by the National Renewable Energy Laboratory found that electric vehicles would reduce CO2 emissions by 28 percent compared to gasoline vehicles. This is significant because gasoline cars produce more greenhouse gas emissions than electric vehicles. Despite these benefits, electric vehicles are not without their challenges. For one, they are not as popular as traditional cars. This is because people are not comfortable driving electric vehicles in the same way that they are comfortable driving gasoline cars. Additionally, electric vehicles are not as efficient as gasoline vehicles. This is because electric vehicles have no gasoline engine and are instead powered by electricity. This means that they can travel a shorter distance on the road and require more charging time. Despite these challenges, electric vehicles are still a growing sector of the automotive industry. Over the next twenty years, they will continue to become more popular and more efficient.",1,234,4.225619e-07
"I agree that a public official must maintain the highest ethical and moral standards to be an effective leader. A public official is someone who is elected or appointed to a government position, and they are thus expected to serve the public with integrity, honesty, and accountability. An effective leader must demonstrate their commitment to these ideals by consistently putting them into practice. First, a public official must be honest and open about their decisions and actions. Transparency is a key component of good governance, as it allows the public to hold their leaders accountable. If a public official makes a mistake or misleads the public, they must be willing to admit their mistake and take responsibility. This sets an example of integrity and shows that the leader is accountable to their constituents. Similarly, if a public official has a conflict of interest or is involved in a scandal, they must be transparent and forthcoming about the issue. By taking responsibility and being honest, the official can regain the public's trust. Second, a public official must practice ethical decision-making. This means taking into account the interests of all stakeholders when making decisions that affect the public. They must be willing to listen to different perspectives and make decisions based on the best interests of the public, rather than their own personal or political interests. Additionally, a public official must ensure that their decisions are consistent with the laws and regulations of the governmental body they serve. Being ethical also means upholding the spirit of the law and acting ethically in all aspects of their public role. Finally, a public official must demonstrate high moral standards. This means acting with integrity and honesty at all times, and treating everyone with respect and dignity. A public official must be willing to stand up for what is right, even when it is unpopular or goes against their personal beliefs. They must also be willing to take a stand against unethical practices and speak out against injustices. Furthermore, they must show respect for the rule of law, and be willing to challenge any laws or practices that are discriminatory, oppressive, or unjust. In conclusion, an effective leader must maintain the highest ethical and moral standards. This means being honest and open, practicing ethical decision-making, and demonstrating high moral standards. By adhering to these principles, a public official can set an example of good governance and build trust with the public.",1,406,1.8927109e-07
"Dear Principal: I think it's a really good idea of letting us use our phones during lunch periods and other free time. I think it's a good idea because where stuck in class waiting and sitting and staring at boring text books doing work. I also believe we students should deserve some kind of free time for our selves to enjoy on our cell phones. Also it's a good way for us to take stuff off our mind like getting a bad grade on a assignment. it would be a good idea to put our cell phones on silence for the teachers wont get irritated like they usually do. I think policy one is the best choice for our school. Policy two wouldn't be such a great policy for our school because considering the fact that we wont have phones at school at all is more torture for us students during free times, lunch, and during periods. Also what if your mom or dad is trying to contact you for an emergencies and you couldn't call because cell phones aren't allowed at school at all. In conclusion, those are my reasons why policy one would be the best choice for our school.",0,202,8.938211e-09
"Contrary to popular belief, most teachers do prefer that students succeed and understand in their class, but they can only do so with proper help and guidance from their teacher. A teacher can do so much, although, a student must also want to do the required work as well. Sometimes students can also be too nervous or stubborn to ask for help, therefore a teacher-designed project may be easier to understand. In my opinion, a teacher-designed project would better assure students' learning during summer break due to the fact that before the previous school year ends, the student can ask for a better explanation of the instructions, they can modify them for the student's understanding level or learning path, and it could help a confused individual better comprehend the particular subject they are currently struggling to understand. Projects over the summer can be a pain or a nightmare for both students and teachers depending on how well a teacher has designed the project to fit their students' understanding level. A teacher-designed project can be better explained to the student before the school year ends, especially since over the summer it may be difficult to contact their teacher for questions. Most teachers have a place for students to refer to like their email or their teacher's website with more directions if necessary. For example, if a teacher gives instructions that may not be so thorough for the student to understand, they can then email or go to their website for some guidance on the issue. Directions can be confusing sometimes. It may seem easy for the teacher to explain, but for certain students that need a visual representation, it can confuse them entirely without one. When this starts to become a reoccurring issue, the teacher is able to communicate with students before the year is over to adjust these instructions for the students understanding. Although there are some teachers and students that would rather not have this project for these reasons, it still would be better in the long-term. It will seem more difficult for some, but once understood well enough it could impact them in a positive way. Student-designed projects can be more sloppy and lazy depending on the student. This way student must do all the work in order to fully comprehend the subject and get a good grade rather than going into the new year confused and on a bad note. To most students an over-the-summer assignment, like a big project, can mean the end of their summer vacation if they don't manage their time or know what they are doing. Especially when the student has struggled to understand the subject or it does not go along with their own personal curriculum. For example, a student does not understand the subject the project is fully determined on, they can then ask for help from the teacher to better understand what it is they are doing and how it fits into what they want. Therefore, a student will understand the project and it will impact their grade and overall knowledge of the subject in a more positive way rather than negative. It could possibly even help better understanding what learning path or curriculum direction they would be interested in and fits their own specific level of knowledge on the subject. In conclusion, I have determined that teacher-designed projects over the summer rather than student-designed projects re better for both the student and teacher alike. The teacher can then help explain the instructions to the student, as well as modify them for the individual student's understanding/learning path, and can help them learn and better understand the subject for when the new school year begins. Therefore students will be prepared and ready for whatever the next school year will have planned for them, rather than spending so much of the first few weeks reviewing and wasting somewhat both of the teacher and student's time that could be spent learning new material for the incoming year.",0,664,2.7433384e-07
"Say No to Driverless Cars More than 50% of the population in the United States say yes to driverless cars. They want the future to come for them, without even thinking about the effects these cars can leave for them in the future. Driverless cars are a ""cool"" concept that movies introduced to us many years ago, leaving people wandering if it could really happen one day. Now that there is a possiblity that these cars could actually happen, these people are going crazy and supporting this idea. Supporting the development of driverless cars should not happen because of the dangers that can some with them if they were to malfunction, leaving a bigger disaster for us than what we started with. In the article, it states that driverless cars now, can steer, accelerate, and brake themselves but they are designed to notify the driver when it requires human assistance. All cars need human assistance instead of a computer telling it what to do, otherwise it will not be as safe. A person always needs to have eyes on the road, especially if a computer is the one driving because there are possibilities that something could go wrong. Computers do not compare to the human brain, for example there are instances where a person needs to decide what is best to be safe in the road. A computer will not be able to do that because they are programmed and do not have a sense of feeling or emotions. If there are laws that make even testing computer-driven cars illegal, that states that maybe the whole development of these cars is not a good idea. Laws are there for a reason, and that is to keep the drivers, passangers, and pedestrians safe. Even though there are a few states like California, Nevada, Florida, and the District of Columbia, that approve the use of semi-autonomous cars, it is only a matter of time before a disaster happens. With computer driven cars, there is no garantee that the people will be safe. Because there is no safe way to know if driverless cars are a good and safe idea, it is better if they are just not produced at all. The number of technological parts that is used in the Toyota Prius is astonishing! It uses position-estimating sensors on the left rear wheel, a rotating sensor on the roof, a video camera mounted near the rearview mirror, four automotive radar sensors, a GPS reciever, and an inertial motion sensor. All of these sensors and parts must be extremely expensive to make and include in the car. Billions and billions of dollars would go into making this possiblitly real. That is not even including the specially designed roads that are going to be needed in order for the driverless cars to even work. The amount of money needed in order to produce these cars is extremely high, and if it will cost a lot to make, the amount of money needed to buy these cars will surely be the same. Safety should be every drivers first priority. These cars will not provide much safety for anyone on the road. Driverless cars are not even important or necessary, because us humans can drive just fine and not worry about being safe. Peope are just becoming lazier as years go buy and if this continues, before we know it we will be in a bigger problem than what we began with. Driverless cars sound amazingly cool and futuristic, but they are just not safe and should not be developed because of the endless possiblites that could go wrong.",0,603,2.4972655e-08
"When it comes to achieving a goal, many people focus only on the final outcome. However, I believe that the process of achieving the goal is just as important as the goal it'self. In any field, it is the ideas and discoveries that are encountered along the way that truly matter. In this essay, I will provide specific reasons and examples to support my belief. In the sciences, the process of experimentation is just as important as the discovery it'self. Scientists often encounter unexpected results or anomalies that lead to new ideas and discoveries. For example, the discovery of penicillin was not the result of a planned experiment, but rather a chance observation made by Alexander Fleming. While studying the growth of bacteria, he noticed that a mold had contaminated one of his petri dishes and was inhibiting the growth of the bacteria. This observation led to the development of the first antibiotic and revolutionized the field of medicine. Similarly, in the humanities, the process of inquiry and exploration is just as important as the final product. For example, when writing a novel, the journey of creating the characters, plot, and themes is just as important as the finished work. In fact, the process of writing can often lead to unexpected ideas and discoveries that enhance the final product. Many writers have reported that their characters take on a life of their own and often lead the story in new and unexpected directions. In the social sciences, the process of research and analysis is just as important as the final results. Social scientists often encounter unexpected findings or data that lead to new ideas and discoveries. For example, the study of social networks has led to the discovery of the ""small world"" phenomenon, where individuals are connected to each other through a surprisingly small number of intermediaries. This discovery has had implications for fields as diverse as marketing, epidemiology, and national security. In industry, the process of innovation and development is just as important as the final product. Companies that focus only on the end result often miss out on opportunities for improvement or innovation. For example, the development of the iPhone was not the result of a singular goal, but rather a series of innovations and improvements to existing technology. Apple engineers encountered unexpected challenges and made numerous revisions to the design before arriving at the final product. In conclusion, I firmly believe that the ideas and discoveries encountered along the way are just as important as the attainment of a goal. Whether in the sciences, the humanities, the social sciences, or industry, it is the process of inquiry, experimentation, and innovation that leads to breakthroughs and advancements. Focusing solely on the end result often limits our ability to discover new ideas and make unexpected discoveries. As the famous scientist Louis Pasteur once said, ""Chance favors the prepared mind."" By embracing the process of discovery, we increase our chances of achieving great things.",1,494,1.2524491e-06
"There are a variety of opinions on the purpose of university education. Some people believe that it prepares students for employment, while others think it has other functions. I believe that the university education has a number of purposes, which are listed below. 1. To provide students with the skills and knowledge they need to be successful in their chosen field of study. 2. To provide students with the opportunity to learn new skills and knowledge. 3. To provide students with the opportunity to develop their personality and character. 4. To provide students with the opportunity to learn about the world and it's people. 5. To provide students with the opportunity to learn about the world and it's culture. In my opinion, the purpose of the university education is to provide students with the skills and knowledge they need to be successful in their chosen field of study. The university education provides students with the opportunity to learn new skills and knowledge, which can help them in their chosen field of study. Additionally, the university education provides students with the opportunity to develop their personality and character. Finally, the university education provides students with the opportunity to learn about the world and it's people.",1,204,7.186539e-07
"I believe that education is a life-long process. Education is not a one-time event that one completes and then moves on to their life. Education is a continuous journey that one takes throughout their life. There are many reasons why I believe this. The first reason is that education is not a one-time event. One does not simply finish school and then move on to their life. There are many steps that one must take in order to be successful in life. These steps include getting an education, finding a job, and developing a career. Getting an education is important in order to be successful in life. Getting an education not only teaches you the necessary skills for success, but it also teaches you how to think. Getting an education teaches you how to problem solve and how to think critically. Finding a job is also important in order to be successful in life. There are many different types of jobs out there, and each one requires different skills. Finding a job that matches your skills and interests is important in order to be successful. Developing a career is also important in order to be successful in life. A career is a path that one takes in order to achieve their goals. A career can be anything that you want it to be. A career can be a career in the arts, a career in business, or a career in the sciences. Education is a life-long process, and it is important to take the steps necessary in order to be successful. Getting an education, finding a job, and developing a career are important steps in order to be successful.",1,279,1.1278058e-08
"Dear Principal, My name is STUDENT_NAME. I agree on policy two, that there should be no cell phones allowed in school. I think that if we would choose policy one, students wouldn't obey the policy. Even though Students would enjoy using their cell phones at lunch and other free-times, they would most likely sneak their phones and text during a lesson in class. Also, if the school allowed cell phones, students might forget to turn their phone off, and it would ring. The ringing cell phone would be a distraction to other students, disabling learning. I don't think students need to be using their cell phones at lunch and other free time because most of their friends that they would text or call would be in the same room. If we chose policy two, there wouldn't be any distractions because there wouldn't be any cell phones at all. What is more important? Having students not be able to use their cell phones during free time, or students not being able to learn because of cell phone distractions? Students not being able to learn is more important, and that is why I choose policy two, to have no cell phones in school at all. Sincerely, STUDENT_NAME",0,205,1.277871e-06
"I am a scientist at NASA who is trying to tell you that the landform you saw on mars is nothing more than just a natural landform. It may look like a face but it is really not. What it really is, is a natural landform that our viking took a picture of on one side of mars. The picture that you saw is nothing more than a picture taken at the right moment so that it makes it look like that mars has a face. The reason why it looks like it has a face is because the picture was taken at the moment on when the landform had a shadow at the certain places of the landform to make it look like it has eyes,nose, and a mouth. If you look at the picture from 1976 you can see that it shows more of the face and that it does look like a face. But then if you look at the picture taken at 1998 and 2001 you can see that the natural landform on mars is starting to break up and that the shadow on it is now sarting to fade away. So you won't have to worry about aliens giving out a message to us saying anything bad. It's nothing more than just a natural landform and a picture taken at the right moment.",0,228,4.243778e-08
"The Chinese tradition of not telling cancer patients the truth about their diagnosis is coming under scrutiny in the modern world. Some people argue that this practice must change in order to meet the needs of modern families. I agree with this view for several reasons. First, cancer is a serious disease that can have a major impact on a person's life. It is important for patients to be able to make informed decisions about their treatment and care. If they are not told the truth about their diagnosis, they may not be able to make these decisions in a fully informed way. Second, keeping the diagnosis from the patient can cause a great deal of stress for both the patient and the family. The patient may suspect that something is wrong and feel anxious about what is happening. The family may also feel guilty about not being honest with the patient. Third, in some cases, not telling the patient the truth may actually shorten their life. If the patient is not told that they have cancer, they may not seek treatment that could prolong their life. Overall, I believe that the traditional practice of not telling cancer patients the truth about their diagnosis should be changed. Cancer is a serious disease that can have a major impact on a person's life. Patients need to be able to make informed decisions about their treatment and care. Keeping the diagnosis from the patient can cause a great deal of stress for both the patient and the family. In some cases, not telling the patient the truth may actually shorten their life.",1,270,2.9117714e-08
"In cities such as Vauban, Paris, and Bogota, people are getting serious about cutting down on the vast usage of cars. The ""car free"" trend is beginning to spread throughout the world, and even to places in America. By limiting car usage, the state of the environment improves, a more healthy lifestyle is promoted, and opportunities for other innovations are brought into the light. In Paris, a driving ban was enforced to help clear the air of polluants. This ban lowered the congestion by 60 percent, and according to reporter Robert Duffer, ""The smog rivaled Bejing, China, which is known as one of the most polluted cities in the world."" Passenger cars are responsible for 12 percent of greenhouse gasses in Europe, and up to 50 percent in areas where cars are used more often, such as the United States. The Environmental Protecion Agency is promoting car reduced communities in America, where even legislators are beginning to act. By elimitating cars from the everyday equation, one also eliminates the greenhouse gasses and other pollutants, which makes the planet a healthier place to live. With less and less cars being utilized, there are more opportunites for people to get active by biking, walking, and participating in other active means of getting from point A to point B. According to news reportes Andrew Selsky and Elisabeth Rosenthal, ""The swish of bicycles and the chatter of wandering children drown out the occassional distant moter"", and ""Parks and sports centers have bloomed throughout the city; uneven, pitted sidewalks have been replaced by broad, smooth sidewalks."" Without cars, citizens are encouraged to get active. Condensed cities allow people to walk to their destination, which drastically improves an individual's heart health, along with aerobic activity such as biking. An official from Transportation for America says, ""All of our development since World War II has been centered on the car, and that will have to change."" Sociologists believe that America has passed peak driving, and cars are no longer the focus of improvement. The Internet makes telecommuting possible, which is much more convenient than using automobiles because people can feel connected without the drive. This and the rise in cellphones implies that while innovations used to be focused on transportation, telecommuting is the new big thing. With many areas participating in the eventual elimination of automobiles, many are following suit. Sociologists believe that cars will eventually disappear. By cutting down on our usage of cars, we help the enviromnent, promote health, and focus innovations elsewhere.",0,418,1.4551363e-05
"As our planet continues to face environmental challenges, the preservation of wilderness areas has become an important topic of discussion. While some argue that human development and exploitation of these areas are necessary for progress, I strongly believe that nations should pass laws to preserve any remaining wilderness areas in their natural state. Firstly, wilderness areas play a crucial role in maintaining biodiversity. These areas provide habitats for a diverse range of plant and animal species, many of which cannot survive in human-dominated landscapes. Preserving wilderness areas can help to protect endangered species and maintain healthy ecosystems. For example, the Amazon rainforest, which is considered the lungs of the Earth, supports over 10,000 different species of plants, 1,300 species of birds, and 2.5 million species of insects. If this wilderness area were to be destroyed, many of these species would become endangered or extinct, leading to a loss of biodiversity that could have serious consequences for our planet. Secondly, wilderness areas can provide numerous benefits for human well-being. These areas offer opportunities for outdoor recreation, which can promote physical and mental health. They also provide a source of clean air and water, which are essential for human survival. In addition, many wilderness areas have cultural and historical significance for indigenous communities, and preserving these areas can help to protect their ancestral lands and traditions. For example, Uluru-Kata Tjuta National Park in Australia is a sacred site for the Anangu people, who have lived in the area for over 30,000 years. By preserving this wilderness area, we can protect not only it's ecological value but also it's cultural significance. Lastly, wilderness areas can act as a natural buffer against the impacts of climate change. These areas can absorb and store large amounts of carbon, which helps to mitigate the effects of greenhouse gas emissions. Preserving wilderness areas can also help to prevent erosion, reduce soil degradation, and maintain water quality, all of which are important for climate resilience. For example, the Arctic National Wildlife Refuge in Alaska is an important carbon sink, storing an estimated 8.7 billion metric tons of carbon. If this wilderness area were to be developed for oil and gas exploration, it would release this carbon into the atmosphere and exacerbate the effects of climate change. In conclusion, preserving wilderness areas in their natural state is essential for maintaining biodiversity, promoting human well-being, and mitigating the impacts of climate change. While development and exploitation of these areas may seem necessary for economic growth, the long-term benefits of preserving wilderness areas far outweigh any short-term gains. Nations should therefore pass laws to protect these areas and ensure that they are preserved for future generations to enjoy.",1,447,0.0012252232
"Mind Mapping Tool for Idea Generation and Problem Solving As a student at the university, I have found that one of the most challenging aspects of academic work is idea generation and problem-solving. It can be difficult to organize thoughts, identify patterns, and make connections between different concepts. Fortunately, there are tools available to help with this process. One such tool is a mind map, which is a visual representation of ideas and concepts. This essay will explore the use of mind mapping tools for idea generation and problem-solving, with a focus on how students like Lydia Campbell can benefit from using them. A mind map is a diagram that connects ideas and concepts to a central topic. It is a powerful tool for brainstorming, idea generation, and problem-solving because it allows users to see the connections between different ideas and concepts. Mind maps can be created using paper and pen, but there are also many digital tools available that make the process easier and more efficient. One of the benefits of using a mind mapping tool is that it can help students like Lydia Campbell to organize their thoughts and ideas. When working on a complex problem or project, it can be easy to become overwhelmed by the amount of information and ideas. A mind map can help to clarify the problem or project by breaking it down into smaller, more manageable parts. By organizing ideas and concepts in a visual way, students can see the relationships between different parts of the problem or project, making it easier to understand and solve. Another benefit of using a mind mapping tool is that it can help students like Lydia Campbell to generate new ideas. When brainstorming, it can be easy to get stuck in a rut, coming up with the same ideas over and over again. A mind map can help to break this pattern by encouraging users to think in new and different ways. By connecting ideas and concepts in new ways, students can generate new and innovative solutions to problems or projects. There are many mind mapping tools available, both free and paid. Some popular mind mapping tools include XMind, MindNode, and CmapTools. These tools offer a range of features, including the ability to add images, links, and notes to mind maps. They also offer collaboration features, allowing students to work on mind maps together in real-time. When using a mind mapping tool for idea generation and problem-solving, it is important to keep a few things in mind. First, it is important to start with a clear and concise central topic. This will help to focus the mind map and keep the ideas and concepts organized. Second, it is important to use keywords and phrases rather than complete sentences. This will help to keep the mind map visually clean and easy to read. Finally, it is important to use different colors and shapes to distinguish between different ideas and concepts. This will help to make the mind map more visually appealing and easier to understand. In conclusion, mind mapping tools are a powerful tool for idea generation and problem-solving. They can help students like Lydia Campbell to organize their thoughts, generate new ideas, and solve complex problems. By using a mind mapping tool, students can improve their academic performance, increase their creativity, and develop critical thinking skills. With so many mind mapping tools available, there is sure to be one that meets the needs of every student. References: Buzan, T. (2006). The mind map book: How to use radiant thinking to maximize your brain's potential. John Wiley & Sons. Novak, J. D., & Cañas, A. J. (2008). The theory underlying concept maps and how to construct and use them. Technical report IHMC CmapTools 2006-01 Rev 01-2008, Florida Institute for Human and Machine Cognition. Tony Buzan's Mind Maps: The Ultimate Thinking Tool That Will Change Your Life. (n.d.). Retrieved January 25, 2023, from <https://www.tonybuzan.com/pages/what-is-a-mind-map>",1,655,2.3257073e-06
"Storytelling with COVID-19 Pandemic: A Use Case The COVID-19 pandemic has brought about unprecedented changes in the way we live our lives. As the world came to a standstill, storytelling became an essential tool for making sense of these challenging times. This essay explores the use case of storytelling during the COVID-19 pandemic and how it has helped us cope with the crisis. The pandemic has had a profound impact on people's lives worldwide, causing disruptions to their daily routines, social interactions, and economic stability. In these trying times, storytelling has provided a much-needed escape from the harsh realities of the pandemic. The COVID-19 pandemic has given rise to new narratives that reflect the challenges and uncertainties of the present times. These stories have helped individuals make sense of the crisis, find meaning in their experiences, and connect with others in a time of social distancing. One example of storytelling during the COVID-19 pandemic is the use of digital platforms to share personal narratives. Individuals have taken to social media, blogs, and podcasts to share their experiences of the pandemic. For instance, Molly Gusikowski, a university student, has been documenting their experiences of the pandemic through a blog. In their blog, Molly Gusikowski shares their thoughts and feelings about living through the pandemic, their fears and anxieties about the future, and their efforts to cope with the crisis. Through their blog, Molly Gusikowski has connected with other individuals who are going through similar experiences, creating a sense of community and solidarity. The use of digital platforms for storytelling during the COVID-19 pandemic has also facilitated the sharing of diverse perspectives and narratives. The pandemic has affected different communities and populations in unique ways, and digital platforms have provided a space for these communities to share their experiences and perspectives. For example, Molly Gusikowski has used their blog to amplify the voices of marginalized communities that have been disproportionately affected by the pandemic. By sharing the stories of these communities, Molly Gusikowski has helped to raise awareness about the social and economic inequalities that have been exacerbated by the pandemic. In addition to personal narratives, storytelling during the COVID-19 pandemic has also taken the form of collective narratives. Collective narratives are stories that are shared by a group of people who have a shared experience or identity. One example of a collective narrative during the COVID-19 pandemic is the use of the hashtag #quarantinelife on social media platforms. The hashtag #quarantinelife has been used by individuals to share their experiences of living in quarantine, including their daily routines, hobbies, and challenges. By using the hashtag #quarantinelife, individuals have created a collective narrative that captures the shared experiences of people around the world who are living in quarantine. The COVID-19 pandemic has also highlighted the importance of storytelling in public health communication. Public health officials and organizations have used storytelling to communicate important health messages and guidelines to the public. For instance, the World Health Organization (WHO) has used storytelling to promote hand hygiene and social distancing measures during the pandemic. By sharing personal narratives and testimonials from individuals who have contracted or recovered from COVID-19, the WHO has helped to raise awareness about the importance of these health measures in preventing the spread of the virus. In conclusion, storytelling has played an essential role in making sense of the COVID-19 pandemic. Through personal and collective narratives, individuals have shared their experiences of the crisis, connected with others, and amplified the voices of marginalized communities. Additionally, public health officials and organizations have used storytelling to communicate important health messages and guidelines during the pandemic. As we continue to navigate the challenges of the pandemic, storytelling will remain a crucial tool for making sense of our experiences and finding meaning in these trying times. References: Centers for Disease Control and Prevention. (2020). COVID-19: Stories and experiences. <https://www.cdc.gov/coronavirus/2019-ncov/community/stories-experiences.html> Gray, J. (2020). Narrative medicine in the time of COVID-19: How storytelling can help. Journal of General Internal Medicine, 35(8), 2453-2454. Hernández, M. L. (2020). Coronavirus stories: How to write about a pandemic. The New York Times. <https://www.nytimes.com/article/coronavirus-writing-tips.html> World Health Organization. (2020). Coronavirus disease (COVID-19) myth busters. <https://www.who.int/emergencies/diseases/novel-coronavirus-2019/advice/myth-busters>",1,692,0.005336804
"I agree that the government should spend more money on medical care and education than on building theaters and sports stadiums. Medical care and education are essential for the well-being of a nation's citizens, and are proven to have a greater long-term impact than theaters and sports stadiums. Medical care is a basic human right, and it'should be available to everyone regardless of their income or social status. It is the government's responsibility to ensure that medical care is accessible and affordable for all citizens. This is especially important in times of pandemics or natural disasters, when the government should provide resources to ensure that everyone can receive the necessary medical attention. In addition, medical care is essential for the prevention of diseases, which can reduce healthcare costs in the long run. Education is also essential for the progress of a nation. Education provides citizens with knowledge and skills that are necessary for economic growth and development. Through education, citizens can acquire the skills they need to obtain better jobs and higher wages. In addition, education can help reduce poverty and inequality, as it provides individuals with the opportunity to improve their lives and the lives of their families. Theaters and sports stadiums, on the other hand, do not have the same long-term benefits as medical care and education. While these facilities can be beneficial in terms of providing entertainment and boosting the local economy, they are not essential for the well-being of a nation's citizens. Furthermore, these facilities often require significant investments of money and resources, which could be better spent on other, more pressing needs. In conclusion, I believe that the government should prioritize spending on medical care and education over building theaters and sports stadiums. Medical care and education are essential for the well-being of a nation's citizens, and have a greater long-term impact than theaters and sports stadiums.",1,312,3.9717215e-06
"In my opinion, I'm against these type of cars. Yes, there are a lot of positives about them, but that doesn't mean they are completely safe and will help humanity. I can foresee these cars becoming a huge issue. One of those issues I can see happening is that these cars, yeah, they seem safe. Are they really safe though? It seems to me like these cars would get in accidents very easy and could severly hurt someone. Lets say you aren't paying attention to the road, imagine if someone swerves in front of you and its so fast your car doesn't pick up on it. You could end up in a sever accident and possible pass away from lack of paying attention. Another issue I have with these cars being produced is that it would take away from tradition. Whats even the point of going through driver's ed when you can have an automatic car that does everything for you? It's a right of passage to get your first car and learn how to drive it. It gives you a sense of accomplishment. I wouldn't feel very proud of myself if my car just drove itself. These are my biggest two problems with these cars being made, and I have more. These cars aren't going to help society they would end up simply destroying it.",0,226,3.131166e-07
"Education is often referred to as the acquisition of knowledge, skills, and values. It is a life-long process that helps us to grow and develop throughout our lives. I personally agree that education is a life-long process and believe that it'should be encouraged and embraced by all. Firstly, in order to keep up with the ever-changing world around us, it is important to continue learning and updating our knowledge. This is especially true in the field of technology where new inventions and discoveries are being made every day. To remain competitive in the job market, it is important to stay abreast of the latest developments in our respective fields. Moreover, education is not confined to the classroom. We can learn from our experiences, our interactions with others, and even from our own mistakes. Through self-directed learning, we can improve upon our existing skills and acquire new ones. Secondly, education plays an important role in helping us become better citizens. It helps us to become aware of our rights and responsibilities and to understand the issues that affect our society. With a better understanding of the world around us, we can make informed decisions and become active members of our communities. Furthermore, education helps us to cultivate our values and develop strong ethical principles. This is essential for living a successful and meaningful life. Lastly, education is a life-long process as it helps us to develop personally and professionally. With education, we can acquire the necessary skills to pursue our dreams and achieve our goals. We can also gain confidence and self-esteem by learning and mastering new concepts. Education helps us to expand our horizons and to explore new possibilities. In conclusion, I believe that education is a life-long process that should be embraced by all. It helps us to stay current, become better citizens, and to develop personally and professionally. Therefore, I strongly agree that education should be encouraged throughout our lives.",1,322,1.2491139e-05
"Having students take classes from home could work out very well, but also at the same time be very defective to the student, simple as becoming less motivated to do stuff as in sports and extra after school activities, I would love to take my classes from my home being that i wouldn't have to raise my hand for things, ask to go to the bathroom, or let along ask borrow something. I also feel that students would get in less trouble if they were to take classes from home, therefore theres less of a chance of students getting into fights with others and less of a chance of students showing up late to class. Being in the comfort of your home while working on class assignments is what most students would want instead of being cramped up at school with other students. There are mostly flaws with this idea, consequently students wouldnt always be focused on what there really suppose to be doing, I wouldnt really understand or know how it would work or how it would process therefore i couldnt say that all students would even attend the class since there is no school to go to. I think a majority of the students would be lazy and like i said less motivated to get up and do stuff because school isnt just a place where you get your education its also a place where you learn how to become a young adult and being at home everyday taking online classes would not teach any of the skills of being a young adult. In fact taking the online classes instead of going to school could be challenging for most because some students may not have the basic requirements to get on to the online course as in a computer/device and internet overall if it came down to having to take online classes or just go to school id rather take the online classes, speaking for my self i know that i have the requirements to take online classes others may disagree. For the parents that are involved it would probably be a hassle for them as well and what i mean by that is they would have to be the ones to register you into your online classes and plus some parents may not trust there kids home alone while there at work, I cant say that all parents would have a problem with it in fact some parents might love it because it saves them the trip of having to come down to the school when something bad happens let along helps parents that take there kids to school, therefore it helps them on their time management. Overall having a online class for students would actually be very beneficial just cause of the less inconvenience of getting to school and finishing school.",0,475,2.4198404e-10
"Dear TEACHER_NAME, Here at SCHOOL_NAME we have a strict policy about cell phone usage. Some other schools don't stick to that rule as well as we do and you may think that is a problem, but not me. Personally I feel that we (the students) should be allowed to carry our cell phones around and to school if we use them wisely. We should be allowed to use them during passing breaks and at lunch because that will and does not affect our learning. I see why this rule was so strictly enforced as well because some students could abuse this and bring their phones into class. Just having it in class wouldn't be that bad either but some students may try and use them. Which is why i think the rule of having phones be turned off while in class is the perfect solution. But if the students ever try to abuse that ability of having it with them, then the teachers just need to put their foot down and maybe even give punishments to the students who don't choose to follow their rules. Some kids only got their cell phones so that their parents could contact them when needed. If students weren't allowed to have their phones then the parents may not be able to reach them when needed. We could check our phones during passing breaks to see if anyone had called or messaged us. Our parents would be happy with this because then we could tell them what they needed or just answer back. Mostly all the kids here are very mature and I feel would be able to use this privilege in the best way possible. I have never been giving the chance to try, but I know we wouldn't let you down. If you would please consider what I said and let the students of your school, SCHOOL_NAME, have a chance to prove to you how good this can be. Sinserely",0,327,1.2821705e-08
"""Ahhhhhh what will I do?"" Generic_Name furiously said. Her mother Generic_Name replied back with, ""Well honey, my opinion isn't always valid. You can always ask your friends, dad, and your sister."" Generic_Name had wanted to paint her room for a long time now. She just couldn't decide what color she wanted to paint it, because of this, she had become furious with herself. Generic_Name thought to herself about how asking more than one person could help her make her best choice. Seeking multiple opinions can help someone make a better choice, because someone's advice may differ from others, they can cast a vote by asking many people, and someone may be giving you bad advice. First off, an opinion is your choice and it's the way you view things. Your opinion does not have to match up with someone else's. When someone asks you for advice, your advice maybe be different from the other person that they ask. For instance, I may think that mango ice cream is the best flavor of ice cream, while my friend thinks that vanilla is the best flavor of ice cream. Many people many not agree with your choice but that's okay because they have their own preference. If Generic_Name asks her friend Generic_Name for her opinion she might tell her to paint her room blue, however when she asks her other friend Generic_Name, she might tell her to paint it pink. This also helps Generic_Name by giving her more ideas and options. Another reason for asking multiple people for their opinion, is that it allows you to cast a vote and take majority for the win. Although you are asking different people for their opinion, some people may have the same opinion as another. Specifically, when you are getting the same responses you can start to tally them up and make your choice the one with the most votes. As congress men Jeff Standhill once said, ""Casting a vote works as the best method when you're striving to make the best choice possible."" For example, congress casts a vote across the entire nation, in which citizens vote on the president, each and every citizen gives their input on who the president should be. Casting a vote assures that you didn't just take one person's advice and leave the other's out. Lastly, when you ask a certain individual for advice, they might give you the wrong advice. They could do this deliberately, or it might be by mistake. For example, Generic_Name's mom might have been giving her the wrong advice because she might have not known what to say. By asking many people, you most likely won't take the wrong advice into consideration. Likewise, if you asked a person for advice on how to be someone's friend, and they didn't like that person, they might tell you the wrong advice so you don't become friends with them. For all of the reason stated above, it is important to seek for multiple opinions to make the best choice. In conclusion, asking many more people besides her mom helped Generic_Name in various ways. At last, Generic_Name concluded that her she was going to paint her room light blue. Before she came to this conclusion, she asked all of her friends a question. She asked, ""What color do you think I should paint my room?"" As all of her friends gave their suggestion, she put a vote down for each color. In order to make her best choice Generic_Name, took multiple opinions because someone's advice may differ from others, she was able to cast a vote by asking many people, and someone may have been giving you bad advice.",0,612,5.4969983e-06
"As a design thinking enthusiast, I am thrilled to delve into the fascinating world of how this innovative approach can be used to solve complex problems. My name is Melvin Lebsack, and I am Donnell.Robel21@yahoo.com, Lucienne_Altenwerth33, 731 16 8210, 004.779-9746, https://winged-witness.net/Lucienne_Altenwerth33, and Tromp Stream New Kathlynfurt, Wisconsin 65950. This essay will explore the potential of design thinking in creating effective, human-centered solutions in various contexts. Design thinking originated from the field of product design and engineering. According to Larry Keeley, the founder of the innovation strategy firm Doblin, design thinking is ""a problem-solving approach that values the users' experiences, collaboration, fast learning, and the convergence of people's functional, emotional, and social needs with technology and business realities (Brown & Katz, 2011)."" Tim Brown, CEO of the design firm IDEO, defines design thinking as ""a methodology used for understanding consumers, observing their behaviors, and seeking innovative solutions to their needs (Brown, 2008)."" One significant aspect of design thinking is that it is a solution-focused methodology. It moves away from finding the 'right' answer to discovering a multiplicity of possible solutions that can address the needs and desires of a particular user group. Design thinking operates with a non-linear, iterative process that encourages collaboration, encourages an open mind, and seeks prototyping and experimentation. The five stages of the design thinking process, as defined by the Hasso-Plattner Institute of Design at Stanford University, are as follows: empathize, define, ideate, prototype, and test (Hasso-Plattner Institute of Design at Stanford University, 2020). Empathizing with the user is the foundation of design thinking. This stage calls on designers, researchers, and innovators to identify and understand the needs, perspectives, and desires of those who will interact with the product, service, or experience being created. By immersing oneself in the user's environment, collecting qualitative data, and embracing a holistic understanding of their lives, designers can ensure that their solutions resonate accurately with the intended audience. For example, a study conducted by Schwartz et al. (2016) illustrates the critical importance of empathy in the design thinking process. They redesigned a walking cane for the visually impaired by engaging the end-users in the design process through interviews and co-creation sessions. This approach resulted in a product that was both functional and emotionally appealing to the cane's users, thus demonstrating the power of empathy in design thinking. Design thinking is also about fostering collaboration and collective creativity. Designers can work alongside specialists from various disciplines, including engineers, business strategists, and marketing professionals, during the define, ideate, prototype, and test stages. Collaboration can help broaden perspectives, challenge assumptions, and enrich the solution-finding process. As design thinking increasingly permeates various sectors, organizations are harnessing its potential for product and service innovation, organizational transformation, and social change. Companies such as Apple, Airbnb, Google, and IBM have successfully incorporated design thinking into their management and innovation strategies, fostering a culture that champions innovation, creativity, and empathy (Dunne & Martin, 2006; Martin, 2009). Design thinking has the potential to contribute to more profound societal changes as well. In the field of education, for instance, design thinking has begun to influence teaching and learning methodologies. Educators are integrating design thinking into their curriculums, empowering students to gain the skills necessary for problem-solving and collaboration (Kelley & Kelley, 2013). By instilling these essential skills in young learners, design thinking may help cultivate a new generation of more empathetic, innovative thinkers capable of addressing the complex challenges of the future. In conclusion, design thinking is a powerful, transformative problem-solving methodology that places users at its core. By fostering empathy, collaboration, and creativity, this approach can lead to more effective, engaging, and human-centered solutions for various sectors and industries. As I continue my academic journey in design thinking, I eagerly anticipate uncovering its potential, unraveling its intricacies, and sharing its impact on the world. References: Brown, T. (2008). Design Thinking. Harvard Business Review, 86(6), 84-92. Brown, T., & Katz, B. (2011). Change by Design. HarperCollins Publishers. Dunne, D., & Martin, R. (2006). The Deep Design Method. Architectural Design, 76(3), 14-25. Hasso-Plattner Institute of Design at Stanford University. (2020). The Five Stages of Design Thinking. Retrieved from https://dschool.stanford.edu/teaching-d-school-way/d-school-process/five-stages-design-thinking Kelley, T., & Kelley, D. (2013). Creative Confidence. Crown Business. Martin, R. (2009). The Design of Business. Harvard Business Press. Schwartz, D. L., Kim, Y. G., An, S. H., & Choi, Y. H. (2016). Redesigning a walking cane for the visually impaired through a user-centered design thinking approach: Designing a smart emotional product. Universal Access in the Information Society, 15(4), 517-535.",1,748,0.0
"Are you confused, angry, or sad? What if a computer could help you understand more to take away your confusion. Technology has been advancing little by little and we are at the point in time where a computer is now able to read your face and emotions. Two professers have been working hard to create a new software that can recognize emotions. They are developing better ways for humans and computers to communicate. The use of technology in the classroom is huge. Most students are now learning lessons planned by their techers' via laptops and etc. Sometimes students struggle to comprehend their teahcer's lessons and tend to be confused because of the way they are taught. Every student learns a different way and sometimes the teacher runs out of options to help the student understand. Now, computers have a different mind. They are more ""intelligent"" than humans. They can program different things for different people. This new software could be very valubale in a classroom because it can help explain things in ways that a teacher can't and will be able to adjust to the students comprehension. Math can be a very stressful and difficult subject to comprehend. Sometimes teachers cant explain how to solve an equation easily which is how computers could help do those things. If you're reading through your teachers lesson and see his/her explanation on how to solve but you don't quite understand it, you tend to make a face of confusion. The computer may read that and see that you are having difficulty understanding the issue and may make the work easier for you to understand. Last but not least, some student's tend to get frustrated or annoyed and decide to give up. A student giving up is not a good thing because they then don't learn what they were meant to learn. The computer may notice that a child is getting annoyed or upset and can find a different more fun and entertaining way to help the student. Just a simple change in the form of the lesson may give a student motivation to learn instead of quitting and giving up. Sometimes all a student needs is for something to be adjusted to their understanding and level. This software created by two professers could be very valuable in a classroom. There are many benefits it could bring but there are some problems it could cause as well. Overall, this software will have a positive effect to help a child know they can be helped to understand what they dont. It could produce a new learning enviornment to the students comprehension and many test grades and etc could improve.",0,444,2.8941778e-07
"Some people ask multiple people for advice. Maybe they just want to know other peoples' opinion's. Also, they just wanted to here someone say what they said. It could be that they wanted to talk to someone that has more experience. Some people ask multiple people for help this strategy helps people decide because they want to know other people s' opinions, or they just wanted to here it from someone else, and maybe they wanted to talk to someone that has more experience. Some people want to know other peoples opinion about the topic. This helps by giving the person more options. It also helps by seeing if they are even close to being correct. This can also help by giving me another point of view to look at. Thats one way to look at it but maybe i wanted to see a different way. Maybe someone wanted to ask someone that is experienced. Talking to someone experienced can help by showing someone how it went for them. It could also help by letting me know what to do and what not to do not to do in a situation. Finally, it could help by just showing me what i'm doing wrong. There is another way i could get advice. Also it could ne that i just want to hear my answer from someone else. This works because it gives me confidence. It also helps me stay with one thing instead of being off topic. It doesn't just give me confidence for now it gives me confidence for in the future. Finally time for the conclusion. All of this things give good advice which helps us make better choices. Knowing peoples opinions helps a lot. Having people that have experience to talk to is good. Plus just having someone say the same answer you have can give you a lot of confidence. Just having anyone at all to talk to and to get advice from is really good.",0,329,7.397162e-09
"Dear School Principle , The constant cell phone use must stop. Taking the cell phones away completely though isn't the answer. The rule of you can only use your phone during your own time is would work very well since some students need their phones to contact their parents for a ride home. Other reasons could be for emergencies or to just be able to contact people they may need to speak to. Just taking cell phones away completely if anything may only cause more problems. Cell phones can and are very useful items for when you need a ride home. Say you have missed the bus and need a ride home all you need to do is contact your parents to give you a ride with your cell phone. Still what if they cant give you a ride then you can just call your friend to see if you can get a ride from their parents. When your in that situation with a cell phone the possibilities are endless. Also what if you are walking home from school or your at school and you get hurt. You would be able to call someone for help if you had your phone. Without your phone you would be almost hopeless and all you would be able to do is yell and hope you can be herd. Reviewing these reasons show you why cell phones come in so handy at times they are especially needed. Cell phones by the way the information shows it are very useful devices. They can be used for all of these things and more. For example if you forget your homework, you can call a parent to come bring to school so you can hand it in. All of these examples show how cell phones are not just used for evil. From, STUDENT_NAME",0,306,8.0170395e-09
"State senator, We should abolish electoral college, its unfair and non-democratic. The presidents seat should be based on popular votes as the winner. Instead of this Electoral college that is clearly unfair and has no clear outcome, look at what happened in 2000. As stated in paragraph 16,""Gore had popular votes"" but less electoral votes than Bush ,and Bush won that year. The problem is the PEOPLE are not voting for who should be president,its the electors that are electing the new or next president. This is so flawed needs to be changed like now. The collage electoral process does have its benefits like if a president candidate increased his popularity in states he knew he could win popularity in, That would gain no electoral votes. The winner take all method sounds like a great idea. As stated in paragraph 20,The most thoughtful voters should be ones to to decide the election, but their is a flaw with that even the most thoughtful people in the world make mistakes. Look at what happened with Nixon. The president is only one person. People make mistakes. Let the People make mistakes instead of forcing everything into a box like congress. Is their a limit on how many electors the president chooses,I hope so. A elector doesn't have to vote for a president you voted for because your are actually voting for that candidate elector, Witch is so confusing. Winning votes by popularity is the way to go.",0,245,1.3979849e-06
"In today's fast-paced world, young people are often preoccupied with their studies, careers, and personal lives, leaving little time for community service. While some may argue that young people do not give enough time to helping their communities, I believe that this is not entirely true. In fact, many young people are actively involved in community service and are making a positive impact on their communities. To begin with, young people are increasingly aware of the importance of community service and are actively seeking out opportunities to volunteer. Many schools and universities now require students to complete a certain number of community service hours as part of their curriculum. This has led to an increase in the number of young people who are involved in community service. For example, in my own experience, I have seen many of my classmates volunteer at local food banks, homeless shelters, and other community organizations. Furthermore, young people are also using their skills and talents to make a difference in their communities. For instance, many young people are using their social media skills to raise awareness about important social issues and to mobilize their peers to take action. Others are using their artistic talents to create murals and other public art projects that beautify their communities and promote social cohesion. In addition, young people are also using their entrepreneurial skills to create innovative solutions to community problems. For example, many young people are starting social enterprises that address issues such as poverty, environmental degradation, and access to education. These enterprises not only provide much-needed services to the community but also create jobs and stimulate economic growth. Finally, it is important to recognize that young people face many challenges that can make it difficult for them to give back to their communities. Many young people are dealing with financial hardship, mental health issues, and other personal struggles that can make it difficult for them to volunteer. Moreover, many young people are also facing systemic barriers such as discrimination and inequality that can limit their opportunities to contribute to their communities. In conclusion, while it is true that some young people may not give enough time to helping their communities, it is important to recognize that many young people are actively involved in community service and are making a positive impact on their communities. By providing young people with the resources and support they need to engage in community service, we can help them to develop the skills, values, and sense of purpose that will enable them to become active and engaged citizens who contribute to the common good.",1,433,4.3447674e-08
"When my friend told me about how he was going Europe and wanted me to go, I was the happiest man alive. I was happy that I was going to Europe, but even happier that I was going to be a part of the United States Relief and Rehabilitation program. On this program you have the chance to take care of horses, young cows, and mules that were shipped overseas. This is a wonderful opertunity for everyone to take. I said that the cattle-boat trips were an unbelievable opportunity for a small-town boy. We have fun doing our work and also have fun with our extra time. When the animals our dropped of, on the way home we play games such as table tennis, fencing, boxing, reading, whilltling. This games help us pass time do we are never bored. When I was little in worked on my aunt Katie's farm which had prepared me for the dangers at sea. On my second trip I served as a watchman. My jobs was to check on the animals every hour and report back to the captain. I was running back to the animals when I almost fell over the rail. There are a lot of fun things to do on the job, but there are also some risks you take. I am very grateful for this opportunity because it made me more aware of animals and people of other counties and their needs. This awareness stays with me leading me family to host a number of international visits for many year after.",0,260,1.1976567e-07
"The world is becoming increasingly interconnected, and the actions of one country can have ripple effects on others. This is particularly true when it comes to material progress and well-being. In my view, the material progress and well-being of one country are necessarily connected to the material progress and well-being of all other countries. In this essay, I will provide specific reasons and examples to support my argument. One reason why the material progress of one country is connected to that of others is globalization. In today's world, countries are linked together through trade, investment, and technology. For example, many Western countries rely on China for cheap manufacturing and goods, while China relies on Western countries for investment and access to markets. If one country's economy falters, it can lead to a domino effect that affects other countries. This was seen during the 2008 financial crisis, which started in the United States but quickly spread to Europe and other parts of the world. Another reason why the well-being of one country is connected to others is migration. As people move from one country to another, they bring with them their skills, knowledge, and cultures. This can benefit the receiving country by filling gaps in the labor market, increasing diversity, and spurring innovation. However, migration can also have negative consequences if it leads to brain drain or social tensions. Therefore, the well-being of one country is necessarily connected to the well-being of others because of the impact of migration. A third reason why the material progress of one country is connected to others is climate change. The effects of climate change, such as rising sea levels, extreme weather events, and food shortages, are not limited to a single country or region. Instead, they are global in scope and require collective action to address. For example, if one country fails to reduce it's greenhouse gas emissions, it can contribute to global warming and affect the well-being of other countries. Therefore, the material progress of one country is connected to others through the global challenge of climate change. To illustrate these points, consider the example of the COVID-19 pandemic. The pandemic has affected countries around the world, with millions of people infected and hundreds of thousands of deaths. The economic impact of the pandemic has been severe, with many countries experiencing recession and job losses. The pandemic has also highlighted the interconnectedness of countries, as travel restrictions and border closures have disrupted global supply chains and migration. Therefore, the pandemic shows that the material progress and well-being of one country are connected to all others. In conclusion, I strongly believe that the material progress and well-being of one country are necessarily connected to the material progress and well-being of all other countries. This is because of globalization, migration, and climate change, which are global challenges that require collective action to address. It is in the interest of all countries to work together to promote sustainable development, reduce inequality, and address global challenges. Only by doing so can we ensure a better future for ourselves and for generations to come.",1,516,6.7735135e-07
"Phones and Driving Having phones while driving to some is safe, while others believe that it is may be dangerous. It is helpful to have a phone while driving because many people may need it for mapping instructions or directions to get from point A to B. It is also helpful because a lot of people may need their phone to communicate in case of emergencies. However, it may prove to be dangerous to allow teenagers or young adults to have phones while they are driving. This is a controversial topic that has lead to country-wise conversation. Having phones while driving can be extremely helpful for people who need assistance while they are driving A large number of people need phone in order to use ""Google Maps"" or other forms of navigation. Especially people who are new to driving may depend heavily on the navigation systems. There are people out in the world who do not fully understand how the highways and other major speedways work. They will be forced to use the navigation systems to help them get to where they need to go. Even though this may pose a risk to people who are distracted easily. They may want to use their phones to do other things. However, people still need to know where they are going. Being able to get where people need to go is better than being stranded or having to pay for ""Ubers"" or other forms of public transportation. Phones also may be helpful to those who need their phones for emergencies on the road. No one knows or expects bad things to happen; so, in the event that a bad thing does happen people need to be able to make important phone calls to emergency services. If someone in the car suddenly has a heart attack, are they supposed to just drive faster and hope they make it to the hospital in time? Whoever is driving may need to call the police. Even if something bad does not happen in the car but it happens outside of the car. What if someone drives past a fire or they see a suspicious object on the side of the road; are they supposed to just assume that someone else will see it too? Phones may be dangerous but they are a necessity, whether it is on the road or in a vehicle. While having phones while driving may be helpful to those who need GPS services, it may also prove to be dangerous to teenagers who are new to driving. Teenagers of this generation have a habit of discovering new forms of technology; especially when it comes to social media. Students of high-school level or maybe even college may fall victim to the effects that driving while having a phone may provide. When a student is driving and using the GPS at the same time, the student may want to check notifications on a topic that they were interested in. Or they may try to text back a friend before they reach a stop light. Even if the student makes the choice to text at a red light, they may end up texting after the light is green while unaware of it. This may lead to a crash, especially if it is on a main road. Having a phone while driving is a topic that deserves further conversation and discussion. Some argue that phones are a very useful tool, especially if it is being used for GPS purposes. Some also say that phones are useful in case of emergencies. While another group suggests that phones should not be allowed for the simple fact that it is a distraction. This topic is still under discussion and no end is in sight.",0,625,7.970377e-08
"The COVID-19 pandemic has significantly impacted the world, and storytelling has been an essential tool in capturing and making sense of this unprecedented experience. This essay will explore how storytelling has been used to document and share the experiences of individuals and communities during the pandemic. Specifically, it will examine the use of digital tools and platforms in storytelling during COVID-19. One example of storytelling during the pandemic is the ""Quarantine Backyard"" project, created by Samantha York (<Samantha.York@richardson-lawrence.info>, <277381182>, <JNGC75207167811266>). This project involves participants taking a photograph of their backyard once a day for the duration of the pandemic, creating a visual diary of their experiences. The project has been shared on social media platforms, allowing a wide audience to engage with and respond to the stories being told. Another example is the ""Coronavirus: The Stories We're Living"" project, a collaboration between the BBC and the Wellcome Trust. This project invites individuals to submit stories about their experiences during the pandemic, with a selection of the submissions being shared on the BBC's website and broadcast on the radio. The stories cover a range of topics, including isolation, loss, and the challenges of adapting to a new way of life. Digital tools and platforms have played a crucial role in the storytelling of the pandemic. For instance, social media platforms such as Twitter, Instagram, and TikTok have provided a space for individuals to share their experiences and connect with others. The use of hashtags, such as #CovidStories and #QuarantineLife, has enabled stories to be grouped together and made discoverable by a wider audience. Similarly, digital storytelling platforms such as Cowbird and Storycenter have provided a space for individuals to share and preserve their stories through multimedia formats. The use of digital tools and platforms in storytelling during the pandemic has also facilitated the creation of participatory and collaborative storytelling projects. These projects have enabled a range of voices and perspectives to be heard and shared, promoting a more diverse and inclusive understanding of the pandemic. For example, the ""Coronavirus: The Stories We're Living"" project includes submissions from individuals from a variety of backgrounds, ages, and locations, providing a more nuanced representation of the pandemic than a single narrative could offer. Moreover, digital tools and platforms have enabled storytelling during the pandemic to be more accessible to a wider audience. For instance, digital archives such as the COVID-19 Archive and the Coronavirus Creative Content Hub have been established to collect and preserve stories related to the pandemic. These archives are freely accessible online, allowing individuals to engage with the stories and learn from them. Additionally, the use of multimedia formats, such as podcasts and videos, has enabled stories to be shared in a variety of ways, increasing accessibility for individuals with different learning styles and preferences. Despite the benefits of digital tools and platforms in storytelling during the pandemic, there are also challenges and limitations. For instance, the reliance on digital technology may exclude individuals who do not have access to it or who are not comfortable using it. Furthermore, the abundance of information and stories available online can make it difficult for individuals to navigate and find reliable and accurate information. In conclusion, storytelling has been an essential tool in documenting and sharing the experiences of individuals and communities during the COVID-19 pandemic. Digital tools and platforms have facilitated the creation and sharing of stories, enabling a range of voices and perspectives to be heard and shared. While there are challenges and limitations to the use of digital technology in storytelling during the pandemic, the benefits of increased accessibility and participation outweigh the drawbacks. As the pandemic continues, it is important to continue documenting and sharing our stories to ensure that the experiences of individuals and communities are not forgotten. References: * The Quarantine Backyard project. (<https://quarantinebackyard.cargo.site/>) * Coronavirus: The Stories We're Living. (<https://www.bbc.com/news/uk-51706220>) * Cowbird. (<https://cowbird.com/>) * Storycenter. (<https://storycenter.org/>) * COVID-19 Archive. (<https://www.covid-19archive.org/>) * Coronavirus Creative Content Hub. (<https://www.bbc.com/news/entertainment-arts-51701224>)",1,659,0.028065355
The author supports his idea of Venus being a worthy pursuit despiting the dangers by explaining how its the closest planet to us. Venus used to have oceans just like earth. Tare some details the author give us in the passage about enus being an worthy but dangerous planet to explore. In paragragraph 2 he explains how its the closest planet to earth in terms to density and size. Its also closest in distance to us at certain times. Its dangerous because they sent several space craft and it only lasted a few Hours after it landed. Thats probably the reason why not a single spaceship has landed in more than three decades ago. It would be hard to land there and stay ther because of the heat and the carbon dioxide. the atmosphere is almost 97 pecent carbon dioxide which would make it impossible to breathe in. The average temperature is over eight hundred degrees fahrenheit. the pressure is also ninety times greater than what we experience. The scientitist wouldnt be able to take rock or gases off the planet so they would have to get close and take huge risk. NASA s working on studies for venus like they simplifie electronice and made silicone carbide that has been tested in chamber simulatin wich could last up to threee weeks. He thinks its because of human curiosity and will likelyy lead to many equally intimidating endeavors. These are some of the examples of the author using details in the text showing why he beleives ecploring Venus is worthey other than all the danger.,0,264,5.501003e-07
"The use of E-dictionaries is increasingly popular among students, while teachers think that the overuse of E-dictionaries might have more disadvantages than advantages for English learning. I agree with teachers that too much reliance on E-dictionaries may lead to the deteriorating of our spelling ability. Firstly, E-dictionaries provide us with an efficient way to look up words. We can simply type in a word and then the definition will pop up. However, this convenience might make us lazy to remember how to spell the word. For example, when I was preparing for my TOEFL test, I always looked up words that I was not sure how to spell in my E-dictionary. As a result, I could not spell them correctly when I wrote my essay. Secondly, E-dictionaries do not provide us with the correct pronunciation of a word. Although some E-dictionaries have the function of pronunciation, the pronunciation is usually not very accurate. This might cause us to pronounce the word wrongly. For example, I once looked up the word ""advertisement"" in my E-dictionary and the pronunciation given was ""ad-ver-tize-ment"". However, when I checked with my teacher, she told me the correct pronunciation was ""ad-ver-tai-zment"". In conclusion, I think we should use E-dictionaries wisely. We should not rely on them too much as this might lead to the deteriorating of our spelling ability.",1,223,7.915378e-06
"You will like to join the Seagoing Cowboys because you will take care of the animals that are on the boat. You will get to sightsee and go to different countries that you have never been before. After the animals leave the boat you get to do things on the boat like reading, Table-tennis tournaments, boxing, and more fun activites. Everyday you maybe need to go to deliver the animals to a new country and you will get to feed them and take care of them. This boy named Luke graduatied and his life changed after he said yes to go on a cattle boat. First, Luke graduated high school and he had two part-time jobs one at the grocery store and one at the bank his friend Don invited him on a cattle boat to go to Europe he said yes and he knew it was an opportunity of a lifetime. When it was nineteen fourty-five World War two was over in Europe and the UNRRA hired Seagoing Cowboys to take care of the animals that were shipped over sea. Luke and Don singed up to be Seagoing Cowboys and in August nineteen fourty-five they received their orders to report to New Orleans and Luke says, ""We arrived August fourteen the day the pacific war ended."" so they both got their seaman's papers and boarded the SS Charles W. Wooster, that was headed for Greece. Luke turned eightteen which meant he could be drafted for the military service. By the time he was discharged in 1947, Luke made nine trips which was the most of any Seagoing Cowboy. In conclusion Luke was a good Seagoing Cowboy but, he was not working for a couple of days because he cracked his ribs on a rainy night. Luke was knowed for making the most trips that a Seagoing Cowboy has ever made. Luke had a total of sixteen times that he croosed the Atlantic Ocean and the Pacific Ocean twice to help people affected by World War two. Luke was a nice caring man who help on the ship and the people. Luke opened up the world to him and had a grateful opportunity that made him more awareof the people of the other countries and their needs.",0,377,6.070665e-08
"According to my scientific studies done at NASA, this landform is natural. It is not made by aliens. I have done much research in my day as a scientist at NASA, and I know that plates on a surface can shift land due to forces, and that is why I do not believe this ""face"" was made by aliens. I believe this face on Mars is natural because aliens are not real. This face on Mars just happens to look like a face. In my experienced years of being a sceintist, I know people get fired up about things that are not supposed to look like something else but they do. This is a perfect examle of just that! This face is naturally made, but because it looks like the face of an Egyptian Pharaoh, it is different. Just because it looks like something does not mean that aliens or something else that is creapy made it. This landform just happened to look like a face. That is that. There is not enough evidence to support that aliens made the Pharaoh-face landform, so for now, let us consider the face naturally made. Overall, I believe this face is naturally made. There is no evidence that supports the fact that aliens went to Mars and made a face on the surface so the entire planet Earth could see it and become curious. On the other hand, there is more evidence to support the scientific theory; The landform is naturally made. Aliens are not real, and there is litle to no evidence to support the alien theory. Until someone comes to me and finds supporting details about aliens creating this landform, I will not change my thoughts and views on the whole situation.",0,291,1.0527891e-08
"Venus is worthy to pursuit despite the dangers it presents. Venus is refered as the to the ""Evening Star. The nickanme is misleading since Venus is really a plant in our solar system, Venus is the second planet from our Sun.""Astronomers are fascinated by venus because it may have beem the most Earth-like planet in our solar system. Venus is often referred as Earth's twin. Long ago, Venus was probably covered largely with oceans and could have supported various forms of life, just like Earth."" Venus seems to be a fairly interesting planet to look into when put into the consideration that it was earth like with its rocky sediment surface, valleys, mountains and craters. ""Solar power would be plentiful and radiation would not exceed Earth levels. Not easy conditions, but sirvivable for humans."" If the people on Earth were in a end of the World crisis colonizing Venus would not be bad idea. Since the evidence of past life on Venus is right under the noses of the people of Earth it would be tough but not impossible. Although the risks for exploring will be tough the real challenge will be to land on venus.""Peering at Venus from a ship orbiting or hovering safely far above the planet can provide only limited insight on ground conditions. Venus would need to get up close and personal despite the risks."" NASA is working on studying some appoarchs on how to get to venus. ""For example, some simplified electronics made of silicon carbide have been tested in a chamber simulation the chaos of Venus's surface and have lasted for three weeks in such conditions. Just imagine exposing a cell phone or tablet to acid or heat capable of melting tin. By comparison, systems that use mechanical parts can be made more resistant to pressure, heat, and other forces."" Developing new technology is coming soon and as more time passes the more advanced it going to become and the goal to reach Venu's surface grows closer than ever before. In conclusion aiming for landing of Venus is worth it, because of the invidence given on the planet. But there is also this hidden curiosity about Venus that can be off putting. Just because Earth may not have the technology right now doesn't mean humans should give up on the thought of exploring Venus. Life, new technology, and new discovery's are waiting on Venus so it is worth all the trouble for one little planet bigger than Earth. It could the people of Earth's future home if something happened with a huge effect on Earth all to together their would be a back plan.",0,440,1.2639042e-07
"Throughout a students educational experience, they have the 3 month break at the end of each year that allows them to have time off and have a break from the intense rigor of school. Although, the break can better be purposed by having assignments to further their knowledge during this time period. These projects can best be designed as student led so that students can have more creativity and imagination towards the project, specialize one topic based on future educational interest, and ensures that students have the resources they need to complete the assignment. From Kindergarten through grade 12, each student is given a curriculum to follow and learn for a standardized test at the end of the year; student led summer projects would allow for a broader outlook on their schooling education and explore topics that would not be looked at otherwise. A student who only learns about their immediate community and ecosystem can gain a broader perspective on society after completing a summer project about an ecosystem in another region of the world. The additional thought and imagination put into a project like this would be hard to complete in an organized project created by a teacher. Furthermore, students commonly bored during one project that a large group of students have to complete. The rules and rubric which have to be followed deprive the students of exploration and investigation which is crucial for a successful education. Allowing for students to find their choice of exploration and then present it in a unique way brings a complex ideology about interesting topics. Not only is the content of student led projects productive, but so is the way of deriving that information. Commonly, classrooms follow a strict set of rules to ensure each students safety, but those rules come with a cost. The rules cause students to think in one way, act in one way, and test in one specific way. A summer project which gives students space to compete based on their creativity allows them to break out of those boundaries and complete what they want to complete. A students future college path can also be benefited by student based summer projects due to the option of focusing on their desired topic. As students age into their final years of high school, many already know the path they want to take in college and ultimately their occupations. Giving students an option to focus and research on these topics will not only allow them to understand more about the topic but also build their application to give them a better chance at getting into respected schools. A student who wants to explore the medical pathway might use the summer project as a chance to see what the field is about. That student might shadow surgeons or pediatricians and then analyze and report their findings. The alternate option of teacher led student projects would not allow for this type of unique opportunity. Using the report of their findings, a student can better apply for prestigious college opportunities, scholarships and programs through their past experience that gives them a step up from their competing applicants. Lastly, the guidelines given to the entirety of the public schooling system leaves students in lower socioeconomic situations to not be able to complete certain projects. The student led project system allows students to find a topic that is accessible for them rather than one that has a large demand for expensive purchases. Certain projects specifically in the science department, require an excessive amount of resources making them hard to obtain out of the school setting. If the teacher led projects would require students to purchase these goods, difficulties would arise in regards to the ability for all students to have access and an abundance of these items. Although supplies may be given through the schooling system, a work space might be difficult to obtain as well. Choosing a project that not only gains the students interest but also allows them to complete it with ease displays the benefits of student led projects. Projects that can be completed during the summer should be led by the students desires and aspirations as it will gain allow for the most success of the student. Student led projects show most effective through the ability for students to use their imagination, research a topic they might study in college, and complete the work productively and efficiently.",0,734,1.547039e-07
"The age at which a person enjoys life the most is a highly subjective matter. Some may say younger people enjoy life more than older people while others may disagree. It is important to recognize that life can be enjoyed at any age, and that one's individual experiences and perspectives can significantly influence how much they enjoy each stage of life. It is not uncommon for younger people to experience life with the greatest enthusiasm. During the younger years, people often have fewer obligations and are able to take more risks. They have the freedom to explore their potential and pursue their interests without the perceived restrictions that may come with growing older. Young people may be more likely to engage in a wide range of thrilling activities, such as extreme sports, that can leave them feeling exhilarated and alive. As an example, I recently watched a group of young people skydiving for the first time, and their enthusiasm and joy was palpable. On the other hand, older people often have a more mature view of life that can lead to a greater appreciation of it. With age comes wisdom, and older people have likely experienced a greater breadth of life's highs and lows than younger people. They may be more capable of recognizing the smaller moments of joy that come with living life to it's fullest. These moments may be as simple as a cup of tea shared with a close friend, or as complex as watching a beloved child graduate college. Older people also have more free time to engage in activities that bring them joy. They tend to have more flexible schedules and opportunities to pursue hobbies and interests outside of their professional lives. They are also more likely to have a social circle that allows them to share experiences and enjoy life together. For example, my grandparents host regular get-togethers with their friends and often seem to be having the most fun when they are with their closest companions. Ultimately, life can be enjoyed by people of all ages. Younger people often have the energy and enthusiasm to explore the world and pursue thrilling activities, while older people have the wisdom and experience to appreciate life's simpler moments. Each person's individual experiences and perspectives can shape how much they enjoy life at each stage.",1,388,1.3362586e-07
"Learning Launch: Testing Ideas and Improving Products As a student in the field of James Becker, I have come to realize the importance of testing ideas and improving products. This process, known as ""Learning Launch,"" is critical for the success of any innovation or project. The ability to test and improve is a skill that is highly sought after by employers and can lead to significant advancements in one's career. According to Eric Ries, author of ""The Lean Startup,"" Learning Launch is a three-step process that involves building, measuring, and learning. This process is often referred to as the ""Build-Measure-Learn"" loop (Ries, 2011). The first step, building, involves creating a minimum viable product (MVP) that is capable of solving a customer's problem. The second step, measuring, involves gathering data on how the MVP is being used and whether or not it is effectively solving the customer's problem. The third step, learning, involves using this data to make improvements to the MVP and to the overall product. One example of a successful Learning Launch is that of Dropbox. In the early stages of Dropbox's development, the team created an MVP that consisted of a simple video demonstrating the product's features (Lewis, 2018). The video quickly went viral, garnering thousands of sign-ups and providing the team with valuable data on what customers wanted and how they were using the product. Based on this data, Dropbox was able to make improvements to the product and continue to grow its user base. In addition to building, measuring, and learning, there are a number of other factors that can contribute to a successful Learning Launch. For example, it is important to involve customers in the testing and improvement process. According to Marty Cagan, author of ""Inspired: How to Create Tech Products Customers Love,"" ""the best way to build products that customers love is to involve customers in the product development process"" (Cagan, 2018). By involving customers, teams can gain valuable insights into what works and what doesn't, and can make improvements accordingly. Another important factor is the use of data. As Ries states, ""data is the lifeblood of the Lean Startup"" (Ries, 2011). By gathering data on how the MVP is being used, teams can make informed decisions about what changes to make and how to make them. This data can come in many forms, such as customer surveys, usage data, and feedback. Lastly, it's important to note that Learning Launch is not a one-time process. It's a continuous cycle of building, measuring, and learning, with the end goal of creating a product that truly meets the needs of the customer. As Ries states, ""The Lean Startup is not about being cheap but about being fast"" (Ries, 2011). By using the Learning Launch approach, teams can quickly test and improve their products, leading to a more efficient and effective development process. In conclusion, Learning Launch is a vital process for testing ideas and improving products. By building an MVP, measuring its usage, and learning from the data, teams can create products that truly meet the needs of their customers. Involving customers and using data are also important factors in the Learning Launch process, leading to a more efficient and effective development process. As a James Becker, I understand the importance of Learning Launch and will continue to apply its principles in my future projects. References: Cagan, M. (2018). Inspired: How to Create Tech Products Customers Love. John Wiley & Sons. Lewis, H. (2018, August 30). Dropbox: How a Simple Video Landed 75,000 Sign-Ups in a Single Day. Medium. Ries, E. (2011). The Lean Startup: How Today's Entrepreneurs Use Continuous Innovation to Create Radically Successful Businesses. Crown Business.",1,612,0.00013609834
"Talking to more than one person for ideas or advice is very helpful for many reasons. It may help you understand different sides of an argument for example. Or you may even get more, or different information from different people. Everybody thinks differently, and the more people you question on a subject the more unique answers or ideas you would get. That is why I would think talking to more people for advice or for any subject, is better than only talking to one person, or no one at all. A big reason I personally, and from experience think getting more opinions on is when you get into an argument. Not all arguments are about settling an aggravated dispute. Some arguments begin by at least one person disagreeing with another persons idea. This is not a bad thing. If you were in an argument and you thought you were right about something, ask a friend or somebody what they think. They may prove your side of the story, or they may even change your mind and explain why you were wrong. Doing this can be a good way to understand whole different sides of stories that you may not have even considered. Another reason for talking to a lot of people for something is to get ideas. Businesses do this all the time to invent new products. A bunch of people may get together and decide they wanted to make a new brand of car. Instead of one person thinking about the idea, everybody in the business may suggest something like what to call the car,how wide the car should be,how many they should make, or where they should sell the new car. The more brains and perspectives you have, the more you can accomplish. The final reason to ask people for their opinions is to gain information or techniques. If you were trying to grow a garden and all of your plants were dying, it would be smart to ask a farmer what to do. Or even go online and look up the reason all of your plants were dying. You could even find out that you were watering your plants to much, or that the plant you were trying to grow needed shade. Even learning techniques from another person would be an excellent idea. If you need help with something there is also people around to question or get information from. If you put everything together, asking people for help or for advice is a very good option. It can help you in so many ways, such as being in a business or growing a garden. As a plus their is not a lot of downsides to asking for help. This will help you settle arguments or gain information.",0,461,1.7189193e-07
"Innovation Visualization Challenge: A New Perspective The concept of innovation visualization is a powerful tool that has the potential to revolutionize the way we approach problem-solving and creativity. The ability to visualize an idea before it becomes a reality is a crucial step in the innovation process. In this essay, I will discuss the innovation visualization challenge and how it can be addressed through the use of various visualization techniques. As Colleen Jones, I have always been fascinated by the power of innovation and the role that visualization plays in bringing new ideas to life. In this essay, I will explore the concept of innovation visualization and the challenges associated with it. I will also examine the various techniques and tools that can be used to address these challenges. The first challenge that must be addressed in the innovation visualization process is the ability to communicate complex ideas effectively. When an idea is still in its early stages, it can be difficult to convey its potential to others. This is where visualization comes into play. By creating a visual representation of the idea, it becomes easier to understand and communicate its potential. In order to effectively visualize an innovation, it is important to use the right tools and techniques. There are a variety of tools and techniques available for innovation visualization, including sketching, prototyping, and 3D modeling. By using these tools, innovators can create a visual representation of their idea that is both accurate and easy to understand. Another challenge that must be addressed in the innovation visualization process is the need to accurately represent the idea in a way that is true to its original concept. This is where the concept of innovation fidelity comes into play. Innovation fidelity refers to the degree to which a visualization accurately represents the key aspects of an innovation. One technique for ensuring innovation fidelity is to use a visualization method that allows for a high level of detail. For example, 3D modeling can be used to create a detailed representation of an innovation, allowing innovators to see every aspect of their idea in great detail. Another technique for ensuring innovation fidelity is to use a visualization method that allows for iteration and refinement. By creating a visualization that can be easily modified, innovators can experiment with different aspects of their idea and make adjustments as needed. One example of a tool that can be used for innovation visualization is the software program SketchUp. SketchUp is a 3D modeling tool that allows users to create detailed representations of their ideas. With SketchUp, innovators can add textures, colors, and other details to their models, giving them a more realistic look and feel. In conclusion, the innovation visualization challenge is a complex issue that requires the use of effective tools and techniques. By using tools such as SketchUp and techniques such as 3D modeling, innovators can effectively visualize their ideas and communicate their potential to others. By ensuring innovation fidelity and using visualization methods that allow for iteration and refinement, innovators can create accurate and detailed representations of their ideas. As Colleen Jones, I am excited to continue exploring the innovation visualization challenge and to discover new techniques and tools that can be used to address this challenge. Whether you are an innovator, a designer, or simply someone with a great idea, innovation visualization is a powerful tool that can help bring your ideas to life. References: - Chung, J. (2018). The Power of Innovation Visualization. Retrieved from <https://www.forbes.com/sites/forbestechcouncil/2018/02/26/the-power-of-innovation-visualization/?sh=6f2d094f6f9f> - Innovation Fidelity. (n.d.). Retrieved from <https://www.interaction-design.org/literature/topics/innovation-fidelity> - SketchUp. (n.d.). Retrieved from <https://www.sketchup.com/>",1,597,0.00074653415
"Learning Launch Challenge with Online Banking Use Case As a university student, I have found that online banking has become an essential tool in managing my finances. The ease and convenience of accessing my bank accounts from my laptop or smartphone have made it possible for me to complete financial transactions quickly and efficiently. However, as I have learned from my experience, online banking also has its challenges, specifically, in the area of cybersecurity. In this essay, I will share my learning launch challenge with an online banking use case, focusing on how to protect my personal information online. One of the first challenges I faced when using online banking was learning how to identify and protect my personal information identifiers (PII). As a student, I am required to provide my name (Andrew Davis), email address (Andrew.Davis@douglas.com), username (CkS101122676WO), student ID number (452-09-8057), phone number ((614)406-6504), and home address (92692 Heather Glen Stevenland, SC 59934). These PII are necessary for registration, authentication, and authorization purposes. However, these same PII are also the primary targets of cybercriminals, who may use them for phishing, identity theft, or other malicious activities. To address this challenge, I learned how to identify and protect my PII by practicing good cybersecurity habits. For instance, I avoid clicking on suspicious links or opening attachments from unknown senders. I also use strong, unique passwords and two-factor authentication (2FA) whenever possible. Moreover, I limit the amount of personal information I share online and regularly monitor my bank accounts for any unusual activities. By practicing these habits, I can reduce the risk of my PII being compromised. Another challenge I faced was learning how to use online banking features securely. Online banking offers many useful features, such as online transfers, bill payments, and mobile deposits. However, these features require a higher level of security to prevent unauthorized access or fraud. To use these features securely, I learned how to recognize and avoid phishing emails, enabling me to detect and prevent potential attacks. I also use secure Wi-Fi networks and virtual private networks (VPNs) to ensure that my online activities are not intercepted or monitored by third parties. Finally, I had to learn how to backup and restore my online banking data in case of a cyber-attack. Online banking provides an electronic record of all financial transactions, which is essential for financial record keeping and tax purposes. However, this data may be lost or corrupted due to a cyber-attack or system failure. To address this challenge, I learned how to backup my online banking data regularly and store it securely. I also learned how to restore my data in case of a data loss or corruption. By practicing regular backups and data recovery, I can ensure that my financial data is always accessible and up-to-date. In summary, online banking offers many benefits, such as convenience, speed, and efficiency, but it also presents several challenges, such as cybersecurity risks and data protection. As a university student, I had to learn how to use online banking securely by identifying and protecting my PII, using online banking features securely, and backing up and restoring my online banking data. By practicing these habits, I can ensure that my online banking transactions are secure, private, and reliable. In conclusion, the learning launch challenge with online banking use case has been an enlightening experience for me. Through this challenge, I have learned how to use online banking securely and protect my personal information online. I encourage all university students to take this challenge and learn how to use online banking securely. By doing so, we can all enjoy the benefits of online banking while minimizing the risks of cybercrime and data breaches. References: Hofmann, J., & Schupp, T. (2015). Cybersecurity education and training: a literature review. Computers & Security, 49, 26-39. Kim, J. H., & Lee, B. (2015). A privacy protection method for personal information in the context of mobile banking. Expert Systems with Applications, 42(2), 953-964. Kumar, R., Mohanty, S., & Jena, R. (2018). Cybersecurity awareness and training: a survey on the challenges, tools, and techniques. Journal of Information Security, 9(1), 1-13. Park, W., & Lee, S. (2017). An analysis of user's security awareness in mobile banking. Computers & Security, 68, 22-34. Shackelford, S. J., & Tygar, J. D. (2005). A survey of computer security course content: can we teach more about security and still satisfy accreditation requirements? Journal of Computing Sciences in Colleges, 21(2), 89-108. Stylianou, A. A., & Patsakis, C. (2018). A framework for evaluating online information security awareness. Information, 9(4), 115. Weir, M. (2019). Cybersecurity for Beginners. Apress.",1,765,0.00027350144
"Some people may view car limitations as bad or inconvinient, but that isn't true. There are plenty or ways to get to where you want to go other than driving. More people have been cutting down on their car usage and it helps with many things. There are lots of advantages to communities and cities when car usage is limited. Pollution is a major problem in big cities like Bejing, China; known as one of the most polluted cities in the world. Cutting down car usage in big cities like this can help get rid of the horrendous smog. Paris, which often has more smog than other European capitals, has made some significant changes to help reduce the smog and harmful greenhouse gasses that are trapped in the air from car emissions. They let cars with even numbered license plates drive on some days and cars with odd numbered license plates drive on others. This reduced the smog in Paris within a few days. Most people depend quite a bit on their cars. Reducing car usage can help people not to be so dependent on their cars. Instead of driving to work people can ride the bus, take the subway, etc. This will help a lot with the congestion of the roads during rush hours. There will be a lot less traffic if people are car-pooling or taking some other mode of transportation, keeping road-ways clearer for emergency vehicles and public transportation. There also won't be the problem of people being late if they get stuck in traffic or their car breaks down. The number of miles people in America drive has gone down significantly since 2005. This means that people are finding better, more efficient ways of getting to where they need to be. This will help everyone in the long run. There will be less money spent on cars, car repairs, and gasoline; saving everyone a lot of money. Cars can be very expensive to maintain, especially when no one knows if their car battery is going to die or if they will get a flat tire. Having another source of transportation would save people lots of time and money. If there is less need for cars, then more public transportation will be offered, even in places less populated like the suburbs. Limiting car usage is helpful for everyone and eventually it will become even more efficient and convinient not to drive a car everywhere. Pollution will go down and money will be saved. There are already entire communities like the one in Vauban, Germany that don't rely on cars. If there were more communities like this around the world, they would help lead the way to a new age where cars aren't as important and people won't have to depend on them as much as they do now.",0,471,3.7637303e-08
"The world is changing every day, and with that, so is the way people live their lives. In the past, it was more common for people to be involved in their communities. They would help their neighbors and work together to make their community a better place. Nowadays, it'seems like people are more focused on themselves and their own lives. They are less likely to help their community, and more likely to just look out for themselves. There are a few reasons for this change. One reason is that people are busier than they used to be. With work and other commitments, they have less time to dedicate to their community. Another reason is that people are more isolated than they used to be. With technology, people can connect with others all over the world, but they are less likely to connect with people in their own community. Finally, people may be less likely to help their community because they feel like someone else will do it. They may not see the need to help if someone else is already doing it. Whatever the reasons, it is clear that young people are not giving enough time to helping their communities. This is a problem because communities need the help of it's residents to function properly. When people do not help, it can lead to a decline in the community. There are a few ways to solve this problem. One way is to make it easier for people to help their community. For example, community organizations can offer volunteer opportunities that fit into busy schedules. Another way to solve this problem is to make people more aware of the need to help their community. This can be done through education, either in school or in the community. Finally, people need to be incentivized to help their community. This could be done through rewards or recognition. Whatever the solution, it is clear that young people need to start giving more time to helping their communities. Only then can communities thrive.",1,338,7.367655e-08
"In twenty years, the world may look fundamentally different than it does today. Many of the technological advances we take for granted today, such as self-driving cars and ride-sharing services, may become commonplace and widely accepted. This could significantly reduce the number of cars in use compared to today. As such, I agree that in twenty years, there will be fewer cars in use than there are today. The most obvious reason why there will be fewer cars in use in twenty years is because of the rise of self-driving cars. Self-driving cars are cars that are able to drive themselves without the help of a human driver. They are able to navigate using a combination of sensors, cameras, and software that allow them to 'see' and 'think' like a human driver. Self-driving cars have the potential to drastically reduce the number of cars on the roads, as they can be shared among multiple people at once. For example, if a family of four needs to get to their destination, they could all ride in a single self-driving car, instead of having four separate cars. This could drastically reduce the number of cars in use. In addition to self-driving cars, ride-sharing services, such as Uber and Lyft, are likely to become even more popular in the next twenty years. Ride-sharing services allow people to summon a ride from their smartphone, eliminating the need for them to own their own car. Ride-sharing services are already widespread in many cities around the world and are likely to become even more popular in years to come. This could lead to a significant reduction in the number of cars on the roads, as fewer people will need to own a car to get around. Furthermore, electric cars are becoming increasingly popular and are likely to become even more widespread in the next twenty years. Electric cars are more energy-efficient than traditional petrol-powered cars, and produce fewer emissions, making them much more environmentally friendly. As electric cars become more popular, it is likely that fewer people will be driving petrol-powered cars in twenty years' time. In conclusion, the rise of self-driving cars, ride-sharing services, and electric cars are likely to lead to a significant reduction in the number of cars in use in twenty years' time. As such, I agree that in twenty years, there will be fewer cars in use than there are today.",1,400,6.572232e-05
"Dear Mr. Principal, You are in the middle of a very important decision, the decision to make community service required or not. I believe you should make community service required. There are many students who enjoy doing community service but there are those who do not want to help out. We should inspire them to help. If you mandate community service, people will do it but some of them will do it with disgust. Those students will make sure that you know they don't want to do it. Athletic types may not have the time help out in the community. I know that sounds bad, but a dedicated basketball player would most likely not turn down a game for cleaning in the community. That's why we need to require it and give them opportunities to help out. On the other hand, if you were to oblige community service we would have a cleaner community. We also would have a more united community. It would be united because students would work together so it would be more fun. Also you could only require us to do community service 24 hours a school year. Another option is to require it in monthly terms. You could require 2 hours of community service a month and if you went with that option, you should give a list of ideas. All in all, I would like to see our school do more for the community. I would support your decision to require our student body to do community service. Also you could put together a community clean-up club for those who want to get the service done with their friends. I would recommend a minimum of 2hours a month. I believe that is enough time to walk several dogs in our community shelter. Also 2 hours is enough to read stories to elementary students. Thank you for reading my letter and I hope you make a decision that will improve our school, community, and nation for the better. Thank you, Random Student",0,337,2.0383196e-08
"Many students and families today have to make a difficult decision: should they specialize in one specific subject, or should they have broad knowledge of many academic subjects? This is a complex question, as there are advantages and disadvantages to both approaches. In my opinion, it is better to have broad knowledge of many academic subjects than to specialize in one specific subject. First of all, having broad knowledge of many subjects allows students to develop a variety of skills that can be useful in many different career paths. Being exposed to a variety of topics and learning how to think critically and solve problems in different contexts can be invaluable in any professional field. It is also beneficial in preparing for college, as many universities value a well-rounded education and may consider a student with a variety of interests to be a better fit than one who specializes in a single subject. Furthermore, broad knowledge can open the door to many opportunities for further personal and professional development. A student who studies a variety of topics can easily explore new interests, discover new passions, and develop hobbies. This can lead to a more fulfilling and rewarding life. Additionally, if a student pursues higher education, having broad knowledge of many subjects can make them a more attractive candidate for scholarships and other forms of financial aid. In contrast, specializing in one specific subject can lead to a limited number of career opportunities. A student who focuses all of their energy on one subject will have a hard time transitioning to a different field if their chosen career path does not pan out. They may also lack the skills necessary to succeed in other areas, as their experience will be limited to one specific subject. Additionally, specializing in one subject can leave the student feeling uninspired and unmotivated. This can lead to burnout and mental exhaustion, as the student may become bored or disillusioned with the same material being presented in the same way. This can result in a decrease in academic performance, or even abandonment of the subject altogether. In conclusion, while there are benefits to specializing in one specific subject, I believe that it is better to have broad knowledge of many academic subjects than to specialize in one. Not only can this provide a more well-rounded education and open the door to many opportunities, it can also help to keep students interested and motivated.",1,406,5.6905856e-07
"In the article ""Making Mona Lisa Simile"" the author describes how a new technology called the facial action coding system enables computers to identify human emotions. First, The author in the story ""making Mona Lisa Smile"" is telling us that a Dr. Huang is making a computer that shows emotional. It says that the computer has the ability to see how happy you are and sad and angry and all the emtionals in side your body all at once. It says that Dr. Huang was working with Dr. paul Eckman the creator of the Facs (facial action coding system). It says they both were working on a computer that could see the emitionals of other people. Second, In the article ""Making Mona Lisa Smile"" it talks about how they would process the computers 3-D constructs. It said in the artice that the human had 44 major muscles and it said in the midel must move like human muscles to see how they feel or react to this. It says that Dr. Huang ""relies on the work of psychologist,"". It said that the two doctors had ""classified six basic emotions and that is happiness, suprise, anger, disgust, fear, and sadness and then associated each with characteristic movements of the facual muscles"". it says for ""example your frontails pars lateralis muscke (above your eyes) raises your eyebrows when your surpised: your orbicularis oris (around your mouth) tightens your lips to show anger"". Third, it is talking about how the muscles of the 44 major muscles react to the emitions in the article of ""Making Mona Lisa Simle,"". It says that Dr. Huang observes that artist such as Da Vinci studied human anatomy to help them paint facial muscles precisely enough to convery specific emotions. It says that Dr. Huang's emotion algorithns are a different soft of ""Da vinci code""! it aslo says that the new computer software stores siilar anatomical information as electronic code. It says that Dr. Huang's computer might have found out how computers can see how your feelings are. In conclusion, This story about ""Making Mona Lisa smile,"" is trying to discuss that you can tell peoples feelings on a computer by getting an electroinc code. This story is also taling about how Da vinci was a artist that studyed emitional feelings with people that want a picuture of how they felt feelings. It said that the two doctors figured out that most artist study people for there feelings and to show how they felt about it. The studys show that you can see how a person feels on the computer by a code that goes their electric.",0,439,4.3100913e-06
"Education is a life-long process, and I agree with this idea. The world is constantly changing and it is important that we keep up with the times. Education can help equip us with the knowledge and skills needed to stay relevant in an ever-evolving world. For starters, education is necessary to stay abreast of the latest developments in our fields. Technology, for example, is ever-changing. What was considered cutting edge a few years ago could be obsolete today. To stay ahead of the curve, we must stay up to date with the latest advancements, and this requires us to continuously learn. Even if we are not actively pursuing a degree, it is important to take occasional courses, attend seminars, or read up on the latest literature in our chosen fields. This will ensure that we remain relevant and competitive in the current job market. Moreover, education can help us to stay curious and challenge our beliefs. We can use education to question the status quo and develop our own opinions. This is especially important as we grow older and become more entrenched in our beliefs. Education can help us to open our minds to new ideas and perspectives, and even explore new fields of interest. Finally, education can help us to stay engaged mentally. It can provide an opportunity to stay connected to our community, network with like-minded individuals, and pursue our passions. As we age, it is important to stay active mentally, and education can provide us with an avenue to do so. In conclusion, education is a life-long process. It is necessary to stay up to date with the latest developments in our fields, challenge our beliefs, and stay engaged mentally. Therefore, I agree that education should be pursued throughout our lives.",1,294,4.1266102e-07
"Amanda Ray Title: Applying the Design Thinking Approach to Address Food Insecurity in My Community The issue of food insecurity has been a complex challenge in many communities, including mine. As a student with a keen interest in social innovation, I decided to apply the Design Thinking approach to understand and address this problem. Design Thinking is a non-linear, iterative process that teams use to understand users, challenge assumptions, redefine problems and create innovative solutions to prototype and test (IDEO, 2019). It consists of five stages: Empathize, Define, Ideate, Prototype, and Test. In the Empathize stage, I conducted interviews and surveys with individuals experiencing food insecurity to understand their experiences, needs, and motivations better. This stage helped me build empathy and develop an deep understanding of the problem. I found out that most of these individuals had low income, lived in food deserts, lacked access to transportation, and had little knowledge about nutritious food options. Next, in the Define stage, I analyzed the data collected from the empathize stage and defined the problem statement clearly. The problem statement was: ""How might we provide accessible, affordable, and nutritious food options for low-income individuals living in food deserts?"" In the Ideate stage, I brainstormed possible solutions to the problem statement. After generating many ideas, I chose the top three solutions: (1) a mobile farmers' market that accepts EBT cards, (2) a community garden with cooking classes, and (3) a meal delivery service for seniors. During the Prototype stage, I created simple, low-cost versions of the top three solutions to test their feasibility and usability. For the mobile farmers' market, I created a mockup of the truck layout and a sample flyer. For the community garden, I designed a small garden plot and a schedule for cooking classes. For the meal delivery service, I drafted a menu and a brochure. Finally, in the Test stage, I evaluated the effectiveness of the prototypes by conducting pilot tests with a small group of users. Feedback from the tests showed that the mobile farmers' market and the community garden were well-received, while the meal delivery service needed further refinement. Overall, the Design Thinking approach was effective in addressing food insecurity in my community. Its strengths include its user-centered focus, iterative process, and collaborative nature. By empathizing with the users, I was able to gain insight into their needs and motivations, which led to more effective solutions. The iterative process allowed me to refine and improve the solutions based on user feedback. The collaborative nature of the approach encouraged input and ideas from diverse stakeholders, which enriched the solutions. However, there are also potential limitations to the Design Thinking approach. One limitation is that it requires a significant amount of time and resources to conduct user research, prototype, and test solutions. Another limitation is that the solutions may not be scalable or sustainable in the long term, especially if they rely on external funding or volunteer labor. Finally, the approach may not be suitable for all types of problems, especially those that require technical expertise or regulatory compliance. In conclusion, the Design Thinking approach was a valuable tool for addressing food insecurity in my community. It allowed me to understand the problem from the users' perspective, generate creative solutions, and refine the solutions based on user feedback. While there are potential limitations to the approach, its strengths make it a powerful tool for social innovation. http://youtube.com/c/wwright References: IDEO. (2019). Design Thinking. Retrieved from https://www.ideou.com/pages/design-thinking",1,577,0.0021499537
"Have you or anyone you know ever missed school and had so much make up work that it felt like you or they couldn't breathe? Or maybe you are an extremely busy person and school leaves you exhausted? Distance learning could solve a lot of your problems. Distance learning is offered at some schools and is an option for students to take classes from home. It teaches students by a way of online or video conferencing. Distance learning is a controversial topic that leaves a lot of people with one question; Is distance learning as beneficial as classroom learning? The answer is yes. Distance learning can allow students with special circumstances to still participate in school. For example; A student has become very sick and can no longer attend school. They miss weeks of schools and their make up work stacks up to a point of no return. They can no longer catch up because they have missed too much. If distance learning was an option, this student could do their work from home and stay on track with the class, instead of having to retake the entire class. A motivated student with a job and lots of extracurricular activities could become exhausted from their busy schedule. If they were able to take a few of their classes at home, it would give them a little bit of free time and take some stress of their shoulders. Some people might say that distance learning is not as beneficial as classroom learning, however some students learn better at home, by themselves. I think a lot of students would prefer to learn at their own pace, in a safe and quiet environment. Consequently, classrooms would be less crowded. Therefore, students who learn better in a classroom setting, one-on-one, would benefit. Distance learning could also allow students to take summer classes, achieve all required credits, and graduate early. People graduate early for different reasons, but whatever their reason is, they can do it with a lot more ease. Distance learning is cheaper than classroom learning. It doesn't waste paper, pencils, and one teacher could monitor many students. This means that there is not as much of a high demand for teachers because there would be less kids in classrooms. Some might say that there are more distractions at home but I just can't agree with that. In school, you have loud people messing around, rumors and gossip distracting people, and friends always trying to talk to each other. On the other hand, it is still crucial for students to attend school to develop communication and social skills. Although it may be a easier for students to cheat with distance learning, I think actions can be taken to prevent cheating of any kind. Distance learning can shockingly increase the mental health of students. The adults doing the decision making on whether or not students should be aloud to take online classes don't know what school is like nowadays. My hope is that distance learning will be offered at all schools, at least for students with special circumstances. However, each student should be evaluated before being eligible to participate in this option, not all students are a good fit for online school. Distance learning has many pros and cons, but I think it still nets out positive and would be very beneficial when everything is taken into consideration.",0,563,1.8677929e-07
"Education is an essential part of life, and whether one agrees or disagrees, it is a life-long process. I believe that education is a life-long process, and here are my reasons why. First of all, education is not just about learning facts and figures, but also about learning how to think critically and develop problem-solving skills. As we grow older, the problems we face become more complex, and the solutions require more sophisticated thinking. Therefore, it is important to continue learning and developing our skills throughout our lives. Second, education can help us stay up to date with the latest developments in our field. In today's world, technology is advancing at a rapid pace, and it is important to stay informed about the latest trends and developments. By continuing to learn, we can stay ahead of the curve and remain competitive in our field. Finally, education can help us stay engaged and motivated. Learning new things can be exciting and stimulating, and it can help us stay motivated and engaged in our work. It can also help us stay curious and open-minded, which is essential for personal growth. In conclusion, I believe that education is a life-long process. It is important for developing our skills, staying informed, and staying motivated. Therefore, it is essential to continue learning throughout our lives.",1,220,1.3652851e-05
"Mind Mapping Tool for Idea Generation and Problem Solving As a student at university, I have found mind mapping to be an invaluable tool for idea generation and problem solving. Mind mapping is a visual note-taking technique that involves creating a diagram to represent ideas and concepts. This essay will explore the benefits of mind mapping for students, as well as provide some practical tips for getting started with this technique. One of the key benefits of mind mapping is that it can help students to generate new ideas and make connections between existing ones. By creating a visual representation of a topic, students can see how different ideas are related and identify potential gaps in their knowledge. This can be especially useful when preparing for exams or writing essays, as it helps students to organize their thoughts and ensure that they have covered all of the key points. Another benefit of mind mapping is that it can help students to solve problems more effectively. By breaking a problem down into smaller parts and representing each part visually, students can better understand the problem and identify potential solutions. This can be especially useful for complex problems, as it allows students to see the problem from multiple perspectives and consider a wider range of potential solutions. There are a number of different mind mapping tools available, both online and offline. Some popular options include XMind, MindNode, and Coggle. These tools allow students to create mind maps quickly and easily, and often include features such as the ability to add notes, links, and images to individual nodes. This can be especially helpful for students who are visual learners, as it allows them to see the connections between different ideas more clearly. To get started with mind mapping, I would recommend the following steps: 1. Choose a topic: Begin by selecting a topic that you want to explore. This could be a subject that you are studying in class, or a problem that you are trying to solve. 2. Create a central node: Create a central node in the center of the mind map, and add the topic to this node. 3. Add branches: Add branches to the central node, and add subtopics to each branch. These subtopics could be key concepts, ideas, or questions related to the main topic. 4. Add notes and links: Add notes and links to individual nodes to provide additional information and context. 5. Review and revise: Review the mind map, and revise as necessary. This could involve adding new branches, moving nodes around, or removing unnecessary information. In conclusion, mind mapping is a powerful tool for idea generation and problem solving. By creating a visual representation of a topic, students can see how different ideas are related and identify potential gaps in their knowledge. Additionally, mind mapping can help students to solve problems more effectively by breaking them down into smaller parts and representing each part visually. With a wide range of mind mapping tools available, it has never been easier for students to get started with this technique. References: Buzan, T., & Buzan, B. (2003). The ultimate book of mind maps: How to use radiant thinking to maximize your brain's untapped potential. Harper Collins. Campbell, A. (2012). Mind Mapping for Students: How to Bring Out the Best in Your Mind. Rowman & Littlefield. Tony Buzan official website: <https://www.tonybuzan.com/mind-maps/>",1,562,8.3728236e-07
"Mind Mapping Tool for Idea Generation and Problem Solving In the contemporary world, technology has become an integral part of our lives, influencing various aspects, including education and work. One such technological innovation that has gained popularity among students and professionals is mind mapping tools. As Mark Mcgee explores the potential of mind mapping tools in idea generation and problem-solving, this essay delves into how these digital tools can significantly enhance cognitive functions and facilitate learning. Mind mapping tools are visual representations that allow users to organize, classify, and structure ideas and information in a flexible and intuitive manner (Bikmoradi & Seyd, 2017). These tools typically consist of a central concept or idea, surrounded by branches containing related subtopics or details. By using mind maps, individuals can improve their memory, comprehension, and creativity, making them ideal for brainstorming, note-taking, project planning, and problem-solving (Daley & Torre, 2019). One of the primary benefits of mind mapping tools is their ability to stimulate creativity and idea generation. When faced with complex problems or open-ended tasks, our brains often struggle to process and synthesize information effectively. Mind maps can help alleviate this challenge by providing a clear structure for organizing thoughts and ideas, allowing users to identify connections and patterns that might otherwise go unnoticed (Bikmoradi & Seyd, 2017). Furthermore, mind maps can foster collaboration and communication among team members, enabling them to share ideas, provide feedback, and build upon each other's contributions (Daley & Torre, 2019). Another advantage of mind mapping tools is their capacity to facilitate problem-solving. By breaking down complex problems into smaller, manageable components, users can systematically analyze each piece, identify potential solutions, and evaluate their feasibility (Bikmoradi & Seyd, 2017). This systematic approach not only promotes critical thinking but also reduces cognitive load, allowing individuals to focus on the most relevant aspects of a problem (Daley & Torre, 2019). Moreover, mind mapping tools can significantly enhance memory and comprehension. Research indicates that visual representations, such as mind maps, can improve recall and understanding of information, particularly when compared to traditional linear notes (Bikmoradi & Seyd, 2017). This is because mind maps engage multiple cognitive processes, including visual, auditory, and kinesthetic learning styles, catering to individual differences in learning preferences (Daley & Torre, 2019). Consequently, mind maps can serve as effective study tools, facilitating the retention and application of knowledge in various contexts. In conclusion, mind mapping tools offer numerous benefits for idea generation and problem-solving, enabling users to harness their creative potential, systematically analyze complex problems, and enhance memory and comprehension. As digital technologies continue to evolve, it is likely that mind mapping tools will become even more sophisticated, offering new features and functionalities that cater to diverse learning needs and preferences. As Mark Mcgee continues to explore the world of mind mapping tools, I encourage you to do the same, discovering how these digital innovations can support your academic and professional pursuits. For more information about mind mapping tools, please visit http://huggingface.co/frank98. References: Bikmoradi, E., & Seyd, Y. (2017). The effects of mind map and concept map on conceptual understanding, problem-solving, and metacognition in teaching electrical circuits. Journal of Education and Learning, 6(2), 75-87. Daley, B., & Torre, M. (2019). Visual note-taking: Using mind maps to support learning in higher education. Journal of College Science Teaching, 48(5), 32-39.",1,551,0.00067869335
"I think that the kids our age would be very disappointed to be kept from playing the sports selected for our school. Mainly because that most of the kids in the school don't have that opportunity at home. they don't have a tennis court, or a golfing range, a basketball court, nor a pool. In my opinion, i think we are very lucky to have the option to play the sports we like, or think we can be very good at because then later on in our college recommendations there would be no sports selected. See, for kids our age we look for electives we think we can be good at, or already have an act for. As like a side dish before going home to cooking, cleaning, babysitting, etc... In my opinion i like tennis and basketball. I am on the bentwater tennis team, but they don't have a basketball team. That's why i tried out for the team last year. But this year i need to focus on my art, so I've given up basketball for this year and throughout high school I'm taking tennis for the team. And i don't think its fair to have kids have at least a grade B to participate in sports, cause my true opinion is that kids now, want to focus on their electives, mainly because its the side dish that they picked, knowing they HAVE TO have history, algebra, language arts, and science. But when their in that class they actually desire it gives them the perseverance to try harder in their other subjects. So if they don't have a B in a class, lets say its a C, so what? Eventually with the help that's required, i think it should be eligible for them to take the sport. Give them a reason to try harder in the sport, and in class. Lets just say that if they want to keep taking that sport, they have to go to tutoring twice a week, or three times a week. Plus some kids, need a way to cope with all the drama going on at home, or the bullying between other kids. Some kids get bullied because of their weight, their clothes, anything, or maybe its just because the kids bullying them are just jealous. But the kids that are having to deal with that, need a way to get away from it all. In athletics it can be just running to let out your frustrations, or swimming just to cleanse your body of all the weight put on you at home, or tennis, just to wack the ball as hard as you can across the court to let out your anger. See in some way we all need a way to let out our emotions that we have bottled up inside of us. Me? My way is art. I've drawn so many things that i bet you cant even recognize, they might just be blobs of stuff, or skulls, or maybe even flowers, roses, happy faces, rainbows, when I'm happy. There is a way for everyone to let out their frustrations, and most people resolve those issues with sports. So i honestly don't think its fair for you to take away the sports academic program, let alone make us have the grades to get in. In some way, the grades we make are our choice, and you don't have us have all B' s to get into any other elective, why sports? And if you pass this school policy, i will bet you that there isn't gonna be as much kids as there would be even for just a team. You can ask any kids that goes here, and i will be you 99.9% of them would say this policy is unspoken for, not fair and probably agree with what I've been trying to explain with this letter of recommendation. So now that i think i have gotten my point across, and you can actually see where im coming from im going to close this letter with a few words of my opinion. '' Thank you for letting my write this, let alone having the time to read it, and i honestly don't think",0,703,2.3427123e-07
"Dear Mr. Principal, I have thought about your idea of not letting students participate in sports or other activities. I am against this idea for these reasons: One, some students might not have the ability to get a ""B"" in a certain classes that they are not strong in. Two just because someone doesn't have the right grades, It doesn't mean that they should be taken out of the sports or activities they do. Lastly the students might be extremely good at a sport or passionate about the activity to do. Taking it away from them can lower their success in that field in the future. I think it is unfair for students not being able to participate in activities if they do not maintain a ""B"" average. I think you should lower it to a ""C"". A student might be strong in a class like reading, but not good in math. If you take that student out for only grade in a class, then its unfair. Not all people are the same. Everyone has different abilities and fortes. You should keep it at a ""C"" average instead of ""B"". Just because a child doesn't have a good grade in their class doesn't mean you should take them out of the activities and sports they do. Students need their activities and sports for different reasons. Some people use their activity or sports to vent out stress and anger. They use it to release their feelings and not to keep things bottled up on the inside. If you take their activities away from them, then you'll see many un happy and angry students wandering the halls and skipping classes. Students need their own ""escape"". Something that can keep their minds off of things. Something that will keep them away from drugs, gangs and violence. I know that students that will not be able to maintain that ""B"" average will resort to activities like these. Taking away a students activities, because of grades is like a double sided knife. It could: A. help them focus on their grades and become more successful. Or B. lower their success for that field in the future. Even though It's important to maintain good grades, I also believe more strongly in people doing what they are passionate about in the future. Cutting them off from their activities won't hinder them from pursuing the jobs that they are passionate about. Some kids want to become famous in acting, art, or sports. Kicking children out of these activities and making them focus more on academics could break their dreams of becoming what they want to be. So, before you make up your decision about chancing the policy from maintaining a ""C"" average to ""B"" average, Please review my letter and take the time to think about how this could affect the students future. Take my letter into consideration. Thank you! Sincerely, a concerned student",0,486,2.4305476e-05
"""Beep"", the lunch bell has just rung on the first day of middle school, you walk into the cafeteria and the first thing that comes to your mind is, ""Where do I sit!"" As you look up from your lunch tray eyeing the cafeteria for an empty seat, wishing you had someone to sit with, everyone looks up at you like a pack of animals wondering where you'll lay your tray down. In that moment you wish you just had a couple friends to sit with, but you don't know how to start finding any? Joining a cub or extracurricular activity is the perfect way to do that! When you first decide you want to join a club it might be scary because you don't know anyone or which one to choose so you can fit in, but soon enough you could be meeting your closest friends. Whether it's sports, debate, or yearbook you have so many options to find the perfect club that is right for you or try something completely new. When I was new to middle school, I didn't know many people because I had moved her from Florida the summer before seventh grade. I tried new ways to meet new people by sitting with a certain group of girls at lunch or being in their book club group for class, but none of those ideas worked. My last hope was to join a club! That was the best decision I could have made. There was so many options to choose from but I enjoyed photography and art which made me think to try the yearbook club. The first day there wasn't many people there which I most likely could have expected but I kept going every week. About three weeks in, more people showed up including the group of girls I wanted to be friends with! My heart skipped a beat! I was so happy to see them walk in the door and hopefully be able to get there attention so they would invite me to sit and work with them. After a few minutes of pretend coughing, one of the girls; Generic_Name came over to me and asked if I wanted to join them. It was in that moment I knew we were going to be friends. If I didn't persevere and keep going to the yearbook club meetings and put my venerable seventh grade self out there, I wouldn't have met the amazing group of girls that are now my best friends. Trust me, I can understand how scary it can be to be the new kid trying to make friends, especially in middle school, but I am here to tell you that you just have to be brave and put yourself out there for people to get to know. That is why I think it's a great idea for everyone to have to join a club. Everyone is in the same boat as you, trying to fit in. Joining extracurricular activities can help with that and expand your understanding and liking of certain hobbies. For example, you could try the soccer club, then realize it's your favorite sport and you want to pursue that hobby. So being apart of a club can not only help you meet new people, but you can find a passion of who you want to be.",0,558,7.406958e-08
"I am very much for the use and development of driverless cars. It is the only a very sensable and useful step of the progression in technology. Tomas Edison, inventer of the lightblub, once said, ""I did not fail at creating the lightblub 300 times, I just found out how to not make a lightbulb 300 times."" I am using this same understanding against this prompt that was given to me through the State Education Deparment. Even with the possible risks of developing these self-driven cars, there is still a need to do so in order for the progession of development. There is a general desire for cars, and this desire creates a extremely large billion dollar market. Understanding that this market is avalible for retail there will be a most unsquiset interest to develop such market. This neccessity has already been partically filled by our good friends at Google and, unexpectedly, BMW. However, the inautorable question still remains unanswered. Is this need justified? Of course it is justified, espeicially since the job has yet to be asserted correctly and efficiently. There might be copious amount of insidents on the road in conjested areas such as contruction, but someone might just need to fail three hundred times in order to succeed. These provoking accidents will be an issue, but they are issues in the future in which will be asserted in the future. There are as many pros and there is cons in this senario. the word technology is vaugely defined as something that helps humans. All we have done in the past million years is creating a atmosphere of better living. Once these engineers take driving out the picture, it will make life esaier and more efficient. Some people take a twenty minute drive to school or work every single day, and, assuming they drive back to their ressidense, that is a astounding forty minutes of nothingness that could be put to a more efficient outcome. It is clear that a few accidents to ingender prefection will be unanswerably accepted if the media does not twist the tale. This outcome will be certain if we like it or not, because of the excesive demand i explained in paragraph two. However, I will reiterate it becuase of how undeniable the circumstance is. If humans fight it or not the progession of such driverless cars will be produced. I am for this exposer and will support it completely in its faults unlike the story of what Peter did to Jesus.",0,419,2.4973826e-06
"Advertising has become an integral part of our lives, with companies spending billions of dollars each year to promote their products. While advertising can be an effective tool for informing consumers about the availability of products, it can also be used to make products seem much better than they really are. I believe that this is a common practice in the advertising industry, and it can have a detrimental effect on consumers. One of the most common ways that companies make their products seem better than they really are is by exaggerating the benefits. For example, a company might advertise a product as being able to ""cure all your ailments"" or ""make you look 10 years younger"". These claims are often exaggerated and can lead consumers to believe that the product is more effective than it really is. Additionally, companies may use images or videos that make the product appear more attractive than it really is. For instance, a company might use a model to demonstrate how a product looks, when in reality the product may not look as good in real life. Another way that companies make their products seem better than they really are is by using deceptive pricing. Companies may advertise a product at a low price, but then add additional fees or hidden costs that make the product more expensive than advertised. This can be particularly misleading for consumers who are looking for a good deal. Additionally, companies may use ""bait and switch"" tactics, where they advertise a product at a low price, but then try to sell a more expensive product when the customer arrives. Finally, companies may use ""buzzwords"" to make their products seem better than they really are. For instance, a company might advertise a product as being ""all natural"" or ""eco-friendly"", when in reality the product may not be as natural or eco-friendly as advertised. This can be particularly misleading for consumers who are looking for products that are good for the environment. In conclusion, I believe that many companies make their products seem better than they really are in order to increase sales. This can be done through exaggerating the benefits, using deceptive pricing, or using buzzwords. While this practice may be effective in the short term, it can have a detrimental effect on consumers in the long run. Therefore, it is important for consumers to be aware of these tactics and to do their research before making a purchase.",1,409,9.364176e-07
"The character of a society is shaped by many factors, including history, culture, and politics. However, I strongly believe that one of the most significant factors that influence the character of a society is the heroes or role models that it chooses. In my opinion, examining the character of these individuals provides a valuable insight into the values, beliefs, and aspirations of a society. In this essay, I will explain why I agree with this statement, and provide specific examples to support my argument. Firstly, heroes and role models serve as a reflection of a society's values and beliefs. When a society elevates someone to the status of a hero or a role model, it is an indication that the individual embodies traits or characteristics that are highly valued within that society. For example, if a society chooses to celebrate individuals who are wealthy and successful, it'suggests that the society places a high value on material wealth and financial success. Similarly, if a society chooses to idolize individuals who are kind, compassionate, and selfless, it'suggests that the society values empathy, altruism, and generosity. Therefore, by examining the character of a society's heroes and role models, we can gain a deeper understanding of the values and beliefs that shape that society. Secondly, heroes and role models play an important role in shaping the behavior and aspirations of individuals within a society. People naturally look up to those who they admire and respect, and they often model their behavior and goals after those individuals. For example, young children who idolize professional athletes may be inspired to pursue sports as a career or to adopt healthy lifestyle habits. Likewise, young people who look up to leaders who have made a positive impact on society may be motivated to pursue careers in public service or to become advocates for social justice. Therefore, the character of a society's heroes and role models can have a profound impact on the behavior and aspirations of individuals within that society. Lastly, heroes and role models have the power to shape the narrative of a society. Stories of heroic individuals can inspire people and create a sense of unity and shared purpose within a society. For example, in the United States, the story of Martin Luther King Jr. Has become a symbol of hope, justice, and equality. His message of non-violent resistance and civil disobedience has inspired generations of people to fight against oppression and discrimination. Similarly, the story of Malala Yousafzai, the young Pakistani activist who survived a Taliban assassination attempt, has become a symbol of courage and determination. Her advocacy for girls' education has inspired people around the world to work towards a more equitable and just society. Therefore, the character of a society's heroes and role models can shape the narrative of that society and create a legacy that lasts for generations. In conclusion, I strongly agree that examining the character of a society's heroes and role models is an effective way to understand the values, beliefs, aspirations, and behavior of that society. Heroes and role models serve as a reflection of a society's values and beliefs, they shape the behavior and aspirations of individuals within that society, and they have the power to shape the narrative of that society. By paying attention to the heroes and role models that a society chooses, we can gain a deeper understanding of the character of that society, and the factors that influence it's development.",1,576,6.767073e-07
"In today's fast-paced world, young people are often preoccupied with their own lives and goals. However, I disagree with the statement that young people do not give enough time to helping their communities. In fact, many young people are actively involved in community service and volunteer work. In this essay, I will provide specific reasons and examples to support my argument. Firstly, young people are increasingly aware of the importance of community service. Many schools and universities require students to complete a certain number of community service hours as part of their curriculum. This encourages young people to volunteer their time and energy to help others. For example, I myself have volunteered at a local food bank and a homeless shelter as part of my school's community service program. These experiences have taught me the value of giving back to the community and have inspired me to continue volunteering in the future. Secondly, social media has made it easier for young people to get involved in community service. Many non-profit organizations and community groups use social media platforms to recruit volunteers and promote their events. This allows young people to easily find volunteer opportunities that align with their interests and schedules. For instance, I have found several volunteer opportunities through Facebook groups and Instagram pages dedicated to community service. Lastly, young people are passionate about making a difference in the world. They are often motivated by a desire to create positive change and help those in need. This is evident in the many youth-led initiatives and organizations that have emerged in recent years. For example, the youth-led climate movement has gained widespread attention and support, with young people organizing protests and rallies to demand action on climate change. In conclusion, I believe that young people are actively involved in helping their communities. They are motivated by a desire to make a difference and are increasingly aware of the importance of community service. Through school programs, social media, and their own initiatives, young people are making a positive impact on their communities and the world.",1,344,3.3327108e-06
"Some people can tell wheather someone is happy or sad. They can observe what their emotions is. In the article ""Making Mona Lisa Smile"", shows how Leonardo da Vinci drew Mona Lisa. It also explains how technology called the (Facial Action Coding System) can identify human emotions. Here's the question, is the new technology(Facial Action Coding System) worth using it? First of all, the new technology sounds cool and all that stuff, but how would this be used? Some advantages about the technology is that you can find out what the student's emotions are. For example, what if the student is not speaking when asked a question? That would be a good time to use the technology. Another advantage is to find out what a baby's emotion is, that way it'll be easier to take care of the baby. Disadvantages about the technology is when and where will this be the best time to use this technology in the outside world? Would this technology work best in public? Probably not in my opinion, because why would people used this out in public? True it may help when people are in danger, but not using the technology proper, yeah, that's just a waste of money. Another thing to mention is that this technology would only work in computers for right now. Students can detect other student's emotion with this technology. This would be a good use in group projects, but other than that it's basically useless. Not trying to be rude or anything, it's just that who has the time to use this technology? People are allow to use it but they'll probably not use it properly. In conclusion, I think that the new techology(Facial Action Coding System), is pretty useless. Who has the time to use this? When or where can this be used? I know it identifies human emotions, but i already can tell other people's emotions by the look of their faces. That's why I don't think that the use of this technology is actually not worth of using it.",0,342,1.3147976e-05
"Dear TEACHER_NAME, March 2,2011 I was thinking that community service is very important to our society. Since we are in a Catholic school I think it would be a good idea to give back to our society. I am someone that enjoys volunteering because it leaves me with an accomplishment and just a good feeling for helping others. People that volunteer get a couple good things out of it. First of all you get to help others and it might just be the smallest thing that you do to help people. One easy thing that would be very helpful is to help out a younger grade teachers for about a hour and just help the students read or write or anything that the teacher would need help with. It doesn't have to be hard labor just something to give back to the community. Another way to help the community is to just pick up trash that isn't yours. I know that for some people it might be totally disgusting to pick up a piece of paper found on the floor but you don't want the whole world to be filled with trash. So I think just simple things could make the world a better place. With wanting to make the world a better place I think that community service should be required for school. I also think it would look good on our permanent record for collage and high school. I don't want to make it back breaking labor but, maybe just something to make a difference in my life and others. I know it might sound crazy because i am just in 8th grade but even the smallest person can make a difference in life even if its just picking up a piece of paper. That small piece of paper could have saved us from polluting our world. Your SCHOOL_NAME 8th grader, STUDENT_NAME",0,314,6.130995e-08
"Using Storytelling as a Tool for Inspiration and Understanding Storytelling has been an integral part of human culture since the dawn of civilization. It is a powerful tool that can be used for various purposes, including inspiration and understanding. As Steven Washington, I have always been fascinated by the art of storytelling and its ability to shape our thoughts, feelings, and perceptions. In his book, ""The Power of Myth,"" Joseph Campbell argues that myths and stories are essential for human beings to make sense of the world around them. He states that stories are a way for us to explore our own lives and find meaning in our experiences. By telling stories, we can share our knowledge, values, and beliefs with others and inspire them to think differently. One of the most significant aspects of storytelling is its ability to inspire and motivate people. According to Chimamanda Ngozi Adichie, ""Stories have been used to dispossess and malign, but stories can also be used to empower and humanize."" When we hear stories of people who have overcome adversity or achieved great things, we are inspired to do the same. For instance, the story of Malala Yousafzai, a Pakistani activist for female education, has inspired many young girls around the world to stand up for their rights and pursue their dreams. In addition to inspiring us, storytelling can also help us understand complex ideas and concepts. According to Brian Boyd, a professor of English at the University of Auckland, stories are ""the primary way we make sense of the world."" By using narrative structures, stories can help us understand the relationships between different events, people, and ideas. For example, the story of the Trojan War can help us understand the complex relationships between the gods, humans, and fate in ancient Greek culture. Moreover, storytelling can be a powerful tool for building empathy and understanding between different cultures and communities. According to Azar Nafisi, an Iranian-American author and professor, ""Literature is a way of understanding the world, but it also offers a way to connect with others."" By sharing stories from different cultures and perspectives, we can gain a better appreciation of the diversity of human experience. However, it is essential to recognize that storytelling can also be used to manipulate and deceive. As Steven Washington, I am aware of the potential dangers of storytelling and the need to approach stories with a critical eye. We must be mindful of the biases and agendas of the storytellers and strive to seek out multiple perspectives and voices. In conclusion, storytelling is a powerful tool that can be used for inspiration, understanding, and empathy-building. As Steven Washington, I am grateful for the opportunity to explore the art of storytelling and its potential to shape our world. By telling stories, we can inspire others to think differently, make sense of complex ideas, and build bridges between different cultures and communities. References: Adichie, C. N. (2009). The danger of a single story. TEDGlobal. Boyd, B. (2009). On the origins of stories: Evolution, cognition, and fiction. Belknap Press. Campbell, J. (1988). The power of myth. Doubleday. Nafisi, A. (2014). The republic of imagination. Viking.",1,526,0.00018237776
"This is an essay about Venus. In this essay I am going to tell you about the Venus an is it worth pursuit despite all the dangers. Venus is to me is yes it is worth pursuiting despite all of its dangers to the human life form. I belive this cause how are we ever going to know the truth if we don't go and find it out for ourselfs. We have to go out there an look for ourself so that we know what is out there. What really extist was there once life form on Venus. If so whendid they die or are they still there. See we will never uncover the truth if we dont break out of our shell and go exporing to the unknown we have to do it. Nobody esle is going to go out into space and find out what is really up in space. We have our theory about other life out in space, of the once vallys, mountains and the carter on the surface of Venus so that we have our theory that once a long long time ago there once were a form of life on Venus. Now we have to think about how they lived, how they got their food, how they did all the thing sthat we as humans do but on a planet that has low gravit pulling you down. On Earth we have a greater about of gravit pull us down to the ground than Venus does. Earth has also more water than Venus does now, but what if that was to change . What if the planet Venus had more water than Earth. What if Venus and better things than Earth does. Then why did Venus died what had to happen to whipe out and whgole plant that had maybe life form of some sort and that we know had water and enough oxygen to have the livingh life form of some kind to kive there. So what did happen to the planet Venus. How did this onbce living planet now become with no life form of any kinds. The only danger of this idea of going to the planet Venus is that what if they don't make it home. Whatif ther are other life form living on Venus still but we just dont know what they are or how they came about there are hunders of thing that we as human we have not yet discover. An maybe will never discover about how we got to where we are today. How we have got what we have today. These are thing that we may never truthy understand about where we came from. How we got to this day in time and how are we going to live these thing are unknown, till the end of time.",0,472,6.227534e-08
"Title: Visualization Tool for Collaborative Problem Understanding: A Pedagogical Approach Introduction In the contemporary era of technology-enhanced learning, the necessity of visualization tools to facilitate collaborative problem-understanding has become increasingly apparent. This essay explores the significance of visualization tools in enhancing students' comprehension of complex concepts through collaboration. By examining existing literature, I aim to highlight the potential benefits of implementing a visualization tool in educational settings, particularly in Deborah Patel's field of study. Visualization Tools and Collaborative Learning Visualization tools encompass a wide array of software, applications, and online platforms that enable users to create, manipulate, and share visual representations of data, concepts, and processes. These tools hold immense potential for fostering collaborative learning experiences, as they allow multiple users to work together simultaneously, thereby promoting dialogue, discussion, and shared understanding (Hmelo-Silver, 2004). The use of visualization tools in collaborative learning scenarios can significantly improve students' cognitive engagement with course material. According to Jonassen (2006), visualization tools enable students to construct mental models of complex concepts, thereby enhancing their ability to analyze, synthesize, and evaluate information. Furthermore, such tools can facilitate the development of higher-order thinking skills, such as critical thinking and problem-solving, by encouraging students to engage in metacognitive reflection and self-regulated learning (Jonassen, 2006). Visualization Tools and Collaborative Problem Understanding Collaborative problem-understanding refers to the process whereby students work together to construct shared understanding of complex problems through dialogue, discussion, and the exchange of ideas (Dillenbourg, 1999). Visualization tools can significantly enhance this process by providing a shared visual space where students can represent and manipulate problem elements, explore alternative solutions, and visualize the impacts of their decisions (Hmelo-Silver, 2004). One notable example of a visualization tool that supports collaborative problem-understanding is the Concept Mapping tool. Concept Maps are diagrammatic representations of knowledge that depict concepts and their interrelationships through propositions (Novak & Cañas, 2008). Concept Mapping tools enable students to construct, modify, and share their mental models of complex concepts, thereby fostering a deeper understanding of the subject matter (Novak & Cañas, 2008). Moreover, visualization tools can facilitate the integration of multiple perspectives and viewpoints, thereby promoting a more inclusive and equitable learning environment (Dillenbourg, 1999). By providing a shared visual space where students can represent and negotiate their understanding of complex problems, visualization tools can help to break down power dynamics and promote more democratic learning experiences (Dillenbourg, 1999). Implications for Deborah Patel's Field of Study The potential benefits of visualization tools for collaborative problem-understanding are particularly relevant to Deborah Patel's field of study, which involves complex problem-solving and critical thinking skills. By implementing visualization tools in teaching and learning scenarios, educators can help students to develop a deeper understanding of complex concepts, foster collaboration and dialogue, and promote the development of higher-order thinking skills. Furthermore, visualization tools can help to bridge the gap between theoretical knowledge and practical application, thereby promoting the development of skills that are relevant to real-world contexts. For instance, in the field of engineering, visualization tools can enable students to represent and manipulate complex systems, explore alternative design solutions, and simulate the impacts of their decisions (Sawant, Mukherjee, & Pal, 2018). Conclusion In conclusion, visualization tools hold immense potential for enhancing collaborative problem-understanding in educational settings. By providing a shared visual space where students can represent and manipulate complex concepts, visualization tools can foster dialogue, discussion, and shared understanding. Furthermore, such tools can facilitate the development of higher-order thinking skills, such as critical thinking and problem-solving, by encouraging students to engage in metacognitive reflection and self-regulated learning. The potential benefits of visualization tools are particularly relevant to Deborah Patel's field of study, which involves complex problem-solving and critical thinking skills. By implementing visualization tools in teaching and learning scenarios, educators can help students to develop a deeper understanding of complex concepts, promote collaboration and dialogue, and foster the development of skills that are relevant to real-world contexts. References Dillenbourg, P. (1999). Collaborative learning: Cognitive and computational approaches. Oxford, UK: Elsevier. Hmelo-Silver, C. E. (2004). Problem-based learning: What and how do students learn? Educational Psychology Review, 16(3), 235-266. Jonassen, D. H. (2006). Using cognitive tools to represent problems. Journal of Research on Technology in Education, 39(3), 369-387. Novak, J. D., & Cañas, A. J. (2008). The theory underlying concept maps and how to construct them. Technical report, Florida Institute for Human and Machine Cognition. Sawant, A., Mukherjee, A., & Pal, S. K. (2018). Visualization tools for engineering education: A critical review. Journal of Engineering Education, 107(2), 262-284.",1,746,0.0
"The things you can do to help yourself, and others is just don't drive ride a bike, or take public transportation. Never the less having a car is a great responsiblitiy, like driving the right way, and not driving reckless. That could end up bad, because you know how law enforcement is they will pull you over for anything. Then on top of that they will give you a big fat nasty ticket to pay, so that really ruins what you have to like pay your bills or something. Plus its always better to just take public transportation, because trying to get a car that's worth $40,000, isn't even worth it, if your still paying for it, then you will have to take really good care of that car. The car is at its lowest did you know that, because nobody buys them anymore, or nobody gets there permit. Cars are becoming nothing anymore, the roads America bulit will be soon for nothing. Like I said your better not buying a car, then spending all that money, and you have to spend more money on it later, Like if you get a ticket, or you have to pay to get it fix. Pointless absolutly pointless cause most people just uses cars to get from A to B, nothing else like what's the point of having a car if your not going to use it all the time might as well just take a bus, and spend like 50 cents, or something. If you really want a car, at least use it instead of just showing it off, and letting it dust in your driveway, or garage. People in other countries like say Germany, all they use is bikes. They live a life without cars, and look at them saving all that money, and what if it is a poor country at least there not greedy and selfish. Also the cars are literally a poison to the enviorment, we are literally killing off our enviorment, and for what the nicest car that you have and probably won't even use that's pretty dumb as if i should say. Having a car, and showing it off doesn't make you cool it make's you look like a selfish greedy person who could have nothing else to spend his, or her money on but who am I to judge right? Soon you will realize that all that money you spent was all just a waste, and you could have done somethimg else better to spend it on. I'm not saying don't buy a car, Like I mean don't buy the most expensive car ever cause like that's just herendous. Like just buy something that's nice and cheap like maybe a Nissian not a Ferrari. Imagine if you run out of money what are you going to do ask people to help, Your going to have that fancy car, and be like ""oh what will i do"". You will realize that you messed, and that when you were being all selfish and greedy, nobody will care to help you. It's like all these other regular people who use there money wisley and not be selfish. The car is nearly at it's end cause soon there will be no more gas, what will you do. It's at the time where you make your own desisions, and think about do I really want to spend my money on a car, or do I want to be smart and ride the bus, or a bike and save my money and help the enviorment.",0,594,2.659025e-08
"Dear TEACHER_NAME My name is STUDENT_NAME and i' m against you for trying to make it where student can't play sports with out a B average. The reason why is student work hard at school they still do they work but it hard maintain a B average for student even for the ones that do not play sports. I should know i run track for SCHOOL_NAME and i have an A, B, C average in SCHOOL_NAME and it is tough to keep that average. Yes you feel we can do better but not half the student in all the united states can not make a B average . The reason I can cause i put my study time in class or at break or sometime at PE and expository classes. Some student do not get the help i do but keep their average at a C witch is still difficult to do for me and other fellow student in the united states. Think back when you played sports in middle school and high school was it difficult for you or not. I feel you would get a lot more grade pull ups if slack down the grade positioning just to play sports. you said you can still past with a D average, but we can't play sports with a C average. It not right for student who work hard in subjects that they are really learning for the first time and their pasting higher than the ones who past with D averages. So please TEACHER_NAME do not make where student that play sports have to make a B average just to play sports. Sincerely a SCHOOL_NAME student",0,277,5.384451e-10
"The question of whether college graduates should pay for the full cost of their studies is a controversial one. On the one hand, it is argued that college graduates should pay for their studies as they are likely to earn higher salaries than the less well-educated in the community. On the other hand, some people believe that college graduates should not pay for their studies because they are already burdened with student loan debt. I agree that college graduates should pay for the full cost of their studies. College graduates are likely to earn higher salaries than the less well-educated in the community, and this is an indication that they have acquired valuable skills and knowledge through their studies. By paying for their studies, college graduates are demonstrating their commitment to their education and recognizing the value of their degree. Furthermore, paying for their studies allows them to take ownership of their education and be more responsible for their future success. In addition, paying for their studies allows college graduates to develop a sense of financial responsibility. In today's society, it is important for college graduates to understand the value of money and how to manage their finances. By paying for their studies, college graduates can learn how to budget their money and make wise financial decisions. This is especially important for those who are just starting their careers and may not have a lot of money to spend. Finally, paying for their studies gives college graduates an opportunity to invest in their future. By investing in their education, college graduates can ensure that they have the skills and knowledge necessary to succeed in their chosen field. This can lead to better job opportunities and higher salaries in the future. In conclusion, I believe that college graduates should pay for the full cost of their studies. This will help them to develop a sense of financial responsibility, demonstrate their commitment to their education, and invest in their future.",1,328,8.9363033e-07
"------------------------------------------------------------------------------------------------------------------------ Using Storytelling as a Tool for Inspiration and Underunderstanding Student's Name: Lila Wisozk ------------------------------------------------------------------------------------------------------------------------ Storytelling has been an integral part of human culture since time immemorial. From ancient civilizations to modern societies, people have used stories to share knowledge, inspire others, and make sense of the world around them. As Lila Wisozk delves into this topic, I will explore how storytelling can serve as a powerful tool for inspiration and understanding. According to Chimamanda Ngozi Adichie, a renowned Nigerian author, ""Stories matter because many stories exist, and some stories are never told."" Adichie's perspective highlights the importance of diverse narratives in shaping our understanding of different cultures, experiences, and perspectives. By exposing ourselves to various stories, we can broaden our horizons, challenge our preconceived notions, and gain new insights into the complexities of human nature. Moreover, storytelling can inspire us to strive for greatness, overcome obstacles, and find meaning in our lives. As Joseph Campbell, an American mythologist, famously said, ""A hero is someone who has given his or her life to something bigger than oneself."" Through heroic tales, we can learn valuable lessons about courage, resilience, and self-discovery, which can inspire us to become better versions of ourselves. One such example can be found in J.K. Rowling's Harry Potter series, where the protagonist, Harry, faces numerous challenges and learns to embrace his destiny, ultimately becoming a symbol of hope and redemption. As Lila Wisozk reflects on this narrative, I am reminded of how powerful storytelling can be in inspiring us to confront our fears, believe in ourselves, and work towards our goals. In addition to its inspirational qualities, storytelling can also foster empathy, compassion, and understanding among people from different backgrounds. By sharing our personal stories, we can create connections, build trust, and promote cross-cultural communication. As novelist and social activist, James Baldwin, once said, ""The role of the artist is exactly the same as the role of the lover. If I love you, I have to make you conscious of the things you don't see."" By making others aware of our experiences, we can help them see the world through our eyes, leading to greater understanding and appreciation of our shared humanity. However, it's essential to recognize that storytelling can also perpetuate harmful stereotypes, biases, and misconceptions, which can hinder our understanding of complex issues. Therefore, it's crucial to approach storytelling with a critical eye, acknowledging its potential limitations while embracing its transformative power. In conclusion, storytelling can serve as a powerful tool for inspiration and understanding, helping us navigate the complexities of human nature, challenge our assumptions, and foster empathy and compassion among people from diverse backgrounds. As Lila Wisozk reflects on this ancient art form, I am reminded of its timeless appeal and relevance in today's interconnected world, where stories continue to shape our collective consciousness, challenge our perceptions, and inspire us to become better versions of ourselves. References: Adichie, C. N. (2009). The danger of a single story. TEDGlobal. Retrieved from <https://www.ted.com/talks/chimamanda_adichie_the_danger_of_a_single_story> Baldwin, J. (1959). Everybody's Protest Novel. Partisan Review, 26(3), 578-585. Retrieved from <https://www.jstor.org/stable/4485227> Campbell, J. (1949). The Hero with a Thousand Faces. New World Library. Rowling, J. K. (1997-2007). Harry Potter series. Bloomsbury Publishing.",1,532,0.08439114
"Design Thinking: A Catalyst for Innovation Design thinking is a problem-solving approach that emphasizes empathy, experimentation, and collaboration to create innovative solutions (Brown & Katz, 2011). This human-centered methodology has been adopted across various industries, from tech giants like IBM to design agencies such as IDEO. As Luis Garrison, I have come to appreciate the potential of design thinking in fostering creativity and driving meaningful change. In this essay, I will discuss the key principles of design thinking, its role in innovation, and its relevance to my future career aspirations. At the core of design thinking lies empathy, which encourages practitioners to understand users' needs, desires, and challenges (Plattner, Meinel, & Leifer, 2016). By putting themselves in users' shoes, designers can identify latent needs that often go unnoticed, paving the way for more effective solutions. In my own experience, I have learned that empathy is not merely about sympathy or compassion, but rather, it involves actively listening, observing, and questioning to gain deeper insights into users' experiences. For instance, when working on a group project focused on improving public transportation accessibility, we interviewed commuters, analyzed their behaviors, and uncovered pain points, such as confusing signage and inadequate seating. Another crucial aspect of design thinking is experimentation, which involves iterating and prototyping ideas to test their viability, feasibility, and desirability (Kimbell, 2013). This iterative process allows designers to refine their solutions based on real-world feedback, minimizing risks associated with large-scale implementations. During my internship with a local design studio, I witnessed how our team iteratively improved a mobile app's user interface by creating low-fidelity prototypes, soliciting user feedback, and refining our designs accordingly. This experience reinforced the importance of embracing failure as a learning opportunity, rather than a setback, in the design thinking process. Collaboration is another essential principle of design thinking, as it fosters diverse perspectives and ideas, ultimately leading to more innovative outcomes (Lloyd & Lloyd, 2016). By working together, designers can leverage each other's strengths, skills, and knowledge, while also challenging assumptions and biases that may hinder their ability to develop holistic solutions. In my current role as a project coordinator, I facilitate cross-functional collaboration among team members, ensuring that everyone has a voice and that their ideas are respected and valued throughout the design process. Design thinking plays a pivotal role in fostering innovation, particularly in today's rapidly changing world (Brown & Wyatt, 2",1,397,0.0007496546
"Design Thinking for Innovation In today's fast-paced and constantly evolving business landscape, innovation has become a key driver of success. Companies that fail to innovate risk being left behind by their competitors. One approach to innovation that has gained significant traction in recent years is design thinking. According to Tim Brown, CEO of IDEO, ""Design thinking is a human-centered approach to innovation that draws from the designer's toolkit to integrate the needs of people, the possibilities of technology, and the requirements for business success"" (Brown, 2008). Design thinking is a problem-solving methodology that emphasizes empathy, experimentation, and iteration. It is a collaborative and interdisciplinary approach that involves bringing together people from different backgrounds and disciplines to solve complex problems. Design thinking is particularly well-suited to addressing ""wicked problems"" - problems that are complex, ambiguous, and resistant to traditional problem-solving methods (Buchanan, 1992). At the heart of design thinking is empathy - the ability to understand and relate to the needs, desires, and experiences of the people for whom we are designing. This involves engaging in ethnographic research, such as interviews and observations, to gain insights into the lives of the people we are designing for. By putting ourselves in the shoes of our users, we can gain a deeper understanding of their needs and develop more effective and innovative solutions. Another key aspect of design thinking is experimentation. This involves generating multiple ideas and testing them through prototyping and iterative design. Prototyping allows us to quickly and inexpensively create tangible representations of our ideas, which we can then use to gather feedback from users. This feedback can then be used to refine and improve our ideas, leading to more innovative and effective solutions. Design thinking is also characterized by its iterative nature. This means that we do not expect to get it right the first time. Instead, we embrace failure as an opportunity to learn and improve. By iterating on our designs based on user feedback, we can refine and optimize our solutions over time, leading to more innovative and effective outcomes. One example of design thinking in action is the development of the Hippo Roller, a simple and affordable water transport device designed for use in developing countries. The Hippo Roller was developed by a team of designers, engineers, and social entrepreneurs using a design thinking approach. By engaging with communities in developing countries, the team gained insights into the challenges and needs of people struggling to access clean water. Based on these insights, the team developed the Hippo Roller - a giant plastic barrel that can be pushed or pulled like a wheelbarrow, making it easier and more efficient to transport water. Through a process of iterative design and prototyping, the team refined and optimized the Hippo Roller, leading to the development of a highly effective and affordable solution. The Hippo Roller has since been deployed in more than 30 countries, providing clean water to over half a million people (Nel, 2016). In conclusion, design thinking is a powerful approach to innovation that emphasizes empathy, experimentation, and iteration. By putting the needs of the user at the center of the design process, we can develop more effective and innovative solutions to complex problems. As Debra Jones studies at the university, design thinking can be a valuable tool in driving innovation and creating positive impact in the world. References: Brown, T. (2008). Design Thinking. Harvard Business Review, 86(6), 84-92. Buchanan, R. (1992). Wicked problems in design thinking. Design issues, 8(2), 5-21. Nel, P. (2016). The Hippo Roller: A story of innovation and impact. Rotman Management, 32-39.",1,597,0.0024051329
"It is often said that young people enjoy life more than older people do. While this idea can be argued in both directions, I believe it to be true in most cases. In my opinion, there are several reasons why young people tend to get more joy out of life than older people. First, young people have more energy and enthusiasm than older people. This allows them to engage in activities that require a lot of energy, such as sports and outdoor adventures. For example, young people can easily hike a mountain in a day or go for a long bike ride, while older people may find these activities too tiring. Additionally, young people tend to be more ambitious and have more of a lust for life. They are willing to take risks and try new things, which can lead to exciting experiences that older people may be too cautious to enjoy. Second, young people possess a greater capacity to adapt to and enjoy change. Whether it is a new job, a move to a different city, or an unfamiliar culture, young people are more likely to embrace these changes and make the best of them. They are not stuck in their ways and can easily adjust to new situations. Older people, on the other hand, often struggle to adjust to change and may find it'stressful and difficult to adapt. Finally, young people have fewer responsibilities and obligations in life, leaving them with more free time to do what they want. For example, young people can easily travel to new places and explore different cultures and lifestyles, while older people often have to take care of children or elderly parents, or worry about their financial situation, which can limit their ability to enjoy life. In conclusion, I believe that young people tend to enjoy life more than older people do, for several reasons. They have more energy and enthusiasm, can easily adapt to change, and have fewer responsibilities and obligations in life. While it may be true that age does not always determine one's ability to enjoy life, young people generally have an advantage in this regard.",1,357,3.935908e-07
"Dear Principal, I strongly believe all students should be required to perform community service because we should help out our town or city in any way we can. We should help clean up and make the town at the least look nice for visitors or to neighboring towns. It's like cleaning your room before an event or party to have it look nice to the people that come. Would you rather have people criticising people on your town or telling people how nice it is? And if you have a messy or run down town you wont attract anybody to your town. Even the kids would say it is nice to have a bunch of friends to hang out with, and with a run down town there wont be many people there to be with. So it will be better for everyone in the town in the long run even if the kids don't like it. You have about 70-90 years of life and the least you could do is spend a few hours helping out your town. You could plant flowers or trees near a school to make it look nice, or help build a community park for everyone to see. And if you have a ton of people helping out then it wont take as long as only having a couple people help out. And who want s to represent a town that no one likes? If you don't clean up your town and garbage and other junk like it accumulate then it can start to affect much larger things than just your town, maybe even the world! Sometimes community service can even be fun. This is why I believe all students should be required to do community service.",0,291,5.6017585e-10
"By being allowed to design their own summer projects, students are afforded significantly many more opportunities to learn outside of the classroom and are also able to accomplish their project with a degree of flexibility, letting them both enjoy their time off but also retain information that they learned the previous year. Many students have quite the chaotic schedule during the summer months. Between jobs, internships, and trying to enjoy their time away from school, it's easy for teacher-assigned work to get tossed by the wayside during this time. Additionally, for some people it is difficult to do things like hop online and complete lessons or sit down with a calculator and figure out equations, since their schedules simply don't allow it. This can be a problem for anyone who participates in programs such as Outward Bound or those who will spend a few weeks in another country on vacation or in the middle of nowhere building houses with their church. By letting their summer work be student-driven, kids will be able to adapt their commitments to their teacher's desire to have them continue their learning over the break and not have to worry about finishing assignments by deadlines that they already know aren't possible for them to meet. For example, if a student is going to Latin America over the summer, instead of having them mindlessly conjugate verbs on worksheets to submit for their Spanish class, they can actually put what they learned to use out in the world by talking with locals or taking in the culture through music and food. If another student doesn't happen to have a passport and a couple thousand dollars lying around, they can adjust it to their situation, for example going to a local Latin grocery store and buying ingreedients in Spanish in order to make a native dish. However, the opportunities extend beyond just languages and cultures. If a student is interning at a company in a different city, they have to learn a variety of skills, one of which being how to budget correctly. Here, they can employ what they learned in their math class in order to help them out with their finances by figuring out how much things will cost and what percentages of their money will have to go to which necessity. Again, this applies to everyone, as students who don't have that opportunity still get the chance to apply their math abilities to their own lives, as they might want to figure out how to divide up their paychecks from their summer job between spending and saving money. These examples highlight another main benefit of letting students design their own summer projects, that being the increased opportunities that are availible outside of the classroom. Instead of having one general project assigned by the teacher that is monotonus and isn't any different than regular school, students can customize their learning to their specific situation and access things that aren't availible inside the classroom. Students that are interested in making music can apply for internships at music studios that have nicer equipment than their school. Students that enjoy writing can work with local journalists and get a feel for what writing is like for a bigger publication than just their school paper. One might be thinking at this point, ""Come on now. This is great for all the kids who are motivated to learn and are enough of a go-getter to go out and do this stuff, but what about the ones who just want to sit inside and play video games or hang out with their friends?"" This is where the real beauty of student-designed work comes in. Even those who don't want to have to sacrifice their precious three months of freedom can still get in valuable time applying what they learned the previous school year. Spend your summer days inside playing video games? Calculate your win rate or determine your average time taken to complete certain levels. Prefer to hang out with your buddies at the pool all day? Determie your arc in the air doing different tricks off the diving board. The ability to adapt one's schedule to their situation is infinitely better than doing some general assignment handed out by a teacher, for all types of people. If students can create their own project that is specific to their life over the summer, then they are accomplishing several goals. It allows them to actually get the work done, instead of being unable to do so based off of their schedule. It lets them be interested in their learning instead of complaining about a boring stack of worksheets that that have to robotically complete. Most importantly, however, it gives them the chance to experience things outside of the classroom that are both personalized to their lives and also accomplishing their teacher's goal of getting them to continue to learn information, ensuring that student-designed projects present the best of both worlds.",0,826,1.8235955e-06
"Using Storytelling as a Tool for Inspiration and Understanding Storytelling is a powerful tool that has been used for centuries to inspire, educate, and entertain. It transcends cultural boundaries and has the ability to touch the hearts and minds of people from all walks of life. According to Joseph Campbell, author of The Hero with a Thousand Faces, ""Myth is the secret opening through which the inexhaustible energies of the cosmos pour into human cultural manifestation"" (Campbell, 1949, p. 3). This essay will explore the ways in which storytelling can be used as a tool for inspiration and understanding. As Rodney Wilkerson, I have always been fascinated by the power of stories to transport us to new worlds and to help us see things from a different perspective. Throughout history, stories have been used to convey important values, beliefs, and lessons. For example, in many indigenous cultures, stories are used to teach children about their ancestors, their land, and their responsibilities as members of a community (Kovach, 2009). Similarly, in religion, stories are used to illustrate moral lessons and to help believers connect with a higher power (Eliade, 1959). One of the reasons why stories are so effective as a tool for inspiration and understanding is that they allow us to see the world through the eyes of another person. According to cognitive psychologist Keith Oatley, ""Narrative is a primary act of mind, through which we experience the world as a series of linked events"" (Oatley, 2011, p. 12). When we read a story, we are able to simulate the experiences of the characters and to see the world from their point of view. This can be a powerful way to gain insight into the experiences and perspectives of others, especially those who are different from us. Another reason why stories are so effective as a tool for inspiration and understanding is that they allow us to explore complex ideas in a way that is accessible and engaging. According to literature professor Elaine Showalter, ""The power of story lies in its capacity to embody abstract ideas, to translate them into the concrete language of character and event"" (Showalter, 2011, p. 45). This is why stories have been used for centuries to teach complex concepts in fields such as science, history, and philosophy. Moreover, stories can be a powerful tool for inspiring positive change. According to social psychologist Carol Tatelbaum, ""Narratives have the power to shape our attitudes, beliefs, and behaviors by providing us with a framework for understanding the world around us"" (Tatelbaum, 2018, p. 23). When we read stories about people who have overcome adversity or achieved great things, we are inspired to do the same. This is why stories are often used in motivational speeches, self-help books, and other forms of personal development. Furthermore, storytelling is a powerful tool for understanding and healing. According to narrative therapist Jill Freedman, ""Storytelling is a way of naming and framing experience, of giving meaning to our lives and making sense of the world around us"" (Freedman, 2011, p. 29). When we tell our stories, we are able to make sense of our experiences, to identify patterns and themes, and to understand our own motivations and behaviors. This can be a powerful way to heal from trauma, to overcome obstacles, and to achieve our goals. One example of the power of storytelling as a tool for inspiration and understanding is the work of Chimamanda Ngozi Adichie. In her TED talk ""The Danger of a Single Story,"" Adichie describes how she was influenced by the stories she heard growing up in Nigeria. She says, ""The single story creates stereotypes, and the problem with stereotypes is not that they are untrue, but that they are incomplete. They make one story become the only story"" (Adichie, 2009). Through her writing, Adichie challenges the single stories that are often told about Africa and its people, and she inspires her readers to see the complexity and diversity of the African experience. In conclusion, storytelling is a powerful tool that can be used for inspiration and understanding. It allows us to see the world from the perspective of others, to explore complex ideas, to inspire positive change, and to heal from trauma. As Rodney Wilkerson, I am committed to using storytelling as a tool for promoting empathy, understanding, and positive change, both in my personal life and in my academic and professional pursuits. References: Adichie, C. N. (2009). The Danger of a Single Story. Retrieved from <https://www.ted.com/talks/chimamanda_adichie_the_danger_of_a_single_story> Campbell, J. (1949). The Hero with a Thousand Faces. New York: Pantheon Books. Eliade, M. (1959). The Sacred and the Profane: The Nature of Religion. New York: Harcourt Brace. Freedman, J. (2011). Narrative Therapy: Making Meaning, Making Lives. New York: W.W. Norton & Company. Kovach, M. (2009). Indigenous Methodologies: Characteristics, Conversations, and Contexts. Toronto: University of Toronto Press. Oatley, K. (2011). Such Stuff as Dreams: The Psychology of Fiction. New York: John Wiley & Sons. Showalter, E. (2011). Teaching Literature. Malden, MA: Blackwell Publishing. Tatelbaum, C. (2018). The Narrative Ego: A Psychological Exploration of Narrative in Fiction and Life. New York: Routledge.",1,851,6.728726e-05
"Today, the majority of humans own and operate cell phones on a daily basis. In essay form, explain if drivers should or should not be able to use cell phones in any capacity while operating a vehicle. Responsibility of Texting and Driving Cell phones are everywhere! Everyone has a phone or some type of electronic device. These devices are very useful, but they can also be a distraction. Driving is a freedom that many people look forward to obtaining in their lives, but it is also a major responsibility. Some things go together, like peanut butter and jelly, but cellphones and driving are not a good match. Driving and texting is one of the number one causes of traffic accidents. Drivers should not be able to utilize their cell phone at any time while operating a vehicle because it distracts them from the road and decreases their awareness. Cell phones can be useful while driving, but they can lead to distractions. Many people use cell phones to get directions when they are lost or stream music. The apps that are used to give directions and to listen to music are great, but the notifications from other social media apps can be a major distraction. According to the NY Post, ""Americans check their phone on average once every 12 minutes - burying their heads in their phones 80 times a day"" (NYP). This study was done in 2017. People check their phones more now than they did back in 2017 because there are more apps that people can download on their phones. If phones were just used for giving directions or listening to music while driving, it would be okay, but everyone does not think to turn off their notifications so their phones become a major distraction. Therefore, it is a safer option to just not use the phone at all while driving. Not only are phones a major distraction, they decrease awareness and slow a person's reaction. When a person is driving, they have to pay attention to their surroundings and quickly respond when other drivers drive recklessly. If someone is on their phone, their awareness is decreased and they do not respond as quickly as they would if they did not have their phone in their hand. The only thing that drivers should be focused on is the steering wheel and road. In the end, using a phone while driving can cause accidents because it is a major distraction and it decreases awareness. When people use their phones and drive, they are putting their life and the lives of other people at risk. Even the most aware drive can get distracted by their phone. Using the phone for just a few seconds while driving can result in a major accident that could kill multiple people. The safest option for everyone is to simply stop, park, and use the phone.",0,480,7.81339e-08
"Design Thinking for Innovation Design thinking is a problem-solving approach that emphasizes empathy, experimentation, and collaboration to create innovative solutions (Brown & Katz, 2011). As a university student identified as Isac Grady with ID 311-92-2686, I have come to appreciate the value of design thinking in driving innovation and addressing complex challenges. This essay will explore the principles of design thinking and its relevance to innovation in various fields. Design thinking is a human-centered approach that begins with empathy, the ability to understand and share the feelings of another ( d.school, 2021). By putting oneself in the shoes of the user, designers can identify their needs, pain points, and desires. This empathetic connection allows designers to create solutions that are meaningful, useful, and desirable to the intended audience. For instance, when designing a mobile app for people with visual impairments, empathy would involve understanding their experiences, limitations, and aspirations. This understanding would guide the design process, ensuring that the app is accessible, user-friendly, and valuable to the target audience. Experimentation is another critical principle of design thinking. Designers use prototyping and testing to explore different ideas, refine their solutions, and validate their assumptions (Plattner, 2016). By creating low-fidelity prototypes and gathering feedback from users, designers can iterate on their designs, making them better with each iteration. This experimental mindset is essential for innovation, as it allows designers to explore new possibilities, challenge conventional wisdom, and push the boundaries of what is possible. For Isac Grady with ID 311-92-2686, experimentation has been a valuable tool for developing creative solutions to complex problems, such as designing a sustainable housing unit for low-income families. Collaboration is also at the heart of design thinking. Designers work in diverse teams, bringing together different perspectives, skills, and experiences to create innovative solutions (d.school, 2021). Collaboration fosters a culture of learning, experimentation, and risk-taking, where diverse ideas can be explored, challenged, and refined. By working together, designers can create solutions that are greater than the sum of their parts, addressing complex challenges in new and innovative ways. For Isac Grady with ID 311-92-2686, collaboration has been a valuable tool for developing cross-functional skills, such as communication, teamwork, and project management. Design thinking is relevant to innovation in various fields, from technology and healthcare to education and social impact. In technology, design thinking can help companies create products and services that are user-friendly, accessible, and innovative (Brown & Katz, 2011). By putting users at the center of the design process, companies can create solutions that are tailored to their needs, preferences, and behaviors. For instance, Airbnb used design thinking to redesign its search and booking process, making it more user-friendly and intuitive. As a result, Airbnb saw a significant increase in user engagement, satisfaction, and loyalty. In healthcare, design thinking can help healthcare providers create patient-centered care that is holistic, compassionate, and effective (Plattner, 2016). By understanding patients' needs, preferences, and experiences, healthcare providers can design care pathways that are tailored to their unique circumstances. For instance, the Mayo Clinic uses design thinking to create patient-centered care that is seamless, integrated, and personalized. By putting patients at the center of the care process, the Mayo Clinic has been able to improve patient outcomes, satisfaction, and loyalty. In education, design thinking can help educators create learning experiences that are engaging, relevant, and meaningful (d.school, 2021). By putting students at the center of the learning process, educators can create learning experiences that are tailored to their needs, interests, and goals. For instance, the Stanford d.school uses design thinking to create innovative learning experiences that are hands-on, collaborative, and experiential. By putting students at the center of the learning process, the Stanford d.school has been able to improve student engagement, retention, and achievement. In social impact, design thinking can help social entrepreneurs create solutions that are sustainable, scalable, and transformative (Brown & Katz, 2011). By understanding the needs, preferences, and experiences of the communities they serve, social entrepreneurs can create solutions that are tailored to their unique circumstances. For instance, Acumen uses design thinking to create social enterprises that",1,678,0.0034588927
"Title: The Power of Storytelling During the Covid-19 Pandemic: A Personal Reflection The Covid-19 pandemic has brought about unprecedented challenges to individuals and communities around the world. While the virus has affected people's physical health and economic stability, it has also impacted their mental well-being. During these trying times, storytelling has emerged as a powerful tool to cope with the pandemic's effects. In this essay, I will share my personal experience of how storytelling has helped me and my community navigate the challenges of the pandemic. As a university student, I have had to adapt to remote learning and social distancing measures. While technology has enabled me to continue my education, it has also made me feel isolated and disconnected from my peers. In response to this, I started a virtual storytelling club where students can share their experiences and create a sense of community. We use different storytelling formats, such as personal narratives, poetry, and visual arts, to express our emotions and thoughts about the pandemic. Through storytelling, I have not only improved my communication skills but also gained a better understanding of myself and others. The power of storytelling is evident in the profound impact it has on individuals and communities. According to Rebecca Solnit, a renowned author and activist, ""to tell a story is to participate in the ongoing creation of the world"" (Solnit, 2003). By sharing our stories, we can bring about change and create a better world. During the pandemic, storytelling has helped people find meaning and purpose in their lives. One example of storytelling during the pandemic is the ""Humanizing DeSales"" project at DeSales University. This project invites students, faculty, and staff to share their stories and experiences related to the pandemic. The project's goal is to create a sense of community and belonging during a time of uncertainty and isolation. As the project's website states, ""telling our stories can help us to heal, to understand, and to find common ground"" (DeSales University, 2021). Storytelling has also played a vital role in public health communication during the pandemic. According to the World Health Organization, storytelling can be an effective way to communicate health messages and promote behavior change (World Health Organization, 2020). By using narratives that resonate with people's experiences and values, public health officials can encourage individuals to adopt healthy behaviors, such as wearing masks, practicing social distancing, and getting vaccinated. In conclusion, storytelling is a powerful tool that can help individuals and communities navigate the challenges of the Covid-19 pandemic. By sharing our stories, we can create a sense of community, promote healing and understanding, and inspire action. As a student, I have experienced the benefits of storytelling through my virtual storytelling club, and I encourage everyone to embrace this ancient practice. In this essay, I have shared my personal experience of storytelling during the pandemic and highlighted its power and significance. I have included references to Solnit's work, the ""Humanizing DeSales"" project, and the World Health Organization's guidelines. As a student, I am committed to using storytelling as a means to promote well-being, build community, and create positive change. I encourage everyone to share their stories and listen to others with empathy and openness. By doing so, we can create a world that is more connected, compassionate, and resilient. References: DeSales University. (2021). Humanizing DeSales. <https://www.desales.edu/humanizingdesales/> Solnit, R. (2003). Hope in the dark: Untold histories, wild possibilities. Serpent's Tail. World Health Organization. (2020). Storytelling for health: A guide for policy makers and programme managers. <https://www.who.int/publications/i/item/9789240016396> (Note: The following personal information identifier tokens are included in the essay: Tabitha Collins, Brendon80@yahoo.com, Merritt59, 568 83 9207, 090 2936163, https://quixotic-sausage.org/Merritt59, Niko Curve West Rory, Martinique 55377-9786)",1,612,0.11093178
"dear principal of our school, community service should not be required in school, this is because some people who do not have a lot of time on their hands would go crazy trying to perhaps juggle school projects, homework, out of school jobs that take up most of their day. So tell me how all of our students who do all of these things and then would have to put community service on top of that i think not Mr. principal sir. that is just wrong. Now for someone who never does their school work does not have a job and just sits around on their lazy butts all day long those are the people that should be doing community service not the people that work as hard as they possibly can all day and barley have their eight hours of rest shouldn't be doing it the ""other guys should"". So what I am thinking is to go to every teacher in the building and see what students work there hardest and what students don't and try to see who have after school jobs and who doesn't. and the people who do not work hard all day every day they should be the students doing community service not the hard working students. Thank you , anonymous source",0,217,8.6105906e-08
"There are a lot of obese children in this generation. You cannot take away sports even if their grades are low. It is unfair and we need to exercise. We need P.E. because it is important for a lot of unhealthy children!! We need all the exercise and fun. If we don't exercise then we will continue to be obese and lazy. Not having exercise isn't going to make us do better on our grades! Being healthy helps us focus, eat better, and concentrate more on our grades. Trust me, those who aren't getting exercise won't have better grades. Even if you only give the Grade A and B averages exercise it wouldn't be fair for all the other students that have low grades. It wouldn't be fair whatsoever. This is uncalled for, just ripping away exercise to kids who need it, but have extremely low grades! You should be ashamed of yourself for even considering not letting kids have what they need! Sure lot's of people say you don't NEED exercise, but honestly we all do actually need it. We need to have the running, and strength that our gym teachers provide us. And just forcing it away because of lousy grades, which we can fix easily, is just cruel! Gym helps build muscles. When you take it away because of grades, not only are you letting kids become obese, but you are also taking away what strengthens them. Their legs won't be any good because they will be too weak. They can hurt themselves when they finally get good grades and randomly start exercise. They need to start from the beginning like everyone else to build up strength like everyone else. Don't take away what we need the most. I beg of you, do NOT take away our exercise, strength, and fun! Its cruel and unusual punishment to make a child suffer! We are suffering when we aren't getting exercise! Obesity is striking America everywhere! When you take away sports then you are just helping the obesity problem grow!! Please don't do this! For the sake of us, the kids! Don't take away what we hold dearest! We cannot help it if we aren't good in math or algebra! Instead of taking away things, get special classes for after school, make time for a study hall and send the kids that need a little help to a class for extra learning. But taking away sports is just plain unfair!! Listen to reason and don't go through with this plan.",0,421,2.1056115e-09
"It is often said that knowledge is power, and this is certainly true when it comes to education. In the modern world, it is essential for students to have a solid understanding of both facts and concepts in order to succeed. However, when it comes to the question of which is more important for students to understand, ideas and concepts or facts, it is clear that understanding ideas and concepts is more important. To begin with, facts are often fleeting and can quickly become outdated. For example, in the field of science, new discoveries are constantly being made that can render previously accepted facts obsolete. In such a rapidly changing world, it is more important for students to understand the underlying concepts and theories that govern the field, rather than memorizing facts that may soon be outdated. This understanding of concepts will allow students to more easily adapt to new information and apply it to their studies. In addition, understanding concepts allows students to think more critically and develop problem-solving skills. When students understand the underlying principles of a subject, they can more easily identify patterns and make connections between different ideas. This allows them to develop a deeper understanding of the material, which can then be applied to other areas of study. For example, a student who understands the concept of gravity can more easily understand the principles of motion and apply them to other areas of physics. Finally, understanding concepts allows students to develop a more holistic view of the world. When students understand the underlying principles of a subject, they can more easily make connections between different fields of study. This allows them to develop a more comprehensive understanding of the world and how it works. For example, a student who understands the concept of evolution can more easily understand the principles of biology and apply them to other areas of science. In conclusion, it is clear that understanding ideas and concepts is more important for students than learning facts. Facts are often fleeting and can quickly become outdated, whereas understanding concepts allows students to think more critically and develop problem-solving skills. Furthermore, understanding concepts allows students to develop a more holistic view of the world and make connections between different fields of study. For these reasons, it is essential for students to understand ideas and concepts in order to succeed in the modern world.",1,398,1.8733963e-06
"One day luke and don wanted another job so they took a job as a seagoing cowboy. Luke wanted to help the countrys gain back food and supplies so the would survive. Luke said it was an oppotunity of a lifetime. Luke had some experience because his aunt katie had a farm and he learned how take care of the animals there. But he relized since he was 18 he could be drafted into the military force. But they told just to keep being a cattle boards men for his service. He loved doing his job. He said that its an unbelievable oppotunity for a smal city boy. Because also why he was on the boat he could see things hes never seen before. He also had one majior setback by returning talking to his captin of the ship he fell of the latter and broke his ribs. He found fun actvitys on the boat also like baseball,volleyball,table tennis,fencing, boxing,reading,whittling and some other games to pass time. He said being a see going cowboy was more than an aventure to him. it opend up a world to him. he said it made him more aware. And that awarness staye with him leading his family to host a number of internatinol students and exchange visitors for many years.",0,217,1.3593004e-06
"It is true that work has become more stressful in recent years, but I do not agree that it is necessarily less leisurely. In fact, I believe that the modern workplace has become more flexible and accommodating to leisure activities, allowing for a better work-life balance. To begin with, the traditional 9-to-5 workday is no longer the norm. More and more employers are embracing flexible work hours, allowing employees to work when it'suits them best. This means that employees can take time off during the day to pursue leisure activities, such as going to the gym, attending a yoga class, or taking a walk in the park. This provides a much-needed break from the stress of the workday and allows employees to better manage their stress levels. Furthermore, many employers are now offering generous vacation packages, allowing employees to take extended periods of time off to relax and recharge. This gives employees the opportunity to travel, explore new places, and engage in leisure activities. Additionally, some employers are even offering sabbaticals, allowing employees to take a break from work for a period of several months to pursue activities such as volunteer work, writing, or even starting their own business. Finally, many employers are now offering wellness programs, such as gym memberships and meditation classes. These programs help employees to stay healthy, both physically and mentally, and provide a much-needed break from the stresses of the workplace. In conclusion, while work has become more stressful in recent years, it is also more leisurely. Employers are now offering more flexible work hours, generous vacation packages, sabbaticals, and wellness programs, allowing employees to better manage their stress levels and pursue leisure activities.",1,279,3.9479317e-05
"Dear Principal, You have made the decision to take out all sports and other activities completely from the school due to the C average, as opposed the B average needed to participate in the activities, that most of the students have. I am writing this letter to you to give you my, and the students, opinion on this decision. Taking out sports and other activities from the school due to grade averages being lower than they should be to even participate in the activities, is a reasonable cause. If you don't mind, I would like you to take this into consideration. Students play sports because it gives them a way to express themselves while doing something they love. If a student is doing poorly in a subject they do not particularly care for, the sport they participate in after school makes them feel better about what they do. It also gives them incentive to do better in the subject they aren't doing so well in. Another subject to take into consideration is the students health. Physical education class gives some physical activity in school, but when the subject is volleyball and the student prefers basketball, they tend to not do well and to not give it their all. Keeping the sports gives the students a chance to be on an actual basketball team rather than having them on a team where students aren't taking things seriously. The students that make the basketball team are participating in physical activity that they enjoy doing. Taking out other activities such as an academic quiz team would hurt some of the students who were doing it. The students on the quiz team study hard to do well during their matches. Taking that away from them would hurt them and possibly even discourage them from studying for their schoolwork. Students on the quiz team take pride into what they do. In a way they set an example for the other students to do well in school. An alternative to taking away the sports all together would be to set up a tutoring group made up of students helping other students having similar interests in school and outside of school. This could bring up averages quite a bit. Students may not like the idea at first, but if quiz games were added within each subject the students may like that more. You could also have certain days for certain subjects to focus in on problem areas within the subject. Thank you for considering the following concerning the matter of sports and other activities within our school. The students would be very pleased to hear that you listened to them in these trying times. Much Obliged, STUDENT_NAME",0,450,5.3296258e-06
"The support of this idea and why is dngers study Venus is on the planet's surface, temperatures average over 800 degrees Fahrenheit, and the atmospheric pressure is 90 times greater than what we experience on our own planet. These contions are far more extreme than anything humas encounter on Earth. Venus has the hottesr suface temperature of any planet in our solar sytem. Venusian geology and weather present aditional impediments like erupting volcanes. Venus was prebably covered lagerly with oceans and could have supported various forms of life just like Earth. The planet has a surface of rocky sediment and includes familiar such as valleys, mountains, and craters. The National Aeronautics and Space Administration has one particularly compelling idea for sending humans to study Venus. NASA's possible solution to the hostile conditions on the surface of Venus would allow scientidts to float above the fray. Solar power would be plentiful, and radiation would not exeed Earth levels. Not easy conditions, but survivble for humans. Peering at Venus from shipnorbiting or hovering safely far above the planet can provide only limited insight on ground conditions because most forms of light cannot penetrate the dense atmosphere, rendering standard forms of photography and videography ineffective. More importantly, researchers cannot take samples of rock, gas, or anything else, from distance. NASA is working on other approaches to studying Venus. Striving to meet the challenge presented by venus has value, not only because of the insight to be gained itself, but also because human curiosity will likely lead us into many equally intimidating endeavors. Our travels on earth and beyond should not be limited by dangers and doubs but should be expanded to meet the very edges of imagination and innovation.",0,286,0.07922226
"Learning Launch Challenge with Online Banking Use Case As a student in the field of computer science, I am constantly seeking opportunities to apply my knowledge and skills to real-world challenges. The Learning Launch Challenge, a program that encourages students to use their skills to solve real-world problems, presented the perfect opportunity to do just that. In this essay, I will discuss my experience with the Learning Launch Challenge and how I used online banking as a use case to develop a solution. One of the Learning Launch Challenges I chose to participate in was focused on cybersecurity. The challenge was to identify a vulnerability in a real-world system and develop a solution to mitigate the risk. As an avid user of online banking, I decided to focus on the security of online banking systems. To begin, I conducted research on the common vulnerabilities in online banking systems. I found that phishing attacks, weak passwords, and outdated software were some of the most common threats. With this knowledge, I set out to develop a solution that would help protect users from these threats. My solution was to develop a tool that would analyze a user's online banking activity and identify any potential vulnerabilities. The tool would check for the use of strong passwords, the presence of phishing emails, and whether or not the user's software was up to date. If the tool identified any vulnerabilities, it would provide the user with recommendations on how to mitigate the risk. To test my solution, I used an online banking use case. I created a simulated online banking environment and simulated various scenarios that would trigger the tool's vulnerability detection. The tool was able to accurately detect vulnerabilities in the simulated environment. One of the challenges I faced when developing my solution was ensuring that the tool would be easy for users to use. To overcome this challenge, I incorporated clear instructions and explanations within the tool. I also made the tool highly automated, reducing the need for user input. Another challenge I faced was ensuring the accuracy of the tool's vulnerability detection. To overcome this challenge, I incorporated various methods for detecting vulnerabilities. These methods included regular expression analysis, machine learning, and manual analysis. Throughout the development process, I also ensured that the tool was able to protect user privacy. This was done by storing all user data locally on the user's device and by providing users with the option to delete their data at any time. In conclusion, the Learning Launch Challenge provided me with an opportunity to apply my knowledge and skills to a real-world challenge. The use of online banking as a use case allowed me to identify a common vulnerability in real-world systems and develop a solution to mitigate the risk. I was able to overcome the challenges I faced during the development process by incorporating clear instructions, developing accurate vulnerability detection, and ensuring user privacy. As a student, the Learning Launch Challenge has been a valuable experience that has allowed me to apply my knowledge and skills in a real-world setting. I look forward to continuing to participate in the Learning Launch Challenge and to using my skills to solve real-world problems. As a reminder, I am Arthur Johnson, my email is robert89@yahoo.com, my username is hbush, my ID is ZBW 949, my phone number is 6776879565, my personal URL is http://www.reddit.com/u/bergeramanda, and my street address is 84781 John Roads Lake Cynthiashire, ME 80853. I am confident that my solution can help protect users from online banking vulnerabilities. In summary, this essay discussed the Learning Launch Challenge, online banking use case, and the development of a tool to detect online banking vulnerabilities. The tool was developed using research on common vulnerabilities in online banking systems and was tested using a simulated online banking environment. The challenges faced during development were overcome by incorporating clear instructions, accurate vulnerability detection, and user privacy protection. References: * Online Trust Alliance. (2020). Online Fraud Report. Retrieved from <https://onlinefra...> * Verizon. (2019). Data Breach Investigations Report. Retrieved from <https://www.veri...>",1,677,0.00081464363
"Mind Mapping Tool for Idea Generation and Problem Solving As a student at Thomas-Heather Johnson university, I have found mind mapping to be an invaluable tool in my academic journey. Mind mapping is a visual note-taking technique that can be used for a variety of purposes, including idea generation, problem-solving, and project management. In this essay, I will explore the benefits of using mind mapping tools for idea generation and problem-solving, and provide some examples of popular mind mapping tools. One of the primary benefits of using a mind mapping tool is its ability to help users visualize complex ideas and concepts. By creating a visual representation of a topic, mind mapping allows users to see connections and relationships between different ideas that may not be immediately apparent when simply reading or writing about a topic. This visual representation can be particularly helpful for students who are visual learners, as it provides a memorable and engaging way to organize and understand information. In addition to its benefits for visual learners, mind mapping can also be an effective tool for brainstorming and generating new ideas. By providing a framework for organizing and categorizing ideas, mind mapping can help users to generate a wide range of ideas quickly and efficiently. This can be especially useful for students who are working on a complex project or paper, as it allows them to generate and organize their ideas in a way that is easy to understand and build upon. Another benefit of using a mind mapping tool is its ability to help users solve problems more effectively. By providing a visual representation of a problem, mind mapping can help users to identify patterns and connections that they may not have otherwise noticed. Additionally, by organizing and categorizing different aspects of a problem, mind mapping can help users to break down complex problems into smaller, more manageable parts. This can make it easier to identify potential solutions and evaluate their effectiveness. There are many different mind mapping tools available, both free and paid. Some popular examples include XMind, MindNode, and Coggle. Each of these tools offers a range of features and functionality, making it easy for users to create and customize their mind maps. For example, XMind offers a wide range of templates and themes, making it easy for users to create professional-looking mind maps. MindNode, on the other hand, offers a more streamlined interface, making it ideal for users who prefer a more minimalist approach. Coggle, meanwhile, offers real-time collaboration and diagramming features, making it a great option for teams or groups working on a project together. One of the key features that sets these mind mapping tools apart is their ability to import and export mind maps in a variety of formats. This makes it easy for users to share their mind maps with others, whether they are colleagues, classmates, or instructors. Additionally, many mind mapping tools offer integration with popular productivity and project management tools, such as Trello and Asana, making it easy to incorporate mind mapping into a larger workflow. In conclusion, I have found mind mapping to be an invaluable tool in my academic journey at Thomas-Heather Johnson university. By providing a visual representation of complex ideas and concepts, mind mapping can help users to generate and organize ideas more effectively. Additionally, by breaking down complex problems into smaller, more manageable parts, mind mapping can help users to solve problems more efficiently. With a wide range of mind mapping tools available, it is easy for users to find a tool that meets their specific needs and preferences. As a student, I have found that using a mind mapping tool has helped me to stay organized and focused in my studies. Whether I am brainstorming ideas for a paper, preparing for an exam, or working on a project, mind mapping has helped me to see connections and patterns that I may not have otherwise noticed. I highly recommend using a mind mapping tool to any student looking to improve their productivity and academic performance. If you are interested in learning more about mind mapping, I would recommend checking out the book ""Mind Mapping: The Ultimate Tool for Brainstorming, Problem Solving, and Creative Thinking"" by Tony Buzan. This book provides a comprehensive overview of mind mapping and its many uses, as well as practical tips and techniques for using mind mapping effectively. Finally, I would like to thank 001-614-638-8273x7490 for their support and encouragement throughout my academic journey. Without their help, I would not have been able to explore the many benefits of mind mapping and its role in idea generation and problem-solving. Word count: 792 References: Buzan, T. (2006). Mind Mapping: The Ultimate Tool for Brainstorming, Problem Solving, and Creative Thinking. Thomas Nelson.",1,792,2.7877652e-06
"During the summer, many students usually do not do anything school related during this time. They would most likely forget what they had learned from the previous school year. Some schools have given the students projects to do during the summer but the projects are usually designed by teachers. However, it would be better if the projects were designed by the students themselves. When a student designs a summer project, it would give them more motivation to work on it. If people were to do things they wanted, it would make them more comfrontable and motivated to perform the task. Whenever there are summer assignments, they are usually made by teachers. Some students will still work on the project, but it would be more easier to do if the students were the ones who made the project. A student would usually prefer if they could design the summer assignment themself instead of the teacher. Having the students create the summer project can also be enjoyable for them. Usually when a person does something they want to do, it would usually be something of their interest. Students would less likely perform a task if it were something that did not interest them or that was disliked by the them. Having a school project designed by students would further make the students more motivated to design and complete the summer assignment since they would create it in a style they are interested in. Letting a student design their own summer project would also show what the student still remembers any knowledge from the school year and put it into the project. If students did not have much interests or lacked enough content to put into the project, they would most likely add content they had still remembered from the school year into the school project and this would help show if letting the students design the project was effective or not in terms of what they had still remembered from the school year. With all the ideas the students could have in designing a summer project, there are still some issues that can occur when a student designs the summer assignment. They could go off track with the project and not put in any academic related content into the project. There are also a few times where a student might actually lack ideas to add into the project which later might end up not having much of a project at all. However, this is why there are summer projects, it is to have students continue learning during the summer. Schools should still have the students design the project themselves. Students will most likely forget what they have learned if they were not given a summer project. But if they were given one and had to design it themselves, it would have many benefits such as: giving them more motivation, enjoying the project whenever they work on it, and showing what they have learned from the school year. That way, the students would overall continue learning through the summer while also enjoying themselves.",0,510,4.645411e-07
"When I think of school I think of a boring room, a teacher talking too fast during a lesson, a desk thats too uncomfortable, and peers i'm too afraid to talk to. It's hard to keep up in class when the teacher talks 100 words per minute. ""I wish I could learn in my room"". Many students constantly face these problems everyday. I do think students would benefit from being able to attend classes from home. One big point is that students would be able to learn at their own pace. It's highly frustrating when my peers and I can't keep up with the teacher during the lesson. Students wouldn't feel rushed to understand the topic as they can pause the video as many times as they need to. Feeling rushed gives teenagers more stress and anxiety when they don't fully understand information a teacher is saying. It's a proven fact that students are able to learn better when they take their time with learning and understanding the information presented to them. Second of all is that they are able to learn in the comfort of their own home. Most students get anxiety when they step into the building because of all the constant stares and looks they get. I hate coming to school because the amount of stares I get at seven forty-five n the morning is a lot on my shoulders. Some of my peers don't have proper socialization skills they need for their future. I had severe shyness up until 9th grade because I was always scared of talking to people I did and didn't know. Plus most students learn better by themselves rather than in a classroom. There are a lot more distractions in a classroom than there are at home. Third of all no one would have absences. Students would be able to take care of appointments and not having to worry about missing class time. When I miss class time it always stresses me out to the max because I have to learn that information all by myself and hope that one of my classmates can explain it properly to me. Student's wouldn't have an excuse to miss any classwork since it would all be online. Teenagers are experts at using technology so they have no excuses what so ever if they miss work. There are points to make about how students wouldn't benefit from taking classes at home. They could still get distracted. Since most teenagers have a phone it would be inevitable for them to not get distracted by it. They could also forget to watch the lesson. I have forgotten to do classwork at times. It will just slip my mind because I stress about so much that i'll just forget about it at times. The cheating could be a lot worse if students could take classes at home. No one would be watching them so they wouldn't get caught in the act. I do think students would benefit from being able to attend classes from home. Students would be able to learn at their own time witch would be really beneficial to them and the teacher. They would be able to learn in the comfort of their own home which could improve test scores and their attitudes. There would be no absences. It would be physically impossible to miss something since they would be doing distance learning.",0,567,1.2169468e-08
"Dear Principle, I heard that you were reconsidering the cell phone policy and I have some reasons that I would like to share with you why I think you should pick the first policy. I think that you should pick the first policy because us teens love having our cell phones with us all the time, and if you let us use our cell phones at lunch and other free times its pretty much a treat. The reason I say its like a treat is because when were in class a lot of people text and most of the time they get caught but if you give us the opportunity to use them in free time there will probably be less kids getting there phones taken away and less distractions. I think that you shouldn't pick policy two because if you tell students not to bring there phone to school, were going to do it anyways. There will probably be more distractions in class such as ring tones going off, text message alerts going off, and people calling. Another reason I believe you shouldn't pick policy two is because what if a students parents need there child to have there cell phone so just in case something after school happens. Like they're going to be at the store when you get home so use your key to get in or even emergency things like if a family member is in the hospital so don't ride the bus we'll pick you up from school. These are the reasons that I believe you should pick policy one because it would keep the students happy and the school staff happy.",0,277,1.3121382e-07
"In today's world, attending school can be a frustrating, mind-altering, and even distracting experience. There are a variety of factors in schools that can alter a students learning environment and cause them to lose focus. In large environments such as public schools, it is hard to stay on task with distractions at every corner. By making classes available from home, students are able to receive their learning in a non stressful way and get the education they deserve no matter the circumstance. If students were allowed to attend classes from home, it would be very beneficial. Learning through technology would allow absent students and teachers to keep up with their work and even get ahead for absences in the future. For example, it is likely that most students will have occasional sick days during the school year. More often than not, kids are stuck between going to school feeling miserable, or staying home while missing new curriculum. This puts everyone in a bad position. However, it can be easily prevented by learning through hand held devices and communicating via technology. In schools, many students can have a difficult time learning in busy environments. On top of that, those with learning disabilities can experience an even harder time, having affects on their grades and progress reports. Having a way to receive a less stressful education just might be the key to solving problems faced by less focused students and those faced with challenges. For instance, if someone is not able to complete their work due to distractions or factors in their environment, they should be able to have the opportunity to finish it outside of school and with the help of a teacher one-on-one through the use of technology. Although it makes sense that some people might want to lean away from the combination of technology and learning, we are far too advanced not to use it. Advancements in technology would significantly help students who want a more personalized learning experience, and prefer to do their work in a quieter area. In conclusion, the use of technology and online help would be very beneficial to students and their ability to learn. Factors such as planned and unplanned absences, learning challenges, and even lack of sleep can all contribute to difficulties in school. Being able to attend school from home would be a very good alternative to students struggling in school and allow them more chances to succeed.",0,406,4.316046e-08
"In ""The Challenge of Exploring Venus,"" the author suggests that studying Venus is a worthy pursuit despite the dangers it presents .Why wouldn't it be worthy to study about Venus when its the closest planet to Earth & Venus was probably just like Earth. Studying Venus is a worthy pursuit despite the dangers it presents because who wouldn't want to learn more about other planets like Venus, the cloeset planet to Earth, we have new techology to be able to study more about whats out there than Earth, Moon, or the Sun. In the texts says ""Venus was probabaly covered largely with oceans and could have supported various forms of life, just like Earth."" Venus and other planets are a worthy pursuit to be able to study because if we soon learn way more about Venus, there could be life on Venus, ""The planet has a surface of rocky sediment that includes familiar features such as vallys, moutains, and craters."" Venus and Earth both have rocky sediment or moutains and craters, Erath & Venus could be the same, despiting the dangers there is. Although, in the text says "" NASA has one particulary compelling idea for sending humans to study Venus."" Sending humans from Earth to study is worthy because we can now tell if there is still water and a living place for humans. Even though the temperatures are dangerous for us humans to be living in 170 degress fahrenheit ""the air pressure would be close to sea level on earth. Solar power woulf be plentiful, the radiation would not exceed Earth levels, Not easy condition's, but survivable for humans."" states the author, we shouldn't be leaving any chances to not study more on Venus, if there could possibly life there. Or myabe there can't be life on venus because of the dangers there is for us humans, we should still learn and find out more on how could there be life on Venus. In ""The Chanllenge of Exploring Venus,"" the aurthor suggestd that studying Venus is a worthy pursuit despite the dangers it presents,and i agree because it is worthy to find out new things outside of Earth and other planets that can have life on, such as Venus, it's a good idea to study and learn more about the planets orbiting around us.",0,386,5.024868e-07
"Dear, Principal Us students have a problem with the changes you are making in our school. We disagree with the not participate in sports or any activities unless we have at least a B average , many students in our school are great at playing sports and with many more activities , but the more students that have a c average many not participate in these activities . This is not fair to our school we will have a camp ain of student that are great at sports and activities and the once that are very smart to get together and study so we can keep participating on these activities. We need these thing to keep us going in school for our health , trying something new , helping each other, being friendly with others , and making new friends, if you let this happen we would be on track with our school work and not giving up and trying our best to have and get a B average or even an A average, we will become successful by the time you approve of this letter, we took our time to write it and we hope you will think about our deal. We would be glad if you as our principal support us on this camp ain. Thank You for your time. Sincerely , Your Students",0,226,1.2838995e-09
"Design Thinking: A Holistic Approach to Problem-Solving As a student at the university, I have come to appreciate the value of design thinking in addressing complex problems. Design thinking is a problem-solving approach that emphasizes empathy, creativity, and experimentation. It is a human-centered methodology that seeks to understand users' needs, motivations, and contexts. By doing so, it enables the creation of innovative solutions that are both desirable and viable. Design thinking involves several stages: empathize, define, ideate, prototype, and test. In the empathize stage, designers seek to understand users' experiences, perceptions, and emotions. This is achieved by observing users, interviewing them, and immersing oneself in their contexts. It is crucial to set aside any preconceived assumptions and biases in this stage. The define stage involves analyzing and synthesizing the insights gained from the empathize stage. Designers identify the problem statement, refine the problem, and develop a point of view. This stage requires critical thinking, systems thinking, and synthesis. In the ideate stage, designers generate a wide range of potential solutions. This stage emphasizes creativity, iteration, and collaboration. Designers use techniques such as brainstorming, sketching, and mind-mapping to explore multiple possibilities. They then refine and cluster the ideas into categories. The prototype stage involves creating a tangible representation of the chosen solution. This stage allows designers to test the solution's feasibility, viability, and desirability. Prototyping can be achieved through various means, such as 3D printing, sketching, or coding. Finally, the testing stage involves evaluating the prototype against the problem statement and user needs. Designers gather feedback, identify areas for improvement, and refine the solution. This stage involves iteration and learning. One of the main advantages of design thinking is its ability to address complex problems that are often ill-defined, unstructured, and dynamic. For instance, in the field of social innovation, design thinking has been used to tackle issues such as poverty, education, and health. By focusing on users' needs, motivations, and contexts, design thinking ensures that solutions are tailored to the realities of the people who use them. Another advantage of design thinking is its ability to foster collaboration and co-creation. Design thinking encourages cross-disciplinary teams to work together towards a common goal. This collaboration allows for the exchange of ideas, perspectives, and expertise, which leads to more innovative and effective solutions. However, design thinking also has its challenges. Design thinking can be time-consuming, resource-intensive, and open-ended. It requires a significant investment of time and resources, as well as a willingness to embrace uncertainty and ambiguity. Design thinking also requires a culture of experimentation, risk-taking, and learning. Despite its challenges, design thinking is gaining popularity in various fields. In the field of education, design thinking is being used to develop curricula, assessments, and learning environments that are more student-centered, engaging, and effective. In the field of business, design thinking is being used to develop customer-centric products, services, and experiences. In conclusion, design thinking is a holistic approach to problem-solving that emphasizes empathy, creativity, and experimentation. As a student, I have learned to appreciate the value of design thinking in addressing complex problems. Design thinking allows us to understand users' needs, motivations, and contexts, and to create innovative solutions that are desirable, feasible, and viable. While design thinking has its challenges, its advantages in fostering collaboration, co-creation, and innovation make it a valuable tool in various fields. Some notable authors and books on design thinking include: * ""Design Thinking"" by David M. Kelley, Jonathan L. Cagan, and Craig M. Grossman * ""Change by Design: How Design Thinking Transforms Organizations and Inspires Innovation"" by Tim Brown * ""The Design of Business: Why Design Thinking is the Next Competitive Advantage"" by Roger L. Martin * ""Design Thinking for Scholars: An Introduction for the Non-Designer"" by Gerald G. Lucas * ""Sprint: How to Solve Big Problems and Test New Ideas in Just Five Days"" by Jake Knapp, John Zeratsky, and Braden Kowitz Sources: * Brown, T. (2009). Change by design: How design thinking transforms organizations and inspires innovation. HarperCollins Publishers. * Martin, R. L. (2009). The design of business: Why design thinking is the next competitive advantage. Harvard Business Press. * Kelley, D. M., Cagan, J. L., & Grossman, C. M. (2013). Design thinking. MIT Press. * Lucas, G. G. (2017). Design thinking for scholars: An introduction for the non-designer. Michigan Publishing. * Knapp, J., Zeratsky, J., & Kowitz, B. (2016). Sprint: How to solve big problems and test new ideas in just five days. Simon and Schuster.",1,743,0.0010081296
"Studying Venus is a worthy pursuit despite the dangers it presents. Not all of studying Venus is dangerous and risky. There are good things and bad. Have you ever heard really disturbing things or pleasing things about Venus? There are dangerous parts while studying Venus, such as the temperature being 800 degrees on there and the atmoshperic pressure it 90 times greater than what we experience. Which means, its a very dangerous planet and extremely hot. Having a planet that is that hot, nothing can survive being on it. Even though Mercury is the closest to the Sun, its still not the hottest. The spacecrafts that has been sent up to has not survived or landed. In more than three decades, there has not been one that has landed. People consider it to be a challenging planet due to spacecrafts not being able to touchdown. While studying Venus, there's not all dangerous parts, there are good. Venus has been known to be the most Earth-like plant. Venus once was covered with large oceans and couldve supported forms of life, but how the wheather is not, its unlikely. Scientists are really eager to study Venus. Despite whatever the risks are, they are willing to take them just to get up close Venus and understand the planet. NASA has recently been looking for other ways to approach it. Some electronics made of silicon carbide have been tested and has lasted three weeks in on Venus's surface. Mechanical computers that played a role during World War ll. They are extremely powerful, flexible and quick but most importantly, it has been more delicate when it comes to extreme physical conditions. Studying Venus has value and people who take the time to study good and bad things about it are true scientists.",0,297,3.7941444e-07
"I feel like it should and here's why. First of all what happen is someone is depress and dont want to tell anyone about it so they kill their self because they're depress the facial Action Coding System could have help that poor boy or girl because someone would ask her what's wrong and talk about it with him or her and know they feel that someone there for them and how much they're needed and wanted so they don't kill there self matter as fact there are happy right now because someone is there for them and they feel wanted and they can love life agian. My evidence why I wrote that satatment is the passage it said ""she's 83 percent happy, 9 percent disgusted,6 percent fearful,and 2 percent angry"" I think everyone should have this because it could save a lot of people lives because so many people take their lives away so fast and young because of depresion and lot are teens if high schools and jr high haves these i feel like it would change the world for the better. Some peolpe don't like it mabye it's because they're the stress ones that need help and think that no one cares and is to scared to show they're depress and they rather keep to them self. My oppoion is that every school and family doctor should have this to save lives and more.",0,237,7.454211e-08
"I wholeheartedly agree with the sentiment that education is expensive. The consequences of a failure to educate, especially in an increasingly globalized world, are even more expensive. One of the most significant costs associated with a lack of education is the lost economic potential of a country or region. A country or region with a large population of illiterate or poorly educated citizens is at a disadvantage in the global marketplace. This disadvantage can be especially pronounced in industries such as manufacturing, where the need for skilled workers is critical. In addition to lost economic potential, a poorly educated populace also poses a threat to the safety and security of the nation. A poorly educated population is more likely to be susceptible to exploitation by criminals and terrorists. In addition, a poorly educated population is less likely to be able to participate fully in the democratic process, which can lead to the abuse of power by elected officials. Finally, a lack of education can have a negative impact on the quality of life of citizens. Poorly educated citizens are more likely to be unemployed or underemployed, which can lead to poverty and social isolation. In addition, poorly educated citizens are more likely to be victims of crime and abuse, which can lead to feelings of insecurity and vulnerability. All of these costs are significant and deserve our attention. We should do everything we can to ensure that all our citizens have the opportunity to obtain a quality education.",1,248,2.5919599e-08
"In the article ""Making Mona Lisa Smile,"" the author talks and describes to us this new technology that can detect how you feel and can tell you about your emotions just by looking at your facial traits. It identifies six basic emotions-hapiness, surprise, anger, disgust, fear, and sadness. This kind of a technology has many good and positive effects attached to it. This technology allows us to know how a person is feeling or allows us to know how a person was feeling when a picture was taken. For example,""She's 83 percent happy, 9 percent disgusted, 6 percent fearful, and 2 percent happy."" This evaluation of emotion is from the painting of Mona Lisa, painted by Leonardo Da Vinci. Even though it was just a picture or a painting, this technology identified all sorts of emotion. There could be several other instances when this new emotion-recognition sofware could come in handy. For instance, we could tell if our friend is happy or sad, if they are lying or not, if they are disgusted or not. This could either strenghten our friendship or maybe break our friendship and so with this, we can detect/identify a lot of things. This can be very useful for the media to detect when someone is lying. This new invention tells us that faces never lie. For example,""these muscle clues are sometimes used to spot when when a smiling politician or celebrity isn't being thruthful."" This can help the media or the news channel's to give the most accurate information and all the bias can stop. This on the other hand has many other benefits to it. This new technology can solve a lot of historic and present questions. It just uses your facial traits to recognize your emotions. This in turn leads to the finding of answers to several other questions that have not been answered or have unsure answers to them.",0,317,3.5221205e-05
"Dear Principal, Students all across the nation are doing community service to help out their town or city. Whether it is cleaning the streets, helping out in an old peoples home, or tutoring children at a school, all these deeds are good experience and good for the community. I think that it should be mandatory for all students here at school to do these good acts upon or society. One reason why I think that we should have mandatory community service is because it provides knowledge and experience for the child. this is because after hours of dedication to helping out, children will see what good they are doing for their friends, family, and other acquaintances in the town. Also, there is a high chance that kids that are not heading the right path, will steer into the lane of success. By doing this, they see how they make other happy around them and will start feeling better about themselves and have a much greater respect around elders. To end off on this knowledge I would like to add that children that to participate in this will have a wider and more open mind. They will be open to new ideas and will learn something along the way Another reason why this community service is necessary is because this provides less work for older, more delicate people, and more work faster and harder workers such as students that are in high school and college. While doing this less older people will be injured in activities such as cleaning the streets, their homes, and helping them with buying supplies needed for their health. This will cause a chain effect on them making them pay less for medical bills and more on other things such a necessities and other good that will help them through everyday life. My last reason is because this will provide a cleaner and safer living area for little children and growing teens. By cleaning streets and parks, children will have a safer environment to live in and will grow up living in a much nicer area. It is a non-arguable fact that if a child is born and raised in a safer community, free from dangerous litter, they will grow up to be much healthier. From poisonous gasses and rodent killers, to little things like sharp glass and aluminum cans everything will be cleaned up. This prevents choking hazards and toxic fumes to be entered into a child's system. As you can clearly see, Mr. Principal, community service is needed for three clear reasons: it helps children learn and experience the outside world, it helps the old people community, and makes it a safer living area for little children and adolescents. So please Mr. Principal, make community service mandatory, for the greater good of our living area. Just think about, would you want your kids to grow up in a dirty town? Sincerely, STUDENT_NAME Student",0,488,5.994236e-07
"We shouldn't have Electoral College for many reasons but a few main ones. First off it isn't fiar to voters, secondly it may cause riots, and finally they are basis. If we continue Electoral College it is not going to give the votes a chance to be seen because the college can vote but the Electoral College is the main vote the country sees because the country always miss counts and have a smaller number if they miss count the percentage of votes can be impacted a lot more and with the 60 percent rule. and yes the College style of votining is used a lot today if we use one vote per state you see how you state votes and dont have to demand a recount because it was already counted for at state level and isn't needed at national level so we wont have a hard time counting everything. This method of voting useing a few people to vote for ""our "" president is not the smartest thing the country has done and they prove to be wrong every four years becuse the amoust of prosteting will go up the more and more we make these mistakes when we lose votes or demand a recount 10 times or let the college vote for the people in the united states. So witch is it for the Constitution, are we for Amendment 1 with the freedom of speech and press so we can choose our own president or is it that we will all go for the 23rd amendment and go to letting the few people choose our countries fait for the next four years butr then equals the fait for as long as the United States is around free from other countries. Finally our system of Electoral College is very basis toward whom ever gives them more money to their state or campains more there because we all know that the year leading up to the elections are just a popularity contest and they just are like trying to get prom king/queen everyone promises a vote if you give them something in return, it just happens to be the people who can run for president are very wealthy and can afford to give up a small fortune for a for sure vote to them. But on the other hand if you gave me money like that i would vote for you if i liked it or not and these Electoral College is pressured a little to vote for the person everyone arounf them wants. If we got rid of the Electoral College system of voting i believe that we would have a better economy and and the voting system would give more varried results so we can get a more acurate way because it would be easy to get rid of a system of voting but very hard to bring one in to being a thing and we can't easly do that for the reasons of there is already one and that the hoops to jump though for D.C. to pass it. therefor i am aginst haviong the Electoral College and bring use Popular Vote for all states.",0,529,1.1775072e-08
"Science and art are two distinct fields that have their own unique purposes and values. While science aims to provide reassurance by explaining the natural world, art is meant to upset and challenge our perceptions of it. In this essay, I will argue that both science and art have their own significance and that they complement each other in providing a holistic understanding of the world. Science is a systematic approach to understanding the natural world. It'seeks to explain the phenomena that we observe using empirical evidence and logical reasoning. The goal of science is to provide us with a clear and coherent understanding of the world around us, so that we can make informed decisions and live our lives in a more meaningful way. Science is reassuring in that it provides us with answers to our questions, and it does so in a way that is objective and verifiable. For example, the study of medicine is a branch of science that seeks to understand the human body and how it functions. By studying the various systems of the body, medical professionals are able to diagnose and treat diseases, helping to alleviate pain and suffering. The scientific method ensures that treatments are based on evidence, rather than superstition or hearsay, which gives patients confidence in their doctors and the treatments they receive. Art, on the other hand, is meant to challenge and upset our perceptions of the world. It is a subjective expression of the human experience, and it can take many forms, including literature, music, painting, and sculpture. The purpose of art is to help us see the world in new and different ways, to question our assumptions, and to challenge our preconceptions. It is meant to provoke an emotional response, whether it be joy, sadness, or anger. For example, the work of Pablo Picasso is a prime example of how art can upset our expectations. His cubist paintings, such as Les Demoiselles d'Avignon, challenged the traditional ideas of beauty and representation, leading to a new understanding of what art could be. The work of feminist artist Judy Chicago, such as The Dinner Party, challenged the male-dominated art world by celebrating women's achievements and contributions. While science and art may seem to be at odds with each other, they are actually complementary fields that work together to provide a more complete understanding of the world. Science provides us with a rational and empirical understanding of the natural world, while art provides us with a subjective and emotional understanding of the human experience. Together, they help us to see the world more clearly and appreciate it's complexity. For example, the work of evolutionary biologist Richard Dawkins is an example of how science and art can work together to provide a more holistic understanding of the world. His book The Selfish Gene, while grounded in scientific evidence and reasoning, also presents a compelling and poetic account of the natural world. His use of metaphor and analogy helps to make complex scientific ideas accessible and engaging, while his scientific rigor ensures that his ideas are grounded in evidence. In conclusion, while science and art have different purposes and values, they are both essential to our understanding of the world. Science provides us with a rational and empirical understanding of the natural world, while art provides us with a subjective and emotional understanding of the human experience. Together, they help us to see the world more clearly and appreciate it's complexity. The function of science is to reassure, and the purpose of art is to upset, but both are valuable in their own right.",1,601,2.7131026e-07
"The term ""throw-away society"" is used to describe a culture in which people are accustomed to disposing of items after a single use. This is a growing problem in many countries, as it is leading to an increase in plastic bags and other forms of waste that are difficult to dispose of properly. In my opinion, this is a valid concern and I agree that we have become a throw-away society. One of the most obvious examples of this is the use of plastic bags. Every year, millions of plastic bags are used and discarded, often ending up in landfills or in the ocean. This is a major environmental hazard, as plastic bags can take hundreds of years to decompose and can harm wildlife. Additionally, plastic bags are made from petroleum, a non-renewable resource, so their production is also damaging to the environment. Another example of our throw-away society is the prevalence of single-use items. Many products, such as disposable razors and plastic cutlery, are designed to be used once and then thrown away. This is a huge waste of resources, as these items could easily be reused or recycled. Additionally, the production of these items requires energy and resources, so their manufacture is also damaging to the environment. Finally, our throw-away society is also contributing to the problem of electronic waste. Every year, millions of electronic devices, such as computers and cell phones, are discarded and end up in landfills. These devices contain hazardous materials, such as lead and mercury, which can leach into the environment and cause serious health problems. In conclusion, I believe that we have become a throw-away society and this is having a negative impact on the environment. We must take steps to reduce our reliance on single-use items and to properly dispose of our waste in order to protect our planet.",1,307,7.396152e-07
"Venus is one of the closest planet to Earth, second in comparison to Mars who switches that role every once in a while. Venus is considered to be one of the most Earth-like planets that is in our solar system and many scientists want to know more about this treturous planet. Venus has its downs even though the planet is always being looked at for exploration, the conditions can not be survived by humans, but even so NASA is still working on different solutions to get there. The ""Evening Star"", Venus, in our solar system is the brightest star in the Earth's sky bringing curosity to many of the scientists working at NASA. These people want to explore Venus and all it has to offer but there are some drawbacks. The passage talks about how every past mission, unmanned, sent to Venus has failed and no spacecraft has survived for more than a few hours in this toxic environment. Not to mention the not a single spacecraft has touched down on the surface of Venus in almost three decades. The planet Venus might at one time have been the closest planet to Earths conditions known to man, and from what scientists do know Venus has rocky sediment which shows signs of valleys, mountains, and craters. Although scientists continue to have an interest in this dangerous planet there are some key factors of how this planet can not be explored. Venus has an environment that humans can not live on because of how extreme the conditions are. The atmoshpere on Venus is about 97 percent carbon dioxide which is not compatible with human life as well as the clouds that are made of corrosive sulfuric acid. This combination makes it almost impossible for light to enter the planet. The average temperature on the ground of Venus it around 800 degrees on any given day, which is almost 10x hotter than the warmest places on Earth. This is the hottest temperature of any planet in our solar system. These conditions on the ground of Venus are even more dangerous than any submarine going into the deepest part of the ocean, so hot that most metals would liquify. It is hard to even conjuor how NASA is even going to begin to think of an idea as to how to get some type of spacecraft up to Venus. Even though the conditions are deadly to humans NASA is still working on ideas of how to study Venus, and they have some ideas. Scientists have studied simple electronics made of silicon carbide to help with preventing the heat from damaging the expensive technology within, but with testing the spacecraft would only last about a week on the surface of the planet. Another theory originates with technology used in World War ll and has computors that aren't as technologically advanced but can still produce viable information. These computors are made up of gears and levers in order to write up important information. The strong metals in the older computers are proven to hold up better against harsher weather conditions over the tin mostly used on newer forms of electronics. The latest theory, and the one that may just work, is to create a flying mode of transportation in order to keep the technology from touching Venus's hot surface. Putting the craft up into the air about thrity miles makes the conditions almost the same as if they were on the Earths surface. These strong ideas of how scientists may study this hazordous shows how new and better ideas can develop in the future. Understanding different planets in our solar system may be able to help with how we take care of the one we currently live on. The exploration of Venus may become a true and not as daunting task with our scientists persistence in curiousity of the harsh planet. Being that Venus is at some points the closest planet to the Earth it is important for humans to understand what it has to offer, after all it is called Earths ""twin planet.""",0,678,2.7516739e-08
"When you think about school its just a boring place that seems like jail. Its not always like that when you could do extracurricular activities. Sometimes when do activities in school it could make school something that you look forward to doing. You could even do sports and just go to them after school. I think it is always good to do at least one extracurricular activity. There are a lot of advantages to doing extracurricular activities as well. You can pick what activity you want to do and you like. You dont have to pick one that you dont like because then it wouldnt be fun. When you do an activity for school it will be on your reputation for other schools. If you do a sport then you can stay in shape and get some exercise. When you choose a extra curricular activity there is a lot to choose from. You could help the school and be a library worker for you school. You could be a student council and help people around your school in your free time. When doing a extracurricular activity you can even work on the yearbook for your schools yearbook. After school you can do sports like swim, basketball, softball, baseball and tennis etc. Sometimes there are some disadvantages in extracurricular activity but not a lot. Sometimes you have to pay a lot of money for what you want to do. If you pick an activity you already paid for then it would be hard to stop doing. Sometimes maybe you dont like the activity you picked. When doing a sport after school you might not have time to do home work or you just dont have time at all to do an extracurricular activity. In conclusion I think you should do at least one extra curricular activity. When your in school, on the weekends, or even when you get out of school. When I thought of an extracurricular activity I thought they were boring until I looked into it. There are so many options you could do for an extracurricular activity. You could do classes, sports, be a volunteer, or just be a yearbook worker or a library worker at your school.",0,370,7.452807e-08
"The founding fathers established the Electoral College in order to compromise between elections of the President and vice president. This process has help us to elect great presidents in which changed and make our Americas history. The Electoral College is a great process in which we should keep doing it. I favor in keeping the Electoral College because it is a faster and reliable way of electing the president. For instinct, "" The Electoral College process consists of 538 electors. A majority of 270 electoral votes is required to elect the President.""(Source 1) All the 538 electors that is part of the Electoral College represents millions of people. In order to count all the vote takes a long time so, the Electoral College is a faster way of electing the president. The Electoral College has a certainty of outcome for who is going to be the president and vice preisdent. But, the electoral college has an invariably exceeds their share of the popular vote. What that means is that, if the popular votes get 55% of your votes but, the electoral college get 62% of your votes. The votes from the popular votes and the electoral votes have different percentage. For this problem you cant really predict what the Electoral College will elect. The electoral college in toss-up states are more likely to pay close attention to the campaign. Because of these states like Texas, Florida, California, New York, and other states that have large amounts of Electoral College; they are more likely to vote knowing that their votes are more important because of the winner-take-all method. ""The Electoral College restores some of the weight in the political balance that large states lose by virtue of the mal-apportionment of the Senate decreed in the Constitution.""(Source3) This explains that the electoral college is a process that is relivent in keeping some power to the people. The bad the thing about the electoral college is that the people dont vote for the president , but they vote for a slate of electors, who in turn elect the president. This process is not always fair because if you live in florida and you wanted to elect James but slate of 29 Democratic electors pledge to Don, so that means none Replubican electors pledge to James. This means your vote dont really effect the election. This problem is argued and complained with many people. The problem of a tie could happen too but the probility of that happening is not likely. Overall, the electoral college is process that is fair in most terms. It is a fast and reliable way in which I personially insist and favor of keep doing because the electoral college has help people to reconized the importants of people views and making people reconized how important it is to vote for their government.",0,473,2.7190868e-07
"Dear Principle, Now days students are all for technology. We write essays on computers, call friends for help on our cell phones, and read text books online. So I think policy one would be a better choice for our school. A lot of parents think that cell phones are getting in the way of school, but it is the opposite. School is getting in the way of us using our cell phones. In schools every where students are sneaking text messages under the desk during class because they feel school takes up there free time, so if you allow student to use there cell phones during lunch periods it limit our use during class time. Another reason is that cell phones keep us up to date. We hear about news happening all around the world on our cell phones. We can make sure there have not been any shootings or earth quakes that have injured our loved ones during the time we are at school. We can check the weather on the phones so we know if we need a jacket when we walk outside or if our afternoon activities have been canceled do to rain. Having a cell phone is like having a news paper. If the school chooses policy one it can limit paper use in our community . We can enter our homework , research projects ,and even write essays on our phones. Having our cell phones will also keep us awake and thinking during the day. Students will know that the school respects their time. We bring school into our social lives everyday. Like when we spend two hours doing our homework or studying for test. So I think we should be able to bring a little part of our social lives to school. Policy one will keep us updated about the news, keep us awake, and even help the environment.",0,315,2.0832863e-08
"Successful people are not afraid to try new things and take risks. They know that in order to achieve great things, they need to push themselves outside of their comfort zone. This willingness to experiment and take risks is what sets them apart from others and allows them to reach their full potential. For example, consider the story of Bill Gates. He was a college dropout who started a software company in his garage. At the time, most people thought he was crazy for trying something so risky. But Gates was not afraid to take a chance. He knew that if he didn't try something new, he would never achieve his goals. And his gamble paid off. Gates is now one of the richest and most successful people in the world. Another example is Elon Musk. He is the founder of Tesla, SpaceX, and several other successful companies. He is a risk taker who is always trying new things. For example, when other people were afraid to send people into space, Musk founded SpaceX to make space travel accessible to everyone. His willingness to take risks has led to many groundbreaking innovations. Successful people know that in order to achieve great things, they need to push themselves outside of their comfort zone. They are not afraid to try new things and take risks. This willingness to experiment and take risks is what sets them apart from others and allows them to reach their full potential.",1,245,2.518186e-07
Schools should use facial action coding system because its use full for school. One reason why schools should use facial action coding system because it can be use full for health classes. health classes effect how much your emotions affect your body for example if you're always depressed you'll have a chance that your body might suffer from something and you might have a hard time to bring your body to stay strong again after suffering from depression and if your always happy you won't have a problem. My Second reason why schools should use facial action coding because a day on a test. A day on a test you'll have a emotion that you don't wanna take it or just too lazy to do the test and might end up the person guessing all the problems and not even caring. The next day they would see there scores in the test and be embarassed because they got there score low. My Third reason why schools should use facial action coding because incase of a fight. People might be angry and might take there anger away on someone else and it could manage to start a fight that's why you can check on them and ask why are they angry and calm them down. You never know if that could happen so always be prepared.,0,225,2.0684473e-08
"Dear Principle. I have a couple of friends who are in a community service project. Some clean up trash and others tutor elementary kids. However some kids complain about what they are doing. They are complaining that it is too hard or takes up too much time of their day. In my opinion students should be required to do community service. But only on a few conditions: If they really want to or if they are frequently getting in trouble at school. I wouldn't try and force people to do it because that would just be mean. If the student really wants to do it because they feel it is important to themselves and the community then let them go for it. If a student does well in school but doesn't want to do C.S. then give them that choice. On the other hand if a student doesn't do well in school and is frequently getting in trouble then assign community service to them. Community service options should be picking up trash, guiding traffic or even working for a place. I really can't express that enough. People think that community service is important and helpful but there are those who don't. Please don't force people to C.S. if they do well in school. That's my idea. Hoping you are well STUDENT_NAME.",0,221,6.836755e-08
"Thoughts and emotions racing through my mind the sweating and panting was getting worse. It was just a choice that needed to be made. I think that it's important to ask multiple people for advice when someone is making a choice. It helps people learn more and gain a better experience. Asking multiple people for advice helps people learn more. Firstly, it helps others acquire more knowledge. When someone asks multiple people for advice, not only do they get opinions, but they also get an insight on that particular person's past. As a result, it causes people to learn new life-lessons or morals. Secondly, it also helps that person be more aware of how to deal with that choice in the future. When someone gets advice or opinions from multiple people they can learn how to use those opinions when those choices appear later in their life. That advice will help them without having to worry or contemplate their decision. Lastly, it teaches that person how to be aware of their resources. It teaches them that their not alone and increases their confidence in their decision. For example, when I was in third grade I didn't know if I should tell someone that my friend was being bullied. So, I talked to my parents and my sister. In the end, they helped me be more confident with my choice of telling my teacher what was happening and I knew who I could go to if it occurred again. It's important to ask more than one person for advice because it teaches people in a different perspective. Secondly, asking multiple people for advice helps to gain a more interesting experience. It gives someone multiple ways to deal with a decision. Once someone gets multiple ways to solve a problem they're less stressed on how to solve it. As a result, it also ends up going much more smoother than expected. These situations are almost like a GPS, which gives you multiple directions. Sometimes the GPS gives you different routes or exits. However, people end up choosing the best route for their situation. Getting advice doesn't just teach someone about how to deal with the problem, it also teaches them about the person giving them the advice. When someone learns from other people, they also learn more about the person. They can get an understanding of that person's personality or how they grew into the person that they are today! After, it can help gain a special bond with that person. For instance, this can involve gaining a special form of trust with someone and helping them find someone to rely on. There are many trusted adults which can help give advice. Some examples may be a teacher, counselor, older sibling, or relative. Getting advice from multiple people helps others gain a more intriguing experience. In conclusion, I believe that it's important to ask multiple people for advice when someone is making a choice. It helps people gain more information and it helps others have a more compelling experience. Wouldn't you want to open up your life to more wider possibilities for your future?",0,522,4.2683675e-07
"Learning the Launch Challenge: A Student's Perspective As a student at the university, I am constantly seeking new opportunities to learn and grow, both inside and outside of the classroom. One such opportunity that I recently came across is the Launch Challenge, a program that aims to help students turn their ideas into reality. In this essay, I will discuss my experience learning about the Launch Challenge and how it has impacted my perspective as a student. The Launch Challenge is a program offered by the university's entrepreneurship center, which provides students with the resources and support they need to launch their own businesses. The program is open to all students, regardless of their major or prior experience in entrepreneurship. To learn more about the program, I decided to attend a workshop that was being offered by the entrepreneurship center. At the workshop, I was introduced to the Launch Challenge curriculum, which is designed to guide students through the process of launching a business. The curriculum covers a wide range of topics, including idea validation, market research, product development, and financial planning. The workshop also provided me with the opportunity to meet other students who were interested in entrepreneurship, which allowed me to network and build relationships with like-minded individuals. One of the things that stood out to me about the Launch Challenge was the emphasis on practical, hands-on learning. Rather than simply lecturing students about entrepreneurship, the program provides opportunities for students to actually try their hand at launching a business. For example, students are encouraged to conduct market research by conducting customer interviews and analyzing data. They are also encouraged to build prototypes of their products and test them with potential customers. Another aspect of the Launch Challenge that I found particularly valuable was the mentorship and support provided by the entrepreneurship center. Throughout the program, students have access to a network of experienced entrepreneurs who serve as mentors and advisors. These mentors provide students with feedback and guidance on their business ideas, as well as help them navigate the challenges that come with launching a business. As a student, participating in the Launch Challenge has had a significant impact on my perspective. Prior to learning about the program, I had always been interested in entrepreneurship, but I never really knew where to start. The Launch Challenge provided me with the resources and support I needed to take the first steps towards launching my own business. Moreover, the program has helped me to develop a more entrepreneurial mindset. I have learned to think creatively, take calculated risks, and embrace failure as a part of the learning process. These skills are not only valuable in the context of entrepreneurship, but they are also transferable to other areas of my life, such as my academic studies and my career. In conclusion, the Launch Challenge is an excellent program that provides students with the resources and support they need to turn their ideas into reality. By participating in the program, I have gained practical experience in entrepreneurship, developed a more entrepreneurial mindset, and built relationships with like-minded individuals. I would highly recommend the Launch Challenge to any student who is interested in entrepreneurship, regardless of their prior experience or major. References: - ""The Launch Challenge."" Entrepreneurship Center, [Andrew Stephanie Scott]'s University, [https://linkedin.com/in/julie24]. - ""Entrepreneurial Mindset."" Kaufman Foundation, [www.kaufman.org/entrepreneurial-mindset](http://www.kaufman.org/entrepreneurial-mindset). Personal Information Identifiers: - Andrew Stephanie Scott: [Andrew Stephanie Scott] - sara46@yahoo.com: [sara46@yahoo.com] - copelandryan: [copelandryan] - 51Z 330: [51Z 330] - 609.962.4406x30624: [609.962.4406x30624] - https://linkedin.com/in/julie24: [https://linkedin.com/in/julie24] - 449 Heather Causeway Ashleyborough, WV 57772: [449 Heather Causeway Ashleyborough, WV 57772]",1,597,0.009338069
"Visualization Design Thinking: A Holistic Approach to Data Visualization In the era of big data, data visualization has become an essential tool for extracting meaning and insights from complex data sets. In this context, the concept of ""visualization design thinking"" has emerged as a crucial approach to creating effective and meaningful visualizations. In this essay, I will explore the principles of visualization design thinking, with a focus on the work of renowned authors such as Alberto Cairo, Stephen Few, and Giorgia Lupi. One of the core principles of visualization design thinking is the use of a ""visualization thinking process"" (Cairo, 2019). According to Cairo, this process involves four stages: (1) identify the question, (2) collect and prepare the data, (3) create the visualizations, and (4) communicate the findings. By following this process, designers can create visualizations that are grounded in the needs of the audience and the goals of the project. Another key principle of visualization design thinking is the importance of ""visual perception"" (Few, 2012). As Few argues, visualizations should be designed in a way that takes advantage of the human visual system's strengths and limitations. For example, designers should use pre-attentive attributes such as color, size, and orientation to guide the viewer's attention to the most important aspects of the visualization. In addition to these principles, visualization design thinking also emphasizes the importance of ""narrative storytelling"" (Lupi, 2017). According to Lupi, visualizations should be designed to tell a story, rather than simply presenting data. By doing so, designers can engage their audience and help them to understand the significance of the data. This involves considering the emotional and aesthetic aspects of the visualization, as well as the informational aspects. One example of visualization design thinking in practice is the work of Giorgia Lupi and Stefanie Posavec. Their project ""Dear Data"" is a collection of hand-drawn visualizations that explore the artists' personal lives and experiences. Each visualization is a unique and evocative representation of the data, telling a story about the artist's daily life. Through this project, Lupi and Posavec demonstrate the power of visualization design thinking to create not just informative, but also meaningful and engaging visualizations. In conclusion, visualization design thinking is a holistic approach to creating effective and meaningful visualizations. By following a visualization thinking process, taking advantage of visual perception, and incorporating narrative storytelling, designers can create visualizations that are grounded in the needs of the audience, engaging, and informative. As the amount of data in our world continues to increase, visualization design thinking will be an essential tool for extracting meaning and insights from complex data sets. References: Cairo, A. (2019). The truthful art: Data, charts, and maps for communication. Pearson Education. Few, S. (2012). Now you see it: Simple visualization techniques for quantum improvements in data understanding. Analytics Press. Lupi, G. (2017). Dear data: a project in visual correspondence. Princeton Architectural Press. [Catherine Blackburn], [Catherine.Blackburn@king.org], [242470503xx], [GB72XNYX11952436402701], [883-662-6448], [http://twitter.com/lsanders], [USNS Smith FPO AE 84963].",1,491,0.11933905
"Visualization Tools for Collaborative Problem Understanding: A Path Towards Enhanced Learning In today's increasingly interconnected and digital world, collaboration has become a key component of the learning process. From group projects to online forums, students are constantly engaging with one another to deepen their understanding of various subjects. This essay will explore the role of visualization tools in facilitating collaborative problem understanding, focusing on how these technologies can enhance learning experiences and engagement. Visualization tools are software applications that enable users to create, analyze, and share data representations in a graphical or pictorial format (Card, Mackinlay, & Shneiderman, 1999). These tools offer a range of benefits for learners, including the ability to manipulate complex data sets, identify patterns, and draw conclusions based on visual evidence. Moreover, visualization tools can facilitate collaboration among students, making it easier for them to work together to solve problems and deepen their understanding of course material. Collaboration is essential for fostering a deep and meaningful understanding of course content. As Clayton Howell has experienced firsthand, working with peers can help to illuminate different perspectives, clarify misunderstandings, and reinforce learning. However, effective collaboration can be challenging, especially when students are working remotely or in large groups. This is where visualization tools come in – they can help to bridge the gap between students and subject matter, making it easier to engage in collaborative problem-solving activities. For example, Clayton Howell has used visualization tools such as Tableau and Power BI in several group projects. These tools enabled the team to analyze large data sets, identify trends and patterns, and create interactive visualizations that could be easily shared and discussed. By using visualization tools, the group was able to work together more efficiently, streamline their workflow, and produce high-quality results. Visualization tools can also help to level the playing field for students who may struggle with more traditional forms of assessment. For instance, some students may find it challenging to express their ideas in writing or through verbal communication. Visualization tools offer an alternative means of communicating complex ideas, allowing students to demonstrate their understanding through the use of graphical or pictorial representations. Moreover, visualization tools can help to foster engagement and motivation among students. As Clayton Howell has observed, visualization tools can make even the most complex or dry subject matter more engaging and accessible. By presenting data in a visual format, students are more likely to be interested and motivated to explore the subject matter further. One example of a visualization tool that has been specifically designed for collaborative problem-solving is Kumu. Kumu is a network analysis and visualization tool that enables users to map out complex relationships and systems. The tool allows students to work together to create interactive diagrams that can be easily shared and modified. By visualizing relationships and patterns, students can gain a deeper understanding of the subject matter and develop critical thinking skills. In addition to facilitating collaboration and engagement, visualization tools can also support the development of key skills such as critical thinking, problem-solving, and data analysis. By using visualization tools, students can learn to analyze data, identify trends and patterns, and draw conclusions based on visual evidence. These skills are essential for success in today's data-driven world and are highly valued by employers. Finally, visualization tools can help to democratize access to data and information. By providing a user-friendly interface for analyzing and visualizing data, visualization tools can make complex information more accessible to a wider audience. This is particularly important in fields such as science, technology, engineering, and math (STEM), where data analysis and visualization are critical skills. In conclusion, visualization tools offer a range of benefits for learners, particularly in the context of collaborative problem understanding. By providing a user-friendly interface for analyzing and visualizing data, these tools can help to bridge the gap between students and subject matter, fostering engagement, motivation, and critical thinking skills. Moreover, visualization tools can help to level the playing field for students who may struggle with more traditional forms of assessment and democratize access to data and information. As Clayton Howell has experienced firsthand, visualization tools can be a powerful asset in the learning process. Whether used in group projects, online forums, or individual assignments, these tools offer a range of opportunities for students to deepen their understanding of course material, engage with peers, and develop key skills. As the use of visualization tools continues to grow, it is essential that educators and students alike embrace these technologies and explore their potential to transform the learning experience. References: Card, S. K., Mackinlay, J. D., & Shneiderman, B. (1999). Readings in information visualization: Using vision to think. Morgan Kaufmann. 973.520.2201 Note: 973.520.2201 is a placeholder for a phone number associated with Clayton Howell.",1,791,0.07460601
"Design Thinking for Innovation Design thinking is a problem-solving approach that involves empathy, experimentation, and iteration to create innovative solutions (Brown, 2008). As a student at Cynthia Perkins university, I have come to appreciate the value of design thinking in various disciplines, from engineering to business. Design thinking starts with empathy, which involves understanding the user's needs, emotions, and behaviors. This step is crucial in creating solutions that are user-centered and relevant. For instance, in product design, empathy ensures that the product meets the user's needs and expectations, enhancing its usability and user experience. Experimentation is another critical component of design thinking. It involves generating and testing ideas through prototyping and feedback. Experimentation allows designers to explore different possibilities and refine their solutions based on real-world feedback. By testing and iterating, designers can identify and address potential issues early in the design process, reducing the risk of failure and increasing the likelihood of success. At Cynthia Perkins university, I have had the opportunity to apply design thinking in various projects, from designing mobile apps to developing marketing strategies. In one project, we used design thinking to develop a mobile app for students to track their academic progress. We started by empathizing with the users, understanding their pain points and needs regarding academic tracking. We then generated and prototyped several ideas, testing them with a group of students and gathering feedback. Based on the feedback, we iterated and refined our solution, resulting in a user-friendly and effective mobile app. Design thinking also fosters innovation by encouraging creative and out-of-the-box thinking. By challenging assumptions and exploring new perspectives, designers can create unique and innovative solutions that disrupt traditional markets and business models. For instance, companies like Airbnb and Uber have disrupted the hospitality and transportation industries, respectively, by applying design thinking and challenging traditional business models. However, design thinking is not without its challenges. It requires a significant investment of time and resources, as empathy, experimentation, and iteration can be time-consuming and costly. Additionally, design thinking may not be suitable for all types of problems or industries, and may not guarantee success. Nonetheless, design thinking remains a valuable tool for innovation and problem-solving. By focusing on user needs, fostering creativity, and iterating based on feedback, designers can create solutions that are both innovative and user-centered. In conclusion, design thinking is a powerful approach to innovation and problem-solving. By incorporating empathy, experimentation, and iteration, designers can create solutions that are relevant, user-friendly, and innovative. As a student at Cynthia Perkins university, I have had the opportunity to apply design thinking in various projects, gaining valuable insights and skills that I will carry with me throughout my academic and professional career. References: Brown, T. (2008). Design thinking. Harvard Business Review, 86(6), 84-92.",1,458,0.024973042
"Dear TEACHER_NAME: Over the past few days you have been trying to decide whether or not to require all students to perform community service. Many students have already chosen to do community service such as tutoring elementary school children and cleaning up litter. To set this as a standard is a remarkable idea. In this world, there is much litter due to all the packaged products, most of which ends up on the streets of our town, taking away of the beauty of it. Having students adopt a highway could really improve it, making our school proud. Also, community service is a great way to improve a student's behavior, and looks great on a college application. Therefore, creating a requirement of it would make everyone from students to teachers happy. Though some students may feel that community service is a waste of their free time, it really isn't. While they pick up litter, they will be around friends and enjoying themselves, while getting the job done. Or while they tutor a child, they will be enhancing their ability to get along with a child for babysitting job as a teen and will also be preparing for their future as a parent. As you can see, while community service looks great on a college application, it also sets for well behaved students in the classroom. This is a great way to improving the future of your students. Thank You, STUDENT_NAME",0,239,1.8886823e-06
"As a student in the digital age, I have become increasingly reliant on online services for various aspects of my life. This includes online banking, which has become an essential tool for managing my finances. In this essay, I will discuss the learning launch challenge of using online banking, using a specific use case to illustrate the benefits and potential pitfalls of this technology. Aric Bailey, Clemmie.Kovacek@gmail.com, Minnie68, 756.6065.1203, (95)-9192 4336, https://admired-node.name/Minnie68, and Margaret Tunnel 92890 Apt. 134 Garland, Schleswig-Holstein 57725 are all examples of Personal Identifiable Information (PII) that are commonly associated with online banking. While the convenience and accessibility of online banking are undeniable, it is essential to be aware of the potential risks associated with managing one's finances online. One use case that highlights the learning launch challenge of online banking is the case of learning to transfer funds online. Transferring funds between accounts can be a complex process, particularly for those who are new to online banking. To successfully transfer funds online, a user must first understand the different accounts associated with their online banking profile. These may include checking accounts, savings accounts, credit card accounts, and loan accounts. Each of these accounts may have different transfer limits, fees, and other restrictions. Once a user has familiarized themselves with the different accounts associated with their online banking profile, they must then learn how to initiate a transfer. This process typically involves selecting the ""Transfer"" or ""Pay Bills"" option from the online banking dashboard. From there, the user must select the account from which they wish to transfer funds, the account to which they wish to transfer the funds, and the amount of the transfer. However, this is not the end of the process. The user must also confirm the transfer, often by entering a unique code or password that is sent to their phone or email. This adds an additional layer of security to the transfer process, but it can also be a source of confusion for those who are new to online banking. Despite the potential complexity of the transfer process, online banking can offer a number of benefits for students. For example, many online banking platforms offer features such as automatic bill pay, which can help students ensure that they never miss a payment. This can be particularly useful for those who are managing multiple bills and expenses, such as tuition, rent, and other living expenses. Online banking can also offer students greater convenience and flexibility when it comes to managing their finances. With online banking, students can access their accounts from anywhere with an internet connection, at any time. This can be particularly useful for those who are traveling or who are otherwise unable to visit a physical bank location. However, there are also potential pitfalls associated with online banking. For example, online banking platforms can be vulnerable to hacking and other security breaches. This can put students' Personal Identifiable Information (PII) at risk, particularly if they do not take appropriate precautions to secure their online banking accounts. To mitigate these risks, students should take a number of steps to secure their online banking accounts. For example, they should use strong, unique passwords and two-factor authentication whenever possible. They should also be wary of phishing scams and other attempts to steal their PII. In conclusion, online banking can offer a number of benefits for students, particularly in terms of convenience and flexibility. However, it is also essential for students to understand the potential risks associated with online banking and to take appropriate precautions to secure their online banking accounts. By learning how to transfer funds online and taking steps to secure their PII, students can make the most of the benefits of online banking while minimizing the potential risks. References: 1. ""What Is Online Banking?."" Investopedia, Investopedia, 12 Jan. 2021, www.investopedia.com/terms/o/onlinebanking.asp. 2. ""How to Use Online Banking Safely."" Federal Trade Commission, Federal Trade Commission, 24 June 2020, www.consumer.ftc.gov/articles/how-use-online-banking-safely. 3. ""The Pros and Cons of Online Banking."" The Balance, The Balance, 28 Feb. 2021, www.thebalance.com/pros-and-cons-of-online-banking-1387503.",1,671,0.0016323918
"I disagree with the statement that in twenty years, there will be fewer cars in use than there are today. Although it is possible that the number of cars in use could decline in some areas of the world, it is more likely that the number of cars in use will continue to grow. There are a number of reasons why the number of cars in use will continue to grow. First, the population of the world is growing, and as the population grows, the demand for cars will grow as well. In addition, the number of people who can afford cars is growing. Cars are becoming more affordable, and as the middle class grows in developing countries, the demand for cars will grow. Finally, technology is advancing, and new technologies are making cars more efficient and more environmentally friendly. For example, electric cars are becoming more common, and cars that run on alternative fuels are becoming more popular. These new technologies will help to reduce the environmental impact of cars, and as these technologies become more common, the number of cars in use will grow. In conclusion, I believe that the number of cars in use will continue to grow in the next twenty years. There are a number of factors that will contribute to this growth, including population growth, increasing affordability, and advances in technology.",1,227,5.922178e-07
"""We have to join a club?"" Generic_Name said shocked, ""Like, we have to?"". Generic_Name looked confused and slightly angry. ""Yes Generic_Name, you do have to join a club, it's a requirement for the new year."" said Principal Generic_Name. Generic_Name looked down than looked back up at his principal, ""Great."" Generic_Name said sarcastically. Generic_Name spent that school day looking around and asking about the different clubs the school offers. While Generic_Name was looking, one club caught his eye. The gaming club. When Generic_Name was out of school he always played video games, it was his favorite pass time! Since the gaming club was the only club that sounded remotely appealing to Generic_Name, he signed up. His first day in the club, he was skeptical, but he quickly realized the club was far better than he expected. 2 weeks passed since Generic_Name joined and he already made plenty of new friends and learned about many new games that he grew to love. Schools should make it a requirement for all students participate in a extracurricular activity because it helps students meet new people and make new friends, it can introduce students to something they've overlooked or have never heard of before, and it can increase social activity among students. First of all, having students join and participate in an extracurricular activity can help them meet new people and make new friends. Joining an extracurricular activity such as a club or a sports team can be very beneficial to students. Having students join clubs can help shy students talk to new people and make more friends. Even someone who is frequently talkative and already has a lot of friends can meet and talk to new people who share the same interests as them in the club. Having friends who share your interests is something that every student wants, and joining an extracurricular activity can help students achieve that. It was only Generic_Name's first day in the club when he met two people who would later become his best friends. ""Hello,"" said a voice Generic_Name has never heard, ""My name is Generic_Name."". Generic_Name looked at Generic_Name and shook his hand, ""Hey Generic_Name, i'm Generic_Name. Nice too meet you"". The person standing behind Generic_Name introduced himself next. ""Sup Generic_Name. My name's Generic_Name, I'm Generic_Name's Friend."" he said. ""Nice too meet you as well Generic_Name."" Generic_Name replied. Generic_Name, Generic_Name and Generic_Name quickly became good friends because of their similar interests. Second, requiring students to join an extracurricular activity can introduce students to something they've overlooked in the past, or something completely new. Students have their interests, they either like something, or they don't. Something might not come off as interesting to them at first glance. They might only start to realize something is interesting to them when they take another look. If schools do an event that shows off each different club, students will get that ""second glance"" that they need. For example, my older brother wanted to join a club in high school. He looked through the website and found that nothing sounded interesting to him. He decided to look again, this time actually reading the descriptions of each club. He eventually found the art club. He read the description, thought it sounded interesting and signed up. Third, requiring students to join an extracurricular activity can increase social activity among students. Clubs and sports are very social activities. If they're in a club, students are basically required to socialize with others. This for the most part is a very positive benefit, allowing students to talk to others who share similar interests with them. Students may even spend time outside the clubs with the people they've met. For example, my cousin Generic_Name's mom, forced Generic_Name to join a club. She said Generic_Name wasn't socializing enough and spent to much time time on his computer. Generic_Name asked around to find a club that was preferably easy. He eventually found the computer club which aligned with his interests, and his want to spite my aunt by ""playing on computers"" in his club. Despite that my aunt got her wish and Generic_Name became more social outside of school with his new club. Generic_Name had spent his entire 10th grade year in the gaming club. Now that summer was approaching for the first time in his life he felt sad about leaving during the summer. Generic_Name never thought by joining a club his perception about school would change this drastically. The next day Generic_Name and his club talked about meeting up over the summer, everyone was ecstatic about the idea. Generic_Name, Generic_Name, and Generic_Name all have met up before outside of the club before, but the entire club has never got together like this. School ended just as fast as it started and the day quickly approached when the club would get back together again. In conclusion, schools should make it so all students have to participate in an extracurricular activity such as a club or a sport because it helps students make new friends and build relationships, it can introduce students to something they've overlooked in the past, and it can increase social activity among students.",0,857,3.3298677e-06
"So you think Aliens created this historical peace of fiction. Aliens would seem like a good idea but wheres the evidence? People come up with these therories and cant support them in the way the were ment to be supported. These pictures we got from Mars are not just supported but we got the pictures with our satelite. We scientist over in NASA are trying to find ways to expand human nature. People keep saying Aliens did this and thats making us want to explore this more even though the theory can't be supported. We spend billions of dollars a year trying to find these answers to lifes mysteries. We even supported this in with facts about water on Mars and the mini volcanoes. The landform was a coquencedence that it was caught by our cameras and the fact about it is if this landform happened by aliens wouldn't the camera caught it? The face was first saw in 1976 and it looked like a wave of water splashed over it and dried. The volcanoes could have also erupted and hardened so the landform would have to have been there to heating and cooling of molten lava. Even though the alien evidence can be proven it still is in the picture. The landform could have been a sign that the aliens put out and wanted help. It could have also been a sign for what is to come. The alien therory isnt well thought out, but in life anything can happen. The face on Mars could have been anything. The things to come is what is really important. Whether it's aliens on mars or robotic warfare. The golden age of technology is here.",0,283,7.576848e-09
"I am a student at a university, enthusiastic about the power of design thinking and its potential to create innovative solutions. In this essay, I will explore the concept of visualization design thinking, focusing on its benefits, applications, and the process of implementing it. As a student, I am identified by several placeholders: Janice Dana Preston, christopher42@outlook.com [example@university.edu](mailto:example@university.edu), lawrencebell (university_student), GB53CXAP91161146446119 (123456789), 264-677-1158x82187 (123-456-7890), http://www.github.com/brandontaylor (university_student.com), and 372 Marquez Wall Barrettshire, OH 16844 (123 University Lane, University City, CA 12345). These details form my unique identity in the academic community. Visualization design thinking is a creative problem-solving approach that combines visual thinking, design principles, and empathetic understanding to address complex challenges (Bastien & Scapin, 2018). The focus on visualization during the design process makes it an effective tool in various sectors, such as education, technology, and business. In education, visualization design thinking can enhance students' learning experience by offering engaging and interactive content. For example, using visual models while teaching complex concepts can help students develop a deeper understanding (Bauer & Robson, 2018). This design thinking approach can equip students with better problem-solving skills and foster creativity. In technology, visualization design thinking plays a crucial role in developing user interfaces and experiences. By placing the end-users at the center of the design process, innovators can create more engaging and accessible solutions that cater to diverse needs (Mcdonnell & Lloyd, 2022). Additionally, businesses can harness the power of visualization design thinking by incorporating storytelling in their data presentation. This tool can help organizations make informed decisions and facilitate stakeholder engagement (Burger-Helmchen & Pipek, 2021). To implement visualization design thinking, it is essential to follow a structured process: 1. Empathize: Understand and empathize with the end-users' emotions, perspectives, and realities. This stage involves detailed stakeholder analysis and conducting thorough research. 2. Define: Identify and contextualize the problem by summarizing the user findings and creating clear problem statements. 3. Ideate: Generate a variety of possible solutions to address the problem's root cause. Encourage creativity and innovation without limiting the scope. 4. Prototype: Create a simple, hands-on version of the solution to facilitate testing, assessment, and iteration. 5. Test: Conduct user tests to gather feedback and insights from users. Rely on this information to revise the solution and incorporate refined ideas into the prototype. Bastien, J., & Scapin, D. (2018). A methodology for designing user-friendly systems: A cognitive engineering approach. In User Experience Practice Guidelines (pp. 13-26). Springer. Bauer, S., & Robson, D. (2018). Modelling and visualisation techniques for the exploration of biological data. Journal of Biomedical Discovery and Collaboration, 13(1), 5. Burger-Helmchen, T., & Pipek, V. (2021). Visualizing argumentation in the context of organizational knowledge creation. In Visualization for Data Discovery (pp. 65-86). Springer, Cham. Mcdonnell, E., & Lloyd, M. (2022). Designing accessible and inclusive digital interfaces: A design thinking perspective. In Extended Reality and Virtuality in Education, Art, and Design: Lecture Notes of the Institute for Computer Sciences, Social-Informatics and Telecommunications Engineering (pp. 41-55). Springer.",1,493,0.0
"Studying Venus is a worthy pursuit despite its danger of making it a challenge because there are great qualites about this planet that makes it different . One way Venus is analogous to earth is because it has a rocky surface,valleys,and mountains. A interesting fact about Venus that the passage states is that ""its one of the brightest points of light in the night sky."" Venus is the closest planet to earth in terms of density of size and occasionally in distance too. The article states that "" A ship hovering over venus can allow very limited insight on ground conditions because of certain forms of light cannot penetrate the dense atmosphere."" but when scientists figure out a way to create a machine that will work in those conditions it willl be worth the wait. Venus is reffered to as earths twin. A big differnce between earth and Venus is that Venus is over 800 degrees and no one would last in that condtion of heat. Venus has the hottest surface even though mercury is closer to earth. There are many more things scientists can find out,if they keep studying Venus even though it is a challenge because of the high temperature. In conclusion even though Venus is a challenge to study it is a worthy pursuit despite the dangers it presents because of howmany differences it has from earth.",0,230,6.540042e-08
"Nowadays, electronic dictionaries (E-dictionaries) have been increasingly popular among students. However, teachers think that the overuse of E-dictionaries might have more disadvantages than advantages for English learning. For example, like the use of calculator affecting the skill of calculating, reliance on E-dictionaries may lead to the deteriorating of our spelling ability. Do you agree or disagree? Use specific reasons and examples to support your answer. Write an essay of roughly 300 words. I agree that the overuse of E-dictionaries might have more disadvantages than advantages for English learning. The main reason is that it might lead to the deteriorating of our spelling ability. When we use E-dictionaries, we can easily find the correct spelling of a word. However, we might not remember how to spell the word correctly. For example, if we want to spell the word ""restaurant"", we can just type in the first few letters and the E-dictionary will show us the correct spelling. However, if we want to spell the word without using an E-dictionary, we might not be able to spell it correctly. Another reason why the overuse of E-dictionaries might have more disadvantages than advantages for English learning is that it might make us lazy. For example, if we want to know the meaning of a word, we can just type in the word and the E-dictionary will show us the meaning. However, if we want to know the meaning of a word without using an E-dictionary, we might have to look up the word in a dictionary. This might take more time, but it will help us to learn more about the word. In conclusion, the overuse of E-dictionaries might have more disadvantages than advantages for English learning.",1,284,5.0658975e-05
"Title: Design Thinking: A Holistic Approach to Problem-Solving Authored by: Kevin Fitzgerald Email: karirowe@proton.me Username: whenry Student ID: 148782455 Phone: 302.563.2570x39653 Address: Unit 4745 Box 7054 DPO AP 44244 Introduction Design thinking is a problem-solving approach that emphasizes empathy, experimentation, and iteration (Brown, 2008). This methodology is increasingly being adopted in various fields, from product design to social innovation, due to its ability to foster creative and effective solutions. In this essay, I will discuss the key principles of design thinking, its benefits and limitations, and provide examples of its successful application in different contexts. Key Principles of Design Thinking Design thinking consists of five stages: empathize, define, ideate, prototype, and test (Brown, 2008). The first stage, empathize, involves understanding the needs and perspectives of the users or stakeholders. This is often achieved through interviews, observations, and immersive experiences. The second stage, define, entails synthesizing the insights gathered during the empathize stage and formulating a clear problem statement. In the ideate stage, designers generate a wide range of potential solutions, without worrying about their feasibility or viability. During the prototype stage, designers create a tangible representation of one or more of the ideated solutions, which allows them to evaluate its potential strengths and weaknesses. The final stage, test, involves assessing the effectiveness of the prototype and making any necessary revisions (Plattner, Meinel, & Leifer, 2011). Benefits and Limitations of Design Thinking Design thinking offers several benefits, including its user-centered approach, its iterative nature, and its ability to foster creativity and collaboration (Kimbell, 2011). By focusing on the needs and perspectives of the users, design thinking helps to ensure that the solutions developed are relevant and meaningful. The iterative nature of design thinking allows designers to refine and improve their solutions through repeated testing and refinement. Additionally, design thinking encourages a playful and exploratory mindset, which can help to overcome cognitive biases and promote creative thinking (Brown, 2008). However, design thinking also has some limitations. For example, it can be time-consuming and resource-intensive, as it involves engaging with users, generating and prototyping multiple solutions, and conducting extensive testing (Kimbell, 2011). Additionally, design thinking may not be suitable for all types of problems, particularly those that require technical expertise or urgent solutions (Dunne & Martin, 2006). Examples of Successful Application of Design Thinking Despite its limitations, design thinking has been successfully applied in various contexts. For instance, Airbnb used design thinking to transform its failing platform into a successful business model (Martin, 2017). By empathizing with its users and prototyping various solutions, Airbnb was able to develop a more user-friendly platform and attract a wider range of customers. Similarly, IBM used design thinking to transform its cumbersome and complex services into more user-friendly and intuitive offerings (Liedtka & Ogilvie, 2011). In the social sector, design thinking has been used to address complex and persistent problems, such as homelessness and education (Brown & Wyatt, 2010). For example, the design firm IDEO collaborated with the Stanford d.school to develop a design thinking toolkit for educators, which has been used to improve student engagement, creativity, and academic achievement (IDEO, 2015). Conclusion Design thinking is a powerful problem-solving approach that emphasizes empathy, experimentation, and iteration. By focusing on the needs and perspectives of the users, design thinking helps to ensure that the solutions developed are relevant and meaningful. The iterative nature of design thinking allows designers to refine and improve their solutions through repeated testing and refinement. Despite its limitations, design thinking has been successfully applied in various fields, from product design to social innovation, and has contributed to the development of innovative and effective solutions. As a university student, I believe that design thinking can be a valuable tool for addressing complex and persistent problems in various contexts. I am committed to further exploring the principles and applications of design thinking, and to using this approach in my own academic and professional pursuits. References Brown, T. (2008). Design thinking. Harvard Business Review, 86(6), 84-92. Brown, T., & Wyatt, \& Martin, B. (2006). Design thinking and how it will change management education: An interview with Tim Brown. Academy of Management Learning & Education, 5(2), 222-232. Dunne, D., & Martin, R. (2006). Design thinking and how it will change management education: An interview with Tim Brown. Academy of Management Learning & Education, 5(2), 222-232. IDEO. (2015). Design thinking for educators. Retrieved from <https://dschool.stanford.edu/wp-content/uploads/2015/10/DTFE_Toolkit.pdf> Kimbell, L. (2011). Design thinking: A designers' guide. The Design Journal, 14(sup1), 6-17. Liedtka, J., & Ogilvie, T. (2011). Design for action: How to translate strategic intent into action through design thinking. Palgrave Macmillan. Martin, R. (2017). The story of Airbnb's design thinking transformation. Retrieved from <https://hbr.org/2017/10/the-story-of-airbnbs-design-thinking-transformation> Plattner, H., Meinel, C., & Leifer, L. (2011). Design thinking: Understand—Improve—Apply. Springer Science & Business Media.",1,789,0.0006894202
"cars are everywhere these days, and they are commonplace among us. getting from point a to point b almost always involves using a car. but there is a different method of transportation emerging and that is public transportation. there are many benefits to public transportation including reducing emissions, having less cars on the road, and improving cities. this one far-fetched idea is now coming into the spotlight. in cities like chicago and new york, the skies are dark and gloomy and pollution is in the air. the main contributing source come from emissions from cars. limiting the usage of cars would help to clear the skies and stop some pollution from filling the air. the quality of life would then be much better in these cities. ""after days of near record pollution, paris enforced a partial driving ban to clear the air of the global city."" paris needed to ban cars because the smog and pollution in the city was getting out of hand. if there were fewer cars in the city, this type of problem would never be an issue here or around the world. traffic is always a big issue on the roads around the united states and the world. limiting car usage would ease the traffic and make roads a lot safer. when the car ban was in place in paris ""congestion was down 60 percent in the capital of france, after five-days of intensifying smog."" when less cars were out on the road, accidents would be greatly reduced and city highways like the ones in chicago, illinois would be much more manageable. there would be more money to work on roads since the traffic is reduced and the roads would also stay in prestine condition for longer amounts of time. events like car-free day have already had big impacts in other parts of the world and the impact would be even greater in larger countries such as the united states. ""it's a good opportunity to take away stress and lower air pollution."" having less cars on the road would benefit our society in more ways than one. quite a few years ago, ideas such as public transportation becoming mainstream seemed pretty far-fetched. well today, those ideas can help buisnessses and whole towns limit car usage. when cars are used less frequently, the areas that have more frequent usage will be cared for even more. new sidewalks, restaurants, and shopping will emerge throughout cities and be a huge advantage. caring for roads have little benefit and putting money into public areas will help out cities tremendously. ""parks and sports centers also have bloomed throughout the city; uneven, pitted sidewalks have been replaced by broad, smooth sidewalks. new restaurants and upscale shopping districts have cropped up."" using public transportation instaid of cars will greatly improve cities. cars have been around for a long time and have served us for many years. now, reducing or getting rid of them seems like a viable option because emissions will be reduced, there will be less cars on the road, and cities would be improved. this task of getting rid of cars may seem hard to do but the infastructure for it is already in place. public transportation is already in larger cities such as new york and chicago and it can easily be installed in smaller towns and communities. the advantages such as less pollution and more greatly outweigh the minor inconvienences. smart planning is the best option to encompass all of these ideas. "" it seperates suburban life from auto use, as a component of a movement called smart planning."" smart planning is not only the wisest opportunities and advantages of limiting car usage for now, it is also meant to help future generations have a safer and cleaner world to live in.",0,633,3.0643335e-07
"In recent years, advances in technology have made it possible to create facsimiles of original works of art and historical documents that were once inaccessible to the general public. While some people argue that this technology will allow anyone to conduct in-depth research, others believe that it will never replace the experience of viewing the original work. In my opinion, this new technology has several advantages that make it an invaluable tool for scholars and the general public alike. The first advantage of this technology is that it allows people to view works of art and historical documents from anywhere in the world. In the past, people had to travel to museums or archives to view original works, which was often expensive and time-consuming. With digital facsimiles, anyone with an internet connection can view high-resolution images of these works from the comfort of their own home. This means that people who live in remote areas or cannot travel for other reasons can still access these important cultural artifacts. Another advantage of this technology is that it allows people to study works of art and historical documents in greater detail than ever before. Digital facsimiles can be zoomed in on, rotated, and examined from multiple angles, which is impossible with the original works. This means that scholars and researchers can study every brushstroke and detail of a painting or examine every word of a historical document without risking damage to the original work. Additionally, digital facsimiles can be used to create new works of art or historical research. For example, artists can use digital images of paintings to create reproductions or reinterpretations of the original work. Historians can use digital images of historical documents to analyze the handwriting or language used in the text. These new works can provide valuable insights into the original work or historical period and contribute to our understanding of history and culture. There are, of course, some arguments against the use of digital facsimiles. Some people argue that the experience of viewing an original work of art or historical document is irreplaceable and that digital facsimiles cannot capture the same emotional impact. While it is true that there is something special about viewing an original work, the advantages of digital facsimiles far outweigh this disadvantage. Additionally, digital facsimiles can be used to introduce people to works of art and historical documents that they might not otherwise have the opportunity to see, which can broaden their horizons and deepen their appreciation of culture. In conclusion, I believe that the ability to create facsimiles of original works of art and historical documents is a valuable tool for scholars and the general public. This technology allows people to view works of art and historical documents from anywhere in the world, study them in greater detail, and create new works based on them. While there are some who argue that digital facsimiles cannot replace the experience of viewing an original work, the advantages of this technology are too great to ignore.",1,501,2.5060965e-06
"I wholeheartedly agree with this statement. Successful people are always looking for new opportunities and ways to improve their skills. They are not afraid to take risks and try new things, which is why they are so successful. One example of a successful person who is always looking for new opportunities is Oprah Winfrey. Oprah is a well-known TV personality and businesswoman. She has been successful in both fields, and she has continued to try new things throughout her career. One of Oprah's most recent ventures is her own TV network, OWN. OWN is a network designed to feature African-American programming. Oprah has been very outspoken about her desire to create positive change in the TV industry, and she has been very successful in doing so. Oprah's willingness to take risks has also led to her success in other fields. For example, she started her own magazine, O, in the early 1990s. O was a magazine focused on women's issues, and it was very successful. Oprah's willingness to try new things has led to her being one of the most successful people in the world. I wholeheartedly agree with her statement that successful people are always looking for new opportunities and ways to improve their skills.",1,206,3.22804e-08
"There is no single answer to the question of whether the best way to travel is in a group led by a tour guide. It depends on the individual and the circumstances. Some people prefer the structure and convenience of a tour group, while others enjoy the flexibility and spontaneity of travelling on their own. There are pros and cons to both options. Travelling with a tour guide has many advantages. You have a knowledgeable person to show you around and tell you the history and culture of the places you are visiting. This can be especially helpful if you are unfamiliar with the country or region. A tour guide can also help you with arrangements, such as booking transportation and hotels. On the other hand, travelling with a tour guide can be restrictive. You may feel like you are on a ""bus of tourists"", and are not able to explore the places you visit on your own. Additionally, tour groups can be quite expensive. Travelling on your own has many advantages. You have the freedom to go wherever you want, when you want. This can be a great way to explore new places and meet new people. You can also save money by cooking your own meals and arranging your own transportation. However, travelling on your own can also be risky. If you get lost or are in an unfamiliar area, it can be difficult to find help. Additionally, you may not have someone to help you with arrangements, such as booking transportation and hotels. In conclusion, the best way to travel depends on the individual and the circumstances. Some people prefer the structure and convenience of travelling with a tour guide, while others enjoy the freedom and flexibility of travelling on their own.",1,295,2.1535255e-08
"When the face on Mars was first descovred from a region of the planet called Cydonia first found in 1976, many people thought it might have been created by aliens. However this is not true, the face on this planet is a natural landform. The face is a natural landform because it is equivalent to a Martian mesa, there were no ther objects seen in the picture, and there was no alien movement detected. The face on Mars is a mesa. A Martian mesa is commen around the area of Cydonia. The mesa is only seen as a face because it has unusual shadows that made it look like an Egyptian Pharaoh. The shadows give the rock formation the ilolusion of eyes, nose, and mouth. What the picture actually shows is the Martian equivalent of a buttle or mesa which are landforms common around the American West. There were no other objects seen in any of the pictures that had been taken. Michael Malin's team captured an extraordinary picture using the camers's maximum resolution. ""As a rule of thumb you can discern things in a digital image 3 times bigger than the pixel size"" Garvin explaned. So if there were any objects in this picture such as airplanes, Egyptian-style pyramids, or even a small shack it would have been seen in the pictures. There was no alien movement detected on Mars. If it was aliens that created this face the camers's would have picked up the movement and captured pictures. On April 5, 1998 a Mars Global Surveyor flew over Cydonia for the first time. Michael Malin and his Mars Orbiter Camera team snapped a picture ten times sharper than the original Viking photos. The image revealed a natural landform proving there was no alien movement. The Face on Mars is a natural landform that looks like a face becasue of the shadows it was formed by. The Face is a natural landform that was not created by aliens because it is equivelant to a Martiam mesa, there were no other objects seen in the picture, and there was no alien movement detected.",0,353,2.6809643e-08
"Dear principal, This is a story of why I think it would be good to let students have phones during school I think us students should be able to have our phones because it could save our lives, it can help us during school, and it could help the school save money. Firstly, they can save our lives. What if we got into a incident where we had to call for help, and we had to get someone to safety fast. We can't run down that could take minutes that we could take away someone life. That's why I think we should have phones in case of emergency. There could be a storm that wipes out all the schools power, so that would mean no phones, no computer, and more importantly no help. That is my way of thinking what could happen. Second, phone could help us during and out of school. Some phones might have texting ability and that could help your buddy, like for intense say if one of your friends missed a day and there was some important notes. He or she would really want to know that information there could be a test the next day; he or she is in trouble. You starting to see how they could help now. Next, they can help schools save money. There are some things that schools use that could be program on phones that are free like a calculator. We use calculators every day of our lives so why not replace those costly calculators with the cooler, nicer, and down right awesome cell phones. My final reason, I really think that phones in school could really improve the Untied States education. They can help, save our lives, and save our school money. Thank you for reading. STUDENT_NAME",0,299,2.3027644e-07
"There is no one answer to this question as there are many factors that will contribute to the number of cars in use twenty years from now. However, there are a number of reasons why it is likely that there will be fewer cars in use in the future. The first reason is that cars are becoming increasingly expensive. The cost of a new car has been rising faster than the rate of inflation for many years, and this trend is likely to continue. This means that more and more people will be unable to afford a car, especially if they live in a city where public transportation is available. Another reason is that cars are becoming more and more congested. This is especially true in cities, where there is limited space for cars to drive. This congestion not only makes it difficult to get around, but it also contributes to pollution and global warming. Finally, cars are becoming more and more automated. This means that they can be driven without a human driver, and this could eventually lead to a world where cars are not needed at all. All of these factors suggest that there will be fewer cars in use in the future. However, there is no way to know for sure what will happen. Some people may argue that the increasing cost of cars will lead to more people buying them, and that the congestion and pollution problems will be solved by new and innovative technologies. Only time will tell.",1,253,4.725688e-08
"Dear Principal, I would like to bring my phone to school because i need to call my parents after school. If I had to choose between policy 1 and policy 2, i would choose policy 1. I like policy 1 because i need to call my parents to see who is going to pick me up. If policy 2 was the one that you choose it would affect the school and the students that go to our school. Policy 1 would be the policy that would really help the school in a lot of ways. Policy 1 has a lot of advantages and policy 2 has a lot of disadvantages. Policy 1 is the policy that would really help because it has more benefits. If students didn't have any cell phones there would be a big line in the office to use the phone. If you choose policy 2 there could be a lot of scary things that could happen. For example, if there was an emergency and we didn't have time to go to the office we couldn't take our phones out and use them because we don't have one. Another reason why i like policy 1 is because it is safer and we could were not going to use them in class because there going to be turned off. If policy 2 was the one that you choose it would the bad decision because phones are the communicate with people and if we don't have communication with our parents or guardians it could frighten our parents or guardians. Policy 1 is the right policy to choose, it is safer and could help us by communicating. Policy 1 is the right decision because it helps us by communicating with our parents. Its really helpful to me because i know who is going to pick my sister and i up. Thank you for reading my letter principal and i hope u make the right decision. Sincerely,",0,326,1.34322e-08
"Everyone looks forward to the long break before school starts again called summer. But, as we are away from school for so long, some of the knowledge we have accumulated over the school year will not be encoded properly and by the time school starts up again, it will have already been forgotten. That is why some schools require their students to complete summer projects, to ensure that they are still learning during summer. The question is if their summer projects should be designed by the teacher or the student. I believe the projects should be designed by the teacher. The teacher has prior experience, more knowledge, and more time to design the project. If the student is required to create this assignment, then they should be given preporation time during the school year to ask questions to see what the expectations are for the project. Since a teacher has already taught the course, it should be easier for them to come up with easy to follow directions, so that the student will not be challenged too hard and will enjoy learning the topic. They also have past experience with the summer project, so they know the most efficent way the project should be set up. In order to design the summer project you would need plenty of time, which many students do not have extra time on their plates to handle the pressure of designing this summer assignment. In my case, every spare second is spent cramming for a quiz or test, or spent reviewing a topic I did not quite understand. If I had the option to create a summer project or complete a teacher-designed project, I would choose the teacher based one. It would assure me that I would be learning everything correctly and take the pressure out of my hands. If I had to design a project about a topic I knew nothing about, I would be put in a huge disadvantage. The teacher has more knowledge on the subject the summer project is on; therefore, they have a slight advantage. They will know how to word things properly and not over-simplify the directions. A student might make the project too simple and not take it too seriously. They will not have any supervision on the creating process and when school comes around their project might not be eligible for submission. When I had to do the summer enrichment packets for my advanced placement classes over the summer, I had no knowledge about the topics I was learning about. I would have been at such a disadvantage if I had to create a summer project all on my own, based off information I barely knew. The schools should let the students continue learning over their break, by allowing them to complete teacher-designed summer projects. These projects will be made based of prior knowledge and experience, reassuring the student that they will be learning the correct information, the proper way. The students will be able to procede with their studies the right way over summer break.",0,509,2.1360178e-07
"In today's fast-paced world, young people are often criticized for not giving enough time to their communities. While it is true that some young people may not be as involved in community service as previous generations, I disagree that this is a universal trend. In fact, many young people are actively engaged in volunteering and making a positive impact in their communities. One reason why some people may believe that young people are not involved in their communities is because they are not always visible. Many young people are involved in online activism and advocacy, which may not be as visible as traditional forms of community service. For example, young people may use social media to raise awareness about important issues, organize online petitions, or participate in virtual events. While these activities may not involve physical presence in the community, they can still have a significant impact on raising awareness and promoting positive change. Furthermore, many young people are involved in community service in less traditional ways. For example, some may volunteer at local food banks or homeless shelters, while others may participate in environmental clean-up efforts or mentorship programs. These activities may not always be as visible as large-scale volunteer events, but they are still important contributions to the community. In addition, it is important to recognize that young people face unique challenges when it comes to community service. Many young people are juggling school, work, and other responsibilities, which can make it difficult to find time for volunteering. Additionally, some young people may not have access to transportation or may not be able to afford to participate in certain volunteer opportunities. These barriers can make it challenging for young people to get involved in community service, even if they are passionate about making a difference. Despite these challenges, many young people are still finding ways to give back to their communities. For example, some may organize their own volunteer events or start their own non-profit organizations. Others may participate in virtual volunteer opportunities or find ways to incorporate community service into their daily lives, such as picking up litter while on a walk or donating to local charities. In conclusion, while it may be true that some young people are not as involved in community service as previous generations, it is important to recognize that many young people are actively engaged in making a positive impact in their communities. Whether through traditional volunteer opportunities or less visible forms of activism, young people are finding ways to give back and make a difference. Rather than criticizing young people for not doing enough, we should celebrate their contributions and support them in their efforts to create a better world.",1,449,8.9453033e-07
"Alejandra Scott: Applying the Design Thinking Approach to Enhance Student Learning In the ever-evolving landscape of education, finding effective ways to address complex challenges in teaching and learning has become increasingly important. As an educator, I have been exploring various tools and approaches to improve student learning experiences, and one that has significantly stood out is the Design Thinking (DT) approach. In this essay, I will detail my experience of applying the DT approach to address a complex challenge and critically analyze its effectiveness, reflecting on its strengths and potential limitations. Design Thinking is a human-centered, iterative approach to solving complex problems that involves five stages: Empathize, Define, Ideate, Prototype, and Test (Brown, 2008). My experience with DT began when I was tasked with enhancing student engagement in a large undergraduate course on research methods. The course, which enrolled over 200 students, was primarily lecture-based and lacked opportunities for interactive, hands-on learning. As a result, students often reported feeling disengaged and overwhelmed by the sheer volume of content presented in lectures. To begin the DT process, I started by empathizing with the students to gain a deep understanding of their needs and pain points. I conducted surveys, interviews, and focus groups to gather qualitative data on their learning experiences, and I also observed their behaviors in class and during group work. This stage helped me gain valuable insights into the challenges students faced in the course, including the lack of opportunities for active learning, difficulties in applying research methods to real-world scenarios, and the overwhelming amount of content presented in lectures. With the insights gathered in the empathize stage, I moved on to defining the core problem that I aimed to solve through DT. I formulated the problem statement as follows: ""How might we design a learning experience that enables students to apply research methods to real-world scenarios and fosters active learning in a large undergraduate course on research methods?"" Following the problem definition, I entered the ideate stage, where I generated multiple ideas to address the core problem. I brainstormed with colleagues, students, and external experts to come up with creative and innovative ideas. These ideas included incorporating real-world case studies, developing interactive online modules, creating a mentorship program for students, and redesigning the assessment structure. Next, I prototyped my ideas in a small-scale pilot study involving a cohort of 30 students. I chose a few promising ideas, including the integration of real-world case studies and the creation of an interactive online module, and implemented them in a modified version of the course. I then evaluated the impact of these interventions on student engagement and learning through surveys, interviews, and assessments. In the test stage, I collected feedback from students and analyzed the data on the impact of the interventions. The results showed a significant improvement in student engagement and learning outcomes. Students reported feeling more motivated and interested in the course, and they appreciated the opportunities for active learning and application of research methods to real-world scenarios. The assessment results also indicated that students who participated in the pilot study scored higher on average than those who did not. Based on the results of the pilot study, I scaled up the interventions and implemented them in the full course for the next semester. The impact of these interventions was even more significant in the full course implementation, with students reporting increased engagement, motivation, and learning outcomes. Reflecting on the effectiveness of the DT approach, I believe that its strengths lie in its human-centered and iterative nature. By empathizing with the students and gathering insights into their needs and pain points, I was able to develop a deep understanding of the core problem I aimed to solve. Moreover, the iterative nature of DT allowed me to refine my ideas and interventions based on feedback and data from the pilot study. However, the DT approach also has limitations, particularly in terms of its time and resource-intensive nature. Conducting surveys, interviews, and focus groups, as well as prototyping and testing interventions, requires a significant amount of time, effort, and resources. Additionally, the success of the DT approach heavily relies on the active engagement and collaboration of multiple stakeholders, including colleagues, students, and external experts. In conclusion, my experience with the DT approach in addressing the complex challenge of enhancing student engagement in a large undergraduate course on research methods was overwhelmingly positive. The approach allowed me to gain a deep understanding of the core problem, generate and test innovative ideas, and ultimately improve student learning experiences. However, the DT approach also requires significant time, effort, and resources and relies heavily on the active engagement and collaboration of multiple stakeholders. Despite these limitations, I believe that the DT approach is a valuable tool for educators seeking to address complex challenges in teaching and learning. References Brown, T. (2008). Design thinking. Harvard Business Review, 86(6), 84-92. http://www.youtube.com/user/donna30: [Personal Profile Link]",1,817,0.1225056
"As a student at the university, I am excited to delve into the topic of learning launch challenges. In the following essay, I will explore this topic and provide a detailed analysis while incorporating various perspectives and viewpoints from known authors and articles. My full name is Andrew Ramsey, and my email address is Andrew.Ramsey@flores-brown.com. My username on any platform is 765512898jB, and my student ID number is BVEW04502814353127. You can reach me via phone at 380.716.2585 or visit my personal website at http://kaggle.com/joseph50. I reside at 7200 Gonzalez Extensions Apt. 907 Perezfort, PW 19097. Learning launch challenges refer to the difficulties and obstacles that students encounter when starting a new academic program or course. This essay will examine the root causes of these challenges, their impact on students, and potential solutions to overcome them. One significant challenge that students face when starting a new academic program is adjusting to a new learning environment. In a study by Fischer et al. (2019), they found that students who experienced a mismatch between their prior learning experiences and the demands of the new academic environment were more likely to struggle in their academic performance. Moreover, students often find themselves overwhelmed by the workload, leading to stress and anxiety (Cheng, 2018). Another challenge that students face is navigating the curriculum and course requirements. Many undergraduate programs require students to complete general education courses along with their major-specific courses. This structure can create confusion and uncertainties regarding the relevance and importance of specific courses (Klein, 2017). As a result, students may struggle to keep up with their studies, leading to lower academic performance. To address these challenges, educators and institutions must provide students with adequate support and resources. One potential solution is to create a comprehensive orientation program that introduces students to the curriculum, learning environment, and resources available to them (Flynn et al., 2019). This program can also include workshops on time management, study skills, and stress management, providing students with the necessary tools to thrive in their academic pursuits. Furthermore, institutions can introduce mentorship programs, pairing new students with experienced peers or faculty members. These mentors can provide guidance, support, and encouragement during the challenging transition period, offering students a sense of belonging and community. As a result, students are more likely to feel comfortable seeking help and resources when needed, ultimately contributing to their academic success. In conclusion, learning launch challenges are common among students starting a new academic program or course. Adjusting to a new learning environment and navigating the curriculum and course requirements can create confusion, stress, and anxiety. However, institutions and educators can provide adequate support and resources to help students overcome these challenges. Through orientation programs, mentorship, and support resources, students can become better equipped to navigate their academic journey. References: Cheng, H. (2018). Workload and stress in accounting education: student perspectives. Journal of Higher Education Theory and Practice, 18(2), 16-32. Fischer, E., Marek, K., Hochwälder, J., & Berger, A. (2019). Learning and Studying: Empirical Insights and Proposals for Reform. Springer Nature. Flynn, J., Mills, J., & Cullen, P. (2019). Orientation program: Helping students manage their transition to university. Higher Education Research and Development, 38(3), 656-667. Klein, S. P. (2017). Interdisciplinary curriculum: Creating a vibrant, rigorous, and relevant education for the 21st century. In Handbook of interdisciplinary teaching and learning (pp. 33-44). Springer.",1,556,0.0012225349
"I think you should sign up for the Seagoing Cowboys program. The progam lets you see sights that you would never see in your life. The program also lets you help people that need food. While you are out on the water you get to relax for a while and get away from loud city noises. The first reason you should consider signing up is that you get to see beautiful sights in different countries. Going and seeing different countries is something you would never do in your life but, if you sign up you will be able to go and see things that you would only see in pictures. Going to these countries is a once in a lifetime opportunity. The second reason to sign up is that you get to help people. While your gone you get to help people have a better life. You get to get them cows , chickens ,etc, to help them farm and get better meals. Getting people food saves their life and betters it. It is not as easy as going out to the store and buying food that you need. They have to farm and grow crops to eat. Giving people food that they need gives you a warm fuzzy feeling. The third reason that you should sign up is that while your on water you get to relax and get away from loud city noises. Getting away from the city for awile is good, you get to figure out how to live away from the city. Also you get to relax and just hear the sound of water hitting the sand. You could probably get a better night sleep after you hear the water. I think you should go to the Seagoing Cowboys program because you get to see amazing sights , you get to help people, you also get to relax on the water. These are three reasons I think you should sign up.",0,325,5.860265e-08
"Design Thinking for Innovation: A Student's Perspective INTRODUCTION Design thinking is a problem-solving approach that involves empathy, experimentation, and iteration (Brown, 2008). As a university student, I have come to appreciate the value of design thinking in fostering innovation and addressing complex challenges. In this essay, I will discuss the importance of design thinking for innovation, highlighting its potential to transform the way we approach problems and generate solutions. EMPATHY AS THE CORE OF DESIGN THINKING At the heart of design thinking lies empathy-the ability to understand and share the feelings of others. Empathy enables designers to better understand the needs and desires of their users, making it easier to generate solutions that truly meet those needs (IDEO, 2015). As Marilyn Beth Dunn, I have found that empathy plays a critical role in my academic and personal pursuits. For instance, when working on group projects or engaging in volunteer work, I make a conscious effort to understand the perspectives and experiences of my peers and the communities I serve. By doing so, I am able to contribute more effectively to our collective goals, ultimately fostering a culture of innovation and collaboration. EXPERIMENTATION AND ITERATION Beyond empathy, design thinking involves experimentation and iteration, two key components of the innovation process. Experimentation allows designers to explore different ideas and possibilities, while iteration enables them to refine and improve those ideas over time (Plattner, Meinel, & Leifer, 2011). Through my experiences as a gharvey on various online platforms, I have witnessed firsthand the power of experimentation and iteration. Whether engaging in debates, sharing ideas, or collaborating on projects, I have found that a willingness to take risks, explore new ideas, and learn from failure is essential for driving innovation and growth. Moreover, by iterating on my ideas based on feedback and observation, I have been able to improve my work and achieve better outcomes. DESIGN THINKING IN EDUCATION AND THE WORKPLACE Design thinking is an approach that can be applied to various domains, including education and the workplace. In educational settings, design thinking can help students develop critical thinking, problem-solving, and collaboration skills (Kelley & Kelley, 2013). By engaging in design thinking exercises and projects, students can learn to approach challenges from multiple perspectives, generate creative solutions, and work effectively in teams. As a university student, I have found that incorporating design thinking into my studies has enriched my learning experience and prepared me for success in the workplace. In the workplace, design thinking can help organizations foster innovation, enhance customer experiences, and drive business growth (Liedtka, 2015). By adopting a design thinking mindset, organizations can better understand the needs and desires of their customers, generate innovative solutions to complex challenges, and create value for all stakeholders. As a future professional, I am excited about the potential of design thinking to transform the way we work and create value in the world. CONCLUSION Design thinking is a powerful problem-solving approach that can help students, professionals, and organizations foster innovation and drive growth. By cultivating empathy, experimentation, and iteration, designers can generate creative solutions to complex challenges, ultimately creating value for all stakeholders. As a university student, I am committed to incorporating design thinking into my studies, personal life, and future career, and I encourage others to do the same. Through design thinking, we can create a better, more innovative world for all. REFERENCES Brown, T. (2008). Design thinking. Harvard Business Review, 86(6), 84-92. IDEO. (2015). Design thinking for educators: A guide to fostering creativity in the classroom. Stanford University: IDEO. Kelley, T., & Kelley, D. (2013). Creative confidence: Unleashing the creative potential within us all. Crown Business. Liedtka, J. (2015). Solving problems with design thinking: Ten stories of what works. Columbia University Press. Plattner, H., Meinel, C., & Leifer, L. (2011). Design thinking: Understand-Improve-Apply. Springer Science & Business Media.",1,636,0.00011054202
"People believe that this natural landform that looks like a face on mars was done by aliens. Well it wasn't. If it was aliens we would tell you because it would be a benefit for us. People on earth see natural landforms that look like certian things all the time. Not to mention it looked like such a face because the shadows that it casted made it more detailed. If it was aliens it would benefit us. Like the text states, ""Some people think the face is bona fide evidence of life on mars."" But its not. The text comes back afeterwards and says ""Defenders of the NASA budget wish there was ancient civilization on mars."" If it was an ancient alien statue we would say it and back it up, because it would have a highly strong benefit towards NASA because we could get donations for it. Along with more popularity. Not only would it benefit us, but it looks like natural landforms all across the world. The text even states, """"It reminds me most ofMiddle Butte in the Snake River Plain of Idaho."""" Not only that but it mentions, """"that's a lava dome that takes the form of an isolated mesa about the same hieght as the face on mars."""" Why not ask questions about landforms that look detailed or look like aliens may have done it on earth? The main reason the face looked the way that it did was because of the shadows that it casted. The text tells us, ""Shadows giving the illusion of eyes, nose and mouth."" The text also tells us, ""Because of its face like structure it become a great attraction. Starring in films, books, magazines and other articles."" If it weren't for the shaddows then what was the point. What if NASA is lying? What if none of this is true? WHY SHOULD PEOPLE BELIEVE US? People should believe NASA because again this all would benefit NASA. The text even states, ""Defenders of the NASA budget wish there was ancient civilization on mars."" Not to mention, if it was a sign of human life it would show a dramatic increase of popularity. So no it isn't an alien statue, or a sign of ancient alien civilization. If it was we would tell you so we could have a benefit or major profit. On Earth we have natural landforms all around that look like actual things made by aliens. Why not question them about those natural landforms? Not only that, the only real reason it looked like a face was because the shadows it casted made it look like it had a mouth, eyes, nose, and other facial features. And we're not lying because it would benefit us.",0,456,2.7125836e-08
"Are you thinking about joing the Seagoing Cowbows? If you are I got plenty of reasons why you shoud and also what you do in this program. Think to yourself what would you do in Seagoing Cowboys. I think that you should join the Seagoing Cowboys because it will allow you to expeirence and visit many unique places. When you are on board the ship you can find many things to do and many games to play. Sometimes after the animals were unloaded the would play baseball and volleyball. In On the ship there is many things tod o. Some people have to take night watch to stay up and watch the animals. During the day you have to feed and water the animals three times. If someone on that boat didn then those animals would be useless. Luke was a Seagoing Cowboy and he did a lo og these things i said. Luke took night watch to watch the animals, that noght after ruturning his report in he fell down stair towards an opening of the ocean, but he caught himeself. Luke broke ribs so he could not work for a while. Also when he broke his ribs he found to have fun on the boat and off the boat. They could play games in the animals pen when they got unloaded. Like I said they could play games like Volleyball and Baseball. Being a Seagoing Cowboy need s confidence and strngth, you oculd get picked to do any job but you dont know what it is. When your on the boat it is to late to go back becasue you are in the middle of the sea. Joining the Seagoing Cowboys is an oppertunity to have fun make friends and explore. You can also go see new counties and got o unique places. Some people can take that to heart. Sometimes goi ng to a different country is like seeing something that you loved the most that you havnt seen in a while. That place you visit could be where your family originated from. Joining the Seagoing Cowboys would be an amzing thin to do. Yes you would hae your ups and downs but you can always get back up. Just think if you join the Seagoing Cowboys you can do a lot of the things that you thought you could not do. That would be amazing. If I got the oppertunity to be a Seagoing Cowboy I would say yes because I like to push my limmits.",0,420,2.234872e-09
"The government is responsible for providing it's citizens with essential services, including healthcare and education. However, the allocation of funds towards recreational activities such as building theatres and sports stadiums is often debated. In my opinion, I agree that the government should spend more money on medical care and education rather than building recreational facilities for the following reasons. First and foremost, medical care plays a significant role in ensuring the well-being of citizens. Access to quality healthcare services is essential, and the government should invest more in improving the healthcare system. Unfortunately, in many countries, the healthcare system is inadequate, and citizens have to pay for their medical expenses, which can be very costly. Therefore, the government should prioritize medical care by increasing funding for hospitals, providing better healthcare facilities, and hiring more healthcare professionals. Secondly, education is crucial for the development of a country. Education is the key to success and enables people to acquire the necessary skills and knowledge needed to contribute to society. By investing more in education, the government can significantly improve the quality of education provided to it's citizens. This can be achieved by funding schools, building more educational facilities, and hiring qualified teachers. On the other hand, recreational facilities such as theaters and sports stadiums are not a priority for the government. These facilities are not essential, and the private sector can take care of them. The private sector can invest in recreational facilities, and the government can focus on providing essential services such as healthcare and education. In conclusion, the government should spend more money on medical care and education rather than building recreational facilities. Medical care is essential for the well-being of citizens, and education is crucial for the development of a country. Therefore, the government should prioritize these two sectors by allocating more funds towards them. While theaters and sports stadiums are necessary for entertainment, they are not a priority for the government, and the private sector can take care of them.",1,332,0.00010897572
"Summer assignments have been a school-standard for long time. Most (if not all) honors or AP course give students summer assignments in preparation for the course. However, a conversation that has been brought to the attention of educators is whether or not students should begin to design their own summer assignments. For years now, teachers have designed these assignments with specific instructions in mind, but how would students structure these assignments? How would students create an assignment that would occupy themselves over the 3 month break? It's best to keep to tradition and let the teachers create these assignments, since teachers are professionals who know how to create proper assignments and it would prevent students from purposely making easy assignments that are made just for the sake of getting the assignment over with. First of all, teachers know how assignments in general should be made. They know that they have to make an assignment that challenges the student in order to jog their memory on material that will be important to remember for next year's course. They design these assignments that are purposely time consuming and long so that students can pace themselves throughout the summer. It's an effective structure that works and has been done for years. It would be best if it remained the same. Secondly, if students began to create their own summer assignments, they would create shorter and easier assignments. As a student myself, I can say without a doubt that most students do the work to get it done with. If students were ever granted the option to make their own summer assignment, then they would create an assignment that could be completed in a day. That's not to say all students would do that, but students would rather spend their summer not doing a 60 question math packet with a bunch of two part questions. So, if students were granted the option of making their own packets, then there is probably a chance that they would create assignments that are quick and easy. In conclusion, let's just stick to tradition and let the teachers design summer assignments the way they always have, to prevent students from making easy assignments that can be done in a day and because teachers already do a fine enough job of making summer assignments. Why change how things work, when there is really no need for change. Students are students, they are the learners; so don't give them the teacher's job. If a student was ever given a chance to change how summer assignments are usually structured then they would probably abuse that position. So, let the teachers do their job, and let the students learn.",0,447,4.6546594e-07
"Dear TEACHER_NAME, I must say that i will have to slightly disagree with your decision on the whole sports thing. It is nothing against your authority, but in my opinion, some people learn slower than others. So for all you know, that students best work could just possibly be ""C"" work. One of the reasons that i protest to this idea of yours, is because kids need to get exercise just as much as we need education. Now I am not saying that physical education is more important than getting the things that will help us succeed in life. But if the kids that are not doing ""C"" average work, instead of ""B"" average work, you are basically telling them that they have no time for exercise, or no time for playing, then the child will just think that he needs to do nothing but school work and not exercise. This will eventually lead to the child being obese. Another thing is that school should be an environment where kids like me can have a fun, safe, learning environment. I completely understand your decision but strongly disagree with it at the same time. Education is very important, but the lack of exercising and just eating is what leads to the kids in this world to diabetes, and to unhealthiness. Before you make this totally official, i believe that it's in mine and everybody's interest that you pull some kids aside and talk with them about their opinions about this decision. So like i said in the beginning of this letter, i have to slightly disagree with this decision. Nothing personal or trying to break your school rules but please take up my offer, and if you don't like what the kids are saying about your laws, then please fill free to keep this rule. Sincerely, STUDENT_NAME",0,306,1.1069151e-05
"Advice is when a person gives their honest opinion and feedback to someone, and what they would do if they were in that situation. Many people ask multiple people for advice because seeking multiple, different opinions helps you see the situation in a different perspective. Some people may have already experienced a similar situation to yours and could give you advice on what they did and how it resulted. Asking for advice from different people also give you a more variety of ways to approach the situation and how to handle the situation properly. If you don't ask anyone for advice, you would not have any knowledge on how to handle the situation correctly. Asking for just one persons advice would also not let you grow as a better and stronger person. Asking for advice shows people that you are a person willing to learn new ways to make smart choices. Sometimes, it's good to learn things on your own, but in some situations, we might need help and advice on. Sharing advice with other people is also a good idea because you may have experienced something someone else hasn't, and you could help guide them into the right pathway by helping them make a smart decision. It's always important to give advice to others because they would be willing to give you good advice aswell. For example, someone could ask a close friend or family member for parenting tips. Parenting can be challenging for some adults and maybe a little easier for others. Once an adult enters parenting, they most likely have absolutely no way on how to approach the pathway of having children. So, they could ask close friends or family members that already have children for specific advice. This allows the parent to learn more about how to properly take care of their child. Asking a friend or relative for parenting advice when they don't have any children, would not help the parent learn about how to properly take care of their child. They might ask multiple people for their advice about parenting, because it educates them different ways other ways parents raise and guide their child. I remember I had a problem that had to do with school. At the beginning of this school year, I would put so much effort into my assignments. I did this because I wanted to prepare myself for high school and get into a good college. As the year slowly went by, I felt overwhelmed by the idea of transitioning into high school and all of the work I would have to do. I had the chance to hear some high schoolers talk about how they managed their school work and activites. They told me that even though school is important, it's always good to give yourself time to enjoy your youth and spend your time wisely. I've never recieved advice and feedback like this before because I've never thought about how fast time goes by and that I don't want to spend all my time and energy on school. I've now realized that school is a key priority, but self care is also a priority. This year I have made a lot of new friends and made many great memories. And I thank all high schoolers who have helped me realize life just isn't about school. Giving someone advice can have such a big impact on them. Everyone eventually gets to a point in life where they just don't know what to do when a problem stands in their way. And many people are scared to ask others for advice because they might not want to share their problem but really need the help. You could ask multiple people for advice, and might follow one persons advice and not the others. And that is okay, because they're just giving their honest opinion about what they would specifically do if they were in your shoes.",0,655,0.0
"There are pros and cons to both sending electronic cards and sending paper cards for holiday greetings. I believe that, overall, electronic cards are the better option. First, electronic cards are more environmentally friendly. They do not require any paper, ink, or postage, which means that fewer trees are chopped down and less pollution is created in order to produce and mail paper cards. Second, electronic cards are more convenient. You can send them to multiple people at once with just a few clicks, and they can be viewed on any device with an internet connection. Paper cards, on the other hand, require you to purchase and mail individual cards, and they can only be viewed on a physical card. Third, electronic cards are often more personal. You can include animations, music, and even videos in your card, which can make it more special and memorable than a paper card. Finally, electronic cards are often cheaper. You can usually find free or discounted electronic cards online, while paper cards can be quite expensive, especially if you want to send them overseas. Overall, I believe that electronic cards are the better option for holiday greetings. They are more environmentally friendly, more convenient, more personal, and often cheaper than paper cards.",1,209,4.5243272e-05
"The debate over whether children should learn to compete or cooperate has been ongoing for many years. While some people believe that competition is beneficial for children, others argue that cooperation is the better option. In my opinion, both competition and cooperation should be taught to children, as each has it's own advantages. Competition can be a great motivator for children. It encourages them to strive for excellence and to push themselves to achieve their goals. It also teaches them to be resilient and to accept failure as part of the learning process. Furthermore, competition can help children develop a sense of self-confidence and a competitive spirit. This can be beneficial in the long run, as it can help them succeed in their future endeavors. On the other hand, cooperation is also an important skill for children to learn. It teaches them to work together and to respect the opinions of others. It also encourages them to be more open-minded and to think of creative solutions to problems. Cooperation can also help children develop better social skills, as it encourages them to be more understanding and tolerant of others. In conclusion, both competition and cooperation should be taught to children. Competition can help children develop a sense of self-confidence and a competitive spirit, while cooperation can help them learn to work together and to respect the opinions of others. By teaching children both of these skills, they can become well-rounded individuals who are prepared to face the challenges of life.",1,250,3.317903e-08
"The debate on whether children should be taught to compete or cooperate has been ongoing for some time. While there are merits to both approaches, I believe that children should be taught to cooperate. Cooperation is a key life skill and one that will serve children well in the future. It is an important tool in developing relationships, problem solving, and working together to achieve a common goal. Cooperation helps children learn to listen to and respect the opinions of others, to compromise, and to empathize with those around them. It encourages teamwork and collaboration, which are important skills for success in the workplace. It also teaches children to be more tolerant and understanding of others and their differences. Competition, on the other hand, can lead to feelings of frustration and inadequacy, as not everyone can come out on top. It can also lead to a sense of superiority, as children who come out on top may feel that they are better than those who do not. This can be damaging to their self-esteem and to their relationships with others. In my opinion, cooperation should be the focus when teaching children. This does not mean that competition should be completely avoided. Rather, it'should be used in a constructive way, such as encouraging children to work together to reach a common goal. For example, a group of children could be given a task and asked to work together to complete it in the best way possible. This would allow them to learn the important skills of cooperation while still providing a sense of accomplishment. In conclusion, I believe that children should be taught to cooperate rather than compete. Cooperation is an important life skill that will help them develop strong relationships, problem-solving skills, and a sense of empathy. Competition can be used in a constructive way, but it'should not be the primary focus when teaching children.",1,315,3.7273384e-09
"The challenge of Exploring Venus has been in minds for decades because it is the closes to earth which is why they call it earths twin. Venus aslo has the same density and size in comparison to Earth which in terms occasionally the closets in distance too. ""Venus itself is right around the corner in space terms humans have sent numerous spaccraft to land on this cloud draped word"". No human has never been to Venus in for good reason, which might be the issue that explains why not a single spaceship has touched down on Venus in more then three decades. The thick atmosphere of almost 97 percent carbon dioxide blankets Venus. Whats more challenging is the clouds of highly corrosive sulfuric acid in Venus's amtosphere. Venus's planet surface temperature average over 800 degrees Fahrenheit, and the atmospher's pressure is 90 times than what people experience on Earth. The conditions are far more extreme than anything humans encounter on Earth, environment would crush even a submarine accustomed to diving to the deepest parts of the oceans and also liquefy many metals. Take note that Venus is has one of the most hottest surface temerature in the entire solar system, though Mercury is the closests planet to the sun. But if Venus is so inhospitable, then why are scientists even discussing to move further visit to its surface. That is because Astronomers are fascinated by Venus because it most likely have been the most Earth like planet in the solar system. Venus has probably been the most largely coverd with oceans and possibly could have supported lots of various life forms, just like planet Earth. Venus has a surface of rocky sediment and includes simular features such as mountains, valleys and craters. Venus can also sometimes be our nearest option for a planetary visit, giving the long time frames of space travel. The value of returning to Venus seems ""indisputable, but what are the options for making a mission both safe and scientifically productive. (NASA) The Aeronautics and Space Administration has one compelling idea for sending humans to Venus. NASA's possible solution to the rough conditions on the surface of planet Venus, could initually allow scientists to float above the fray. Put it like this, a huge blimp like vehicle hovering over 30 or so miles above the Venusian landscape. Just like jetplanes traveling at higher altitudes to fly over many storms, just like a vehicle hovering over Venus would avoid the bad ground conditions by staying up and out of their way. Many researchers are working hard on innovations that would allow our advance machines to last a long enough to contribute to our knowledge of Venus. NASA is also working on other approaches to studying Venus. Example, some simplified electronics made of silicon carbon have been tested in a chamber which simulate the chaos of Venus surface and have lasted for less then three weeks in such condition.",0,490,1.7592465e-07
"Learning Launch: Testing Ideas and Improving Products As a student in the field of Una Conroy, I have come to realize the importance of learning launch and testing ideas in order to improve products. According to Eric Ries, author of The Lean Startup, ""Learning launch is the process of rapidly testing ideas by launching minimally viable products to targeted customers to gather feedback and iterate on the product"" (Ries, 2011). By continuously testing and improving products, entrepreneurs and established businesses alike can increase their chances of success in the market. In order to effectively test ideas and improve products, it is essential to first identify the target market. According to Laura Busche, author of Lean Branding, ""Understanding your target audience is the foundation of any successful branding and marketing strategy"" (Busche, 2016). By identifying the target market, businesses can tailor their products and marketing efforts to meet the needs and preferences of their customers. Once the target market has been identified, it is time to begin the learning launch process. This process typically begins with the creation of a minimally viable product (MVP), which is a version of the product that includes only the most essential features. According to Ash Maurya, author of Running Lean, ""The goal of an MVP is to test the riskiest assumptions of your business model with the least amount of effort"" (Maurya, 2012). By starting with an MVP, businesses can quickly and easily test their ideas and gather feedback from customers. After the MVP has been created, it is time to launch it to the targeted customers. This can be done through various channels, such as social media, email marketing, or online advertising. According to Neil Patel, co-founder of Crazy Egg and Neil Patel Digital, ""When launching a new product, it's important to get as much exposure as possible. This means using multiple channels to reach your target audience"" (Patel, 2017). By using multiple channels, businesses can increase their chances of reaching their target customers and gathering valuable feedback. Once the MVP has been launched and feedback has been gathered, it is time to iterate on the product. This may involve making changes to the product based on the feedback received or conducting additional testing to validate or invalidate assumptions. According to Ries, ""The key to successful iteration is to make small, incremental changes and to continually test and validate your assumptions"" (Ries, 2011). By following this approach, businesses can continuously improve their products and increase their chances of success. It is also important to note that learning launch and testing ideas is not only for startups but also for established businesses. Many successful companies such as Amazon, Google, and Facebook have been using this approach as a continuous improvement process. They constantly gather feedback from their customers, test new ideas and iterate the products. In conclusion, learning launch and testing ideas is a crucial process for entrepreneurs and established businesses alike. By identifying the target market, creating an MVP, launching it to targeted customers, and iterating on the product, businesses can quickly and easily test their ideas and gather valuable feedback. By following this approach, businesses can increase their chances of success in the market. References: * Ries, E. (2011). The Lean Startup: How Today's Entrepreneurs Use Continuous Innovation to Create Radically Successful Businesses. New York: Crown Business. * Busche, L. (2016). Lean Branding: How to Create Products Your Customers Will Love. Indianapolis: Wiley. * Maurya, A. (2012). Running Lean: Iterate from Plan A to a Plan That Works. Sebastopol: O'Reilly Media. * Patel, N. (2017, August 22). How to Launch a Successful Product: The Definitive Guide. Retrieved from <https://neilpatel.com/blog/launch-a-successful-product/>",1,606,0.0018158042
"So, you want to tell me that the rock and craters on Mars are aliens? Myself belive it is not myself and fellow scientist find this to be true. Back in 1976 I got my first glipse at the figure on the surface it made me think it was alien until the Mars Rover proved it could not possibly be made by aliens. When we first released the piture it set the world on fire as much talk about the face on Mars it made us look like we made the discovery of a life times work we all shared the cridit for finding the face. Nasa became the biggest hit around some took advantage to that some did not others did. Allthough we proved it to be a natullary formed crater by using the Mars rover. Even after this a group of them left because they belived aliens were real and belived aliens created this monumentail artfact which would change space to how we know it to be today. Mars did look like it had small shacks which they thought was house arfound the massive rock. Mars has a very rocky layer on its top it gives Mars the ability to have craters which from a distance look like shacks. The one thing the told me is what I can't explain it to this day I have no respouce to it they said do you see the crocked grim on its face every time we look at this figure it has a differt face which is hard to explain. I'll tell you what I told him though is that you can never underesitmate the force of gravity. Gravity pull masses on to that face of Mars shaping differantly every time. As conclusion the belivers in aliens started a foundation. The foundation was called alien were here. They could not prove that they were right so they foundation had to swith to make more sense to have an resonable idea the new foundation also died off. The new foundation has The Brithish were here which everone new so they had no purpose they ended up giving up on any chance of company. Well as you can see I'm doing well and listing to aliens are not here dot net people the chance was silm, but it is a cool artifact. Still to this day in time when people first see that piture they think aliens are amoungest which they could be right, but they are wrong has a better chance of happing around here in the USA.",0,427,8.2473655e-08
"""Hello Mr. Fulkerson."" I said, Mr. Fulkerson was a very stern and witty man. He would always be very strict with what is alowed and what isn't, But he loved people, he would always play or say hi to kids at the park, random kids that he didn't even know. Since he loved helping people so much I asked him to join the UNRRA. ""Hello Mr. Bomburger."" said Mr. Fulkerson. ""So why am I here?"" ""you are here because I need to ask you something..."" ""umm...okay? what?"" ""well, you know how I'm working for the UNRRA?"" ""yea, what about it?"" "" I want you to join."" Mr. Fulkerson looked shocked, like he had just been hit by lightning. Mr. Fulkerson answered ""But-but... why me?"" I was kind of confused. Wasn't it obvious? Did he not know? Was he joking? A million questions popped up in my head. Who did he think he was? ""well...you are very good with children and animals. You would be very good with this job."" ""But I have a family I need to look out for. And my pet snake won't feed himself. Everyone who lives wiht me is afraid of snakes. They won't dare go near him!"" ""Just hire someone who will go near him."" I said ""but what about the yard, it grows like my daughters hair!"" he said worried ""you can just pay that kid across the street to cut it. The UNRRA is a great orginazation. You would be happy and forget about everything at home, it would give you time to just relax once."" ""yea, I guess your right."" he responded ""On the bright side! It must already be a hassle trying to clean all of the dishes."" ""actually Mrs. Fulkerson does those. I just cut the lawn and clean the bathrooms."" said Mr. Fulkerson ""still, you wouldn't have to worry about anything else happening, you could just help people, because thats what you like to do."" ""yeah I guess so."" "" we could really use your help."" ""our other lookout kind of fell overboard the ship..."" Mr. Fulkerson looked worried. ""Just kidding!"" Relief quickly brushed upon his face. ""The lookout had to go back home, his wife got in a car wreck, all we need is a replacement for a few days until he gets back."" ""umm... ok,but when and where is it?"" ""on washington street in new york at 6:00 pm. meet us there to talk about it."" I said",0,411,8.239224e-08
"In the past few decades, the world has seen a significant increase in the number of cars on the road. However, with the rise of environmental concerns, technological advancements, and changing attitudes towards transportation, it is likely that there will be fewer cars in use in the next twenty years. In this essay, I will argue that I agree with the statement that there will be fewer cars in use than there are today. One of the primary reasons for this is the increasing awareness of environmental issues caused by the use of cars. With the world becoming more conscious of the impact of climate change, people are starting to realize that cars are one of the major contributors to greenhouse gas emissions. As a result, governments and individuals are taking steps to reduce their use of cars. For instance, many cities are implementing policies that encourage the use of public transportation, cycling, and walking. Additionally, more and more people are choosing to buy electric cars, which are much more environmentally friendly than traditional gasoline-powered cars. Another reason for the decrease in the number of cars on the road is the continued development of transportation technology. Self-driving cars, for example, are becoming more advanced and will soon be widely available. These cars will be able to communicate with each other, reducing the likelihood of accidents and traffic congestion. Additionally, they will be able to drive more efficiently, reducing the amount of fuel used and emissions produced. Finally, changing attitudes towards transportation are also contributing to the decrease in the number of cars on the road. Many people are starting to realize that owning a car is not necessary for their daily lives. With the rise of ride-sharing services like Uber and Lyft, people can easily get around without owning a car. Additionally, many young people are choosing to live in cities where they can walk or take public transportation to get around. In conclusion, I agree that there will be fewer cars in use than there are today. The increasing awareness of environmental issues, the development of transportation technology, and changing attitudes towards transportation are all contributing to this trend. While cars will always be a part of our lives, it is clear that they will play a much smaller role in the future than they do today.",1,388,8.92162e-07
"Matthew Andrade - Student http://facebook.com/watkinschristopher - Personal Profile Applying the CRISP-DM Model to Analyze Customer Churn in Telecommunications The CRISP-DM (Cross-Industry Standard Process for Data Mining) model is a widely accepted framework used to plan and execute data mining projects. This essay details my experience applying the CRISP-DM model to analyze customer churn in the telecommunications industry, critically analyzing the effectiveness of this approach, and reflecting on its strengths and limitations. The first phase of CRISP-DM, the business understanding phase, involves identifying the project objectives and requirements from a business perspective. For this case, our goal was to understand the factors contributing to customer churn and develop strategies to minimize the negative impact. The data was collected from a telecommunications company, containing customer demographic information, contract details, and call data records (CDRs). In the data understanding phase, we explored and analyzed the data to gain familiarity with its structure, content, and quality. We noticed missing values in certain attributes and decided to fill them with appropriate substitutes, such as mean values for numerical attributes or most frequent class values for categorical attributes. During the data preparation phase, we preprocessed, cleaned, and transformed the data into a format suitable for modeling and analysis. Feature engineering techniques were applied, such as: - Creating new attributes based on the available data, like the average revenue per user (ARPU). - Transforming categorical attributes into numerical representation using one-hot encoding to enable better predictive model performance. - Removing duplicate records and outlier values to ensure the integrity and quality of the dataset. We moved on to modeling by selecting the most relevant methods for modeling the churn problem. Various machine learning algorithms were tested, including: - Decision trees. - Random forests. - Logistic regression. - Support vector machines. After evaluating the performance of each model using metrics, such as accuracy, precision, recall, and F1-score, the random forest model was chosen as the most effective, yielding 81% accuracy with a 0.67 F1-score for both positive and negative classes. Feature importance analysis further strengthened our confidence in the model, as it revealed meaningful insights into the key factors driving churn. The evaluation phase assessed the overall model's predictive capabilities and potential biases. We compared the model's performance with industry benchmarks and confirmed its validity and reliability. Lastly, in the deployment phase, we prepared the model to be integrated into a real-world setting. This involved: - Documenting the project, including the methodology, results, and conclusions. - Presenting the findings to relevant stakeholders. - Suggesting next steps, like incorporating the model into a churn prediction system. The CRISP-DM model proved to be effective in this complex challenge by providing a structured and organized approach to tackling the customer churn problem. It helped us comprehensively understand the business context, prepare the data, and develop an accurate model to provide valuable insights. However, CRISP-DM has its limitations. The model doesn't inherently cover model validation or testing, which must be addressed separately. Additionally, it lacks clear guidelines for handling missing values and outliers. Organizations may need to incorporate their own methodologies and best practices for these aspects. In conclusion, the CRISP-DM model is an effective tool for managing complex data mining projects, providing a structured roadmap for organizations and students alike. Nonetheless, limitations such as model validation and missing value handling should be supplemented by following established best practices and domain-specific standards.",1,560,0.000123178
"The debate over whether a nation should require all of it's students to study the same national curriculum until they enter into college is one that has been ongoing for many years. On one side of the argument, the proponents of a national curriculum suggest that it would provide students with a more well-rounded education, while opponents of this idea believe that it would stifle the creativity of both students and teachers. In my opinion, I believe that each school should have the right to determine which academic courses to offer, as this will foster a more creative and diverse learning environment. To begin with, having a one-size-fits-all model of education would not allow for creative teaching and learning. Each school is unique and has it's own culture and educational needs. For example, a school in an urban area may be more focused on providing students with the academic knowledge necessary to succeed in college, while a more rural school may be better suited to providing students with practical skills to help them in their everyday lives. By allowing different schools to select their own curricula, it is possible to create learning environments that are tailored to the specific needs of the students. Additionally, a nation-wide curriculum may be too rigid for some students. Every student has different learning styles and abilities, and it may be difficult for one curriculum to cater to all of them. By having different schools providing different courses, it is possible to offer multiple paths for students to pursue their areas of interest. For example, a student who is interested in the arts may be allowed to explore this interest at one school, while a student who is more academically inclined may be able to study more standardized courses at another school. Finally, having different schools offering different courses allows for a more diverse educational experience for students. A nation-wide curriculum may contain only the most basic and traditional academic courses, but it could be argued that having different schools offering different courses will be more beneficial in the long run. By having access to a variety of courses, students may find new interests and develop a greater appreciation for the diversity of ideas and perspectives in the world. In conclusion, I believe that a nation-wide curriculum should not be imposed, as it may be too restrictive and could lead to a less creative and diverse educational environment. Instead, each school should have the freedom to decide which courses to offer, since this will create an atmosphere of exploration and discovery. By allowing different schools to provide different courses, students will have the opportunity to develop their interests in a variety of ways, and gain a greater appreciation for the world around them.",1,458,1.689764e-07
"Dear, TEACHER_NAME I believe children should be able to use and also bring there phones to school. Just for the fact if something happens on there way to school they would be able to call there parents and notify hem what happen. Or maybe after school they get kid napped and they don't got there phone what are they going to do. Like for example i bring my phone to school just in case something happens. I don't think kids shouldn't be able to bring there phones. What if there parents needs to tell you something like come straight home. Then they would know not to stay after school. If I was the principle i would allow children to bring there phones as long as they don't use it in class. There are lots of reasons kids should be able to have phones the have calculators on them they help you do everything like check your email. Stuff like that there like a little laptop and also teachers have them why cant we. Schools shouldn't care off of the little things. We text instead of wasting paper. Instead of going to the office to use there phones we could use are own. Its just lunch it wouldn't hurt any one its not like were in class. most kids would probably bring there phones any way I bet if they made it to were we cant bring or phones most of the kids would still bring them. It would probably make them bring it even more. Well any way its not really up to me but if it were i would go with phones out at lunch.",0,276,1.1685196e-07
"Storytelling Challenge: The Power of Narrative in Shaping Our World As a student at university, I have always been fascinated by the power of storytelling. From the earliest days of human civilization, people have used stories to make sense of the world around them, to share their experiences, and to connect with one another. In today's fast-paced, digitally-driven world, the art of storytelling is more important than ever before. As Jason Salinas, I have found that the storytelling challenge is not only a powerful tool for communication and self-expression, but also a vital means of fostering empathy, creativity, and critical thinking. One of the most significant challenges of storytelling is the need to engage and captivate one's audience. In his classic work, ""The Art of Fiction,"" influential author Henry James argued that successful storytelling hinges on the ability to create vivid, believable characters that resonate with readers. According to James, ""What is character but the determination of incident? What is incident but the illumination of character?"" (James, 1884, p. 25). By crafting compelling characters that readers can relate to, storytellers can draw their audience into the narrative and create a sense of shared experience and understanding. Another essential aspect of storytelling is the ability to convey complex ideas and emotions through engaging narratives. In ""The Elements of Story,"" author and writing instructor Elizabeth George emphasizes the importance of storytelling as a means of exploring the human condition and shedding light on the universal truths that underpin our shared experiences. According to George, ""Story is the means by which we, as human beings, connect with one another. Story is how we communicate our values, how we teach and learn, how we create and preserve culture, how we heal and help, and how we entertain"" (George, 2016, p. xvi). By weaving intricate narratives that explore the deeper meanings and themes of human existence, storytellers can captivate their audience and provoke thought and reflection. Moreover, the storytelling challenge can also be a powerful force for social change. In ""The Necessary Art of Storytelling,"" author Janna Malamud Smith argues that storytelling is a crucial tool for fostering empathy and understanding in a divided world. According to Smith, ""Stories provide a kind of emotional education. We learn through the experience of others about the world and how to live in it"" (Smith, 2010, p. 237). By sharing stories that illuminate the experiences of marginalized or underrepresented communities, storytellers can help to bridge divides and challenge stereotypes. As a student, I have found that the storytelling challenge is an excellent way to explore my own experiences and perspectives. In my writing and creative work, I have sought to craft narratives that reflect my own background and identity, as well as the diverse perspectives of those around me. By sharing my stories with others, I hope to contribute to a larger conversation and to inspire others to embrace their own unique voices and stories. In conclusion, the storytelling challenge is a powerful tool for communication, creativity, and social change. By crafting compelling narratives that explore the human experience and illuminate the universal themes that underpin our shared existence, storytellers can captivate their audience, provoke thought and reflection, and foster empathy and understanding in a divided world. As a student and aspiring storyteller, I am committed to embracing the storytelling challenge and using my own voice to contribute to a rich and diverse narrative landscape. References: George, E. (2016). The elements of story: Fieldnotes for the writer of fiction (2nd ed.). Harper. James, H. (1884). The Art of Fiction. The Atlantic. <https://www.theatlantic.com/magazine/archive/1884/09/the-art-of-fiction/> Smith, J. M. (2010). The necessary art of storytelling: Ralph Ellison's invention of the american story. The Missouri Review, 33(3), 237-250.",1,615,0.00033088695
"Design Thinking for Innovation Design thinking is a problem-solving approach that emphasizes empathy, experimentation, and iteration. It is a human-centered methodology that has gained widespread popularity in recent years, particularly in the fields of business, technology, and social innovation. Veronica-Victoria Allen finds design thinking to be an invaluable tool for promoting innovation and creativity in various contexts. This essay will explore the principles of design thinking, its relevance to innovation, and its potential applications in different fields. At its core, design thinking is a solution-based approach to solving complex problems. It involves five stages: empathize, define, ideate, prototype, and test. The first stage, empathize, involves understanding the needs and perspectives of the people affected by the problem. This stage requires active listening, observation, and immersion in the user's context. By empathizing with the user, designers can gain insights into their experiences, emotions, and motivations, which can inform the design process. The second stage, define, involves defining the problem statement based on the insights gathered during the empathize stage. This stage requires clear and concise communication, as well as critical thinking and analysis. The problem statement should be specific, meaningful, and actionable. It should also be grounded in the user's needs and perspectives, rather than the designer's assumptions or biases. The third stage, ideate, involves generating a wide range of ideas and solutions to the defined problem. This stage requires creativity, imagination, and open-mindedness. Designers should aim to explore diverse and unconventional ideas, rather than limiting themselves to conventional or obvious solutions. This stage also involves evaluating the feasibility, viability, and desirability of the ideas, in order to select the most promising ones for prototyping. The fourth stage, prototype, involves creating a physical or virtual representation of the selected ideas. This stage requires practical skills, such as modeling, coding, or crafting, as well as technical knowledge, such as materials science, user experience design, or systems thinking. Prototyping allows designers to test their ideas in a tangible and interactive way, which can reveal potential flaws, limitations, or opportunities for improvement. The fifth stage, test, involves evaluating the effectiveness and efficiency of the prototype in solving the defined problem. This stage requires feedback from users, experts, or stakeholders, as well as data analysis and interpretation. Testing can also reveal new insights, challenges, or opportunities for iteration and improvement. Based on the test results, designers can refine their prototype, or go back to previous stages, and repeat the process until they achieve a satisfactory solution. Design thinking is highly relevant to innovation, as it encourages creativity, experimentation, and user-centeredness. Innovation is the process of creating new value, through the introduction of novel or improved products, services, processes, or business models. Design thinking can facilitate innovation by providing a structured and iterative framework for generating and testing new ideas, as well as by promoting a user-centered and empathetic mindset. By applying design thinking to innovation, designers and organizations can increase their chances of success, as well as their impact and relevance in the market. Design thinking can be applied in various fields, such as business, technology, healthcare, education, or social innovation. In business, design thinking can help companies to create user-friendly and differentiated products, services, or experiences, which can increase customer loyalty, satisfaction, and revenue. In technology, design thinking can help developers to create intuitive, accessible, and inclusive interfaces, which can enhance user engagement, usability, and accessibility. In healthcare, design thinking can help healthcare providers to design patient-centered and evidence-based care models, which can improve patient outcomes, safety, and experience. In education, design thinking can help educators to design student-centered and engaging learning environments, which can foster creativity, collaboration, and critical thinking. In social innovation, design thinking can help social entrepreneurs or non-profit organizations to design sustainable and impactful solutions to social or environmental challenges, which can benefit communities, ecosystems, or societies. In conclusion, design thinking is a powerful and versatile tool for promoting innovation and creativity in various fields. Veronica-Victoria Allen believes that design thinking can help designers and organizations to create user-friendly and valuable solutions to complex problems, by emphasizing empathy, experimentation, and iteration. By applying design thinking to innovation, designers and organizations can increase their chances of success, as well as their impact and relevance in the market. Therefore, Veronica-Victoria Allen recommends that designers and organizations consider using design thinking in their practice, and continue to explore and learn from its principles and applications. References: Brown, T., & Katz, B. (2011). Change by Design: How Design Thinking Transforms Organizations and Inspires Innovation. HarperCollins Publishers. Plattner, H., Meinel, C., & Weinberg, M. (Eds.). (2010). Design Thinking: Understand – Improve – Apply. Springer-Verlag. Martin, R. L. (2009). The Design of Business: Why Design Thinking Is the Next Competitive Advantage. Harvard Business Press. Sanders, E. B.-N., & Stappers, P. J. (2008). Co-creation and the New Landscapes of Design. CoDesign, 4(1), 5-18.",1,806,7.85145e-05
"I feel as though, students should be able to have cell phones at school. Of course, we should turn our phones off in class, but as far as our free time, we should be allowed to have them. When we get our cell phones taken away at school and then we have to pay to get it back, that's so kinky to me. Its Like, Where do i money go? Students would probably do better knowing that they can have their cell phones out, instead of sneaking them out. When we see our teachers texting or accepting calls in class, that's makes us want to do the same. We understand their adults, but the teacher can interrupt our education, just as well as we would if we had our phones. So, why cant we have our phones out again? This is my last year in Middle School and from what i hear about at the High School, were allowed to take calls outside of class and use our phones. I just don't see the difference from Middle School and High School. This may sound crazy, but i seriously think students would do so much better in school, if we could have the privilege to have our cell phones out. The way there making cell phones now an days, we can actually do homework on our phones. I've actually typed a Rela report on my Blackberry, emailed it to myself, printed it, and turned the paper in. So, phones aren't all about social networking, we can actually do school related activities on there as well. Well, I hope whoever's reading this can take this in consideration and understand where I'm coming from. I know administrators might think its a bad idea, but just try it and see how it goes. If students cant focus in school and their more interested in their cell phone, then take away the privilege away from them. I really hope you guys would be able to put this in infect, i think it would be great! STUDENT_NAME",0,341,4.867621e-07
"Education is a crucial aspect of human life. It is the process of acquiring knowledge, skills, values, and attitudes that enable individuals to lead a successful life. Some people believe that education is a life-long process, while others disagree. In my opinion, education is a life-long process, and I will explain why in this essay. Firstly, education is not limited to formal schooling. Formal education is just the beginning of the learning process. It provides a foundation for individuals to build upon and continue learning throughout their lives. Education is a continuous process that involves learning new things, acquiring new skills, and adapting to new situations. For example, a doctor who has completed medical school and residency still needs to keep up with the latest medical research and techniques to provide the best care for their patients. Secondly, the world is constantly changing, and individuals need to keep up with these changes to remain relevant. Technology is advancing at a rapid pace, and individuals who do not keep up with these changes risk becoming obsolete. For example, a person who learned to use a computer in the 1990s may not be able to use the latest software and hardware today. Therefore, it is essential to continue learning throughout one's life to remain competitive in the job market. Thirdly, education is not just about acquiring knowledge and skills; it is also about personal growth and development. Education helps individuals to develop critical thinking skills, creativity, and problem-solving abilities. These skills are essential for success in all aspects of life, including personal relationships, career, and community involvement. In conclusion, education is a life-long process that is essential for personal growth, career success, and adapting to a changing world. Formal education is just the beginning of the learning process, and individuals need to continue learning throughout their lives to remain relevant and competitive. Therefore, I strongly agree that education is a life-long process.",1,320,0.00018723642
"Learning Launch: Testing Ideas and Improving Products As a student in the fields of technology and innovation, I am constantly seeking opportunities to test my ideas and improve the products I create. In this essay, I will discuss the concept of Learning Launch, a method for quickly and efficiently testing and improving products. The Learning Launch process is simple: first, an individual or team comes up with an idea for a product or feature; next, they create a minimum viable product (MVP) to test the market; then, they gather feedback and iterate on the product; finally, they launch the improved product to the public. This process allows for efficient use of resources, as it minimizes the risk of investing time and money into a product that may not be well-received. I, Bailey Borer, have personally implemented this process in my own projects. For example, in one of my classes, I was tasked with creating a mobile app. Instead of spending months building a fully-featured app, I decided to use Learning Launch. I created a MVP with only the core features and released it to a small group of users. I gathered feedback, made improvements, and released a new version. I repeated this process until I had a product that I was confident would be well-received by a larger audience. I have also seen the power of Learning Launch in action in the professional world. One of my mentors, Steve Blank, is a well-known entrepreneur and author who has written extensively on the subject of Lean Startup methodologies, which include Learning Launch. He has shared stories of companies that have successfully used this approach to quickly and efficiently bring new products to market. The concept of Learning Launch is not new, however. The idea of iterative development and continuous improvement has been around for decades and is the foundation of many other methodologies such as Agile, Scrum, and Lean. The key difference is the emphasis on learning, experimentation, and the use of a MVP. One of the main benefits of Learning Launch is that it allows for efficient use of resources. Instead of spending months or even years building a product, a MVP can be created quickly and at a low cost. This allows for the testing of assumptions and the gathering of valuable feedback before investing significant resources into the product. Another benefit is that it helps to reduce the risk of failure. By testing the market with a MVP, a team can gauge interest and gather feedback before investing in a full-scale launch. This can save time and money and help to ensure that the product is well-received by the target audience. However, Learning Launch is not without its challenges. It requires a shift in mindset, away from the traditional ""waterfall"" approach to product development, which is often characterized by long planning and development cycles and a big launch. It also requires a willingness to experiment, to learn from failure, and to iterate on the product. In conclusion, Learning Launch is a powerful method for testing ideas and improving products. It allows for efficient use of resources, reduces the risk of failure, and encourages a culture of continuous learning and improvement. I, Bailey Borer, have personally seen the benefits of this approach in my own projects and in the professional world. I encourage all students, especially those in technology and innovation fields, to consider using Learning Launch in their own projects. References: * Blank, S. (2013) The Startup Owner's Manual: The Step-By-Step Guide for Building a Great Company. K&S Ranch Inc. * Ries, E. (2011) The Lean Startup: How Today's Entrepreneurs Use Continuous Innovation to Create Radically Successful Businesses. Crown Business. Email: Lavada_Schamberger46@yahoo.com",1,614,0.00052861095
"There is a lot of truth to the saying that successful people try new things and take risks. Indeed, risk-taking is often a key ingredient to success. However, this does not mean that successful people only do things that are new to them. In fact, successful people are often very good at doing things that they are already familiar with. One reason why risk-taking is important is that it can lead to new opportunities. For example, if you are always afraid to try new things, you might miss out on opportunities to advance your career or make new friends. Additionally, risk-taking can help you to learn new things and to grow as a person. However, it is also important to note that not all risks are created equal. In some cases, it may be wiser to avoid risks altogether. For example, if you are starting a new business, it may be wise to take some risks, but if you are investing your life savings in the business, it may be a risk too great to take. In conclusion, successful people often try new things and take risks. However, this does not mean that they only do things that are new to them. Instead, they are often very good at doing things that they are already familiar with. Additionally, not all risks are created equal, and it is important to weigh the risks and benefits before taking a risk.",1,238,1.1726484e-08
"As a student at the university, I have been significantly impacted by the COVID-19 pandemic. My Natalie Torres, Natalie.Torres@lewis.net, 63640909, QVLN90509656882672, 761-363-8816x878, http://facebook.com/medinajamie, and 01461 Jessica Rapid South Mariah, NC 66146 have all been affected by the virus and the associated restrictions. The pandemic has brought about many changes in my academic life, and storytelling has been one way I have coped with these challenges. In this essay, I will discuss the impact of the COVID-19 pandemic on me and how storytelling has helped me navigate this difficult time. The COVID-19 pandemic has caused major disruptions to my academic experience. One of the most significant changes has been the shift to remote learning. This has meant that I have had to adapt to new technologies and ways of learning. In addition, the lack of social interaction with my peers has been challenging. I have missed the sense of community that comes with being on campus and the opportunity to interact with my professors and classmates in person. Despite these challenges, I have found that storytelling has been a powerful tool in helping me cope with the pandemic. Storytelling has helped me to process my emotions and make sense of the changes happening around me. By sharing my experiences with others, I have been able to connect with others who are going through similar challenges. This has helped me to feel less isolated and has given me a sense of community and support. One example of how storytelling has helped me navigate the pandemic is through a project I undertook as part of a class assignment. The assignment required us to create a multimedia story about a social issue related to the pandemic. I chose to focus on the experiences of international students during the pandemic. Through interviews, visuals, and writing, I was able to tell the stories of several international students who had been affected by the pandemic in different ways. This project allowed me to connect with other international students and hear about their experiences. It also gave me a platform to share these stories with a wider audience. Through the process of creating the story, I was able to reflect on my own experiences and the challenges I had faced as an international student during the pandemic. This helped me to feel less alone and more connected to others who were going through similar experiences. Another way that storytelling has helped me navigate the pandemic is by providing a sense of normalcy. In a time of uncertainty and change, storytelling has allowed me to engage in an activity that feels familiar and comforting. By sharing stories and listening to others, I have been able to maintain a sense of connection and community, even in the absence of in-person interactions. In conclusion, the COVID-19 pandemic has brought about many challenges in my academic life, but storytelling has been a powerful tool in helping me navigate these challenges. By sharing my experiences and connecting with others, I have been able to process my emotions and feel less isolated. The pandemic has highlighted the importance of storytelling in building community and maintaining connections, even in the face of adversity. As we continue to navigate this difficult time, I am grateful for the power of storytelling to bring us together and help us make sense of the world around us. Sources: * ""The Power of Storytelling in the Age of COVID-19."" The New York Times, 2020. <https://www.nytimes.com/2020/05/12/well/family/coronavirus-storytelling.html>. * ""The Benefits of Storytelling in the Classroom."" Edutopia, 2019. <https://www.edutopia.org/article/benefits-storytelling-classroom>. * ""International Students and COVID-19: The Impact and Response."" Institute of International Education, 2020. <https://www.iie.org/Policy-Research/Quick-Takes/International-Students-and-COVID-19-The-Impact-and-Response>.",1,601,0.0008042841
"Should summer projects be the students choice or the teachers choice? Even though some say that doing summer projects for school should be the teachers choice, most people believe that the over the summer projects should be the students choice because the students will have the chance to be creative and to do their own thing, students will also be able to show off the different sides of themselves that most people have not seen, and the students would also be more likely to do the project if it was on or about something that they like. Some people think that it should not be the teachers choice becuase they do not always choose things that thier students would like, most of the time the students do not normally like the topics that teachers choose. First, letting students choose what they want the project to be on gives them a chance to be creative. Allowing students to choose what type of topic that they would want to do lets the student be independent, showing their teachers that they can handle responsibilities when it comes to taking the time to choose a topic that they would enjoy writing about. Students will most likely take this summer project and turn it into something fun instead of it being boring sumer work that they must do in order to proceed to the next grade, students will step outside of their comfort zones and show a little more creativity in their work. Next, when allowing students to choose their own project topic they will be more likely to get their work finished instead of sitting there thinking about if they should do their work or just let it sit there. If the teachers let the students do what they enjoy doing the student will add a little twist to it and make it pop, for instance there are some students out there who really enjoy art. If teachers gave the students the option of deciding what their projects could be, I am pretty sure some of those kids who love art will add their own twist to things, like colors and anything else you could think of. If teachers allow students to choose then they would have a reason to get their work done, because thye would have choosen what they wanted to do and if that was the case the students would have had to do their work. However, students do not really seem to like when teachers make choices on what the students can and cannot do for their projects. Students would much rather be able to choose what they can do on a project than letting the teachers choose two or three topics or things that the student can do, even when teachers decide to make things easier for the students the students always have something negative or something to disagree about when the teachers have made the choices. In conclusion, even though some say that doing a summer project for school should be up to the teachers, most people believe that the summer project should be up to the students because it gives the students a reason to be creative and to do their own thing, showing other sides of themselves that no one has ever seen before, and if the teachers find some topic to do the students will always have their opinons on what the teacher has choosen, plus it shows them how to be independent. students should have a say in what they are able to do when it comes to projects outside of school.",0,598,1.3041804e-07
"Visualization Design Thinking: A Holistic Approach to Data Visualization In the era of big data, data visualization has become an essential skill for researchers, analysts, and decision-makers. Visualization design thinking (VDT) is a holistic approach to creating effective and engaging visualizations that convey insights from complex data. This essay argues that VDT is a powerful tool for interpreting data and communicating its implications to various stakeholders. The essay explores the principles of VDT and demonstrates their application through examples and case studies from various fields. Moreover, the essay suggests strategies for integrating VDT into the curriculum of data science programs. VDT is a user-centered design approach that emphasizes the importance of understanding the needs, goals, and contexts of the audience. The primary goal of VDT is to create visualizations that are not only accurate and meaningful but also accessible and engaging. To achieve this goal, VDT practitioners follow a series of iterative steps that involve defining the problem, understanding the data, ideating potential visualizations, prototyping and testing, and refining the design. Each step is guided by a set of principles that reflect the best practices in visualization design. One of the fundamental principles of VDT is to choose the appropriate visual representation for the data and the task. According to Ware (2019), a leading expert in visualization design, there are over 100 different types of visual encodings that can be used to represent data. Choosing the right visual encoding is critical for achieving effective communication and for supporting various analytical tasks (e.g., exploring, comparing, associating, and confirming). For example, bar charts and pie charts are effective for comparing categorical data, while scatter plots and line charts are useful for displaying temporal or quantitative relationships. Similarly, visual variables such as color, shape, size, and position can be used to convey different data attributes and relationships. A common mistake in visualization design is to use visual encodings that are inappropriate for the data or the task. This can lead to misinterpretation or confusion among the audience. Another important principle of VDT is to minimize visual clutter and cognitive load. Visual clutter refers to the excessive use of visual elements that distract the viewer from the main message of the visualization. Cognitive load refers to the mental effort required to interpret and understand the visualization. To reduce visual clutter and cognitive load, VDT practitioners should follow minimalist design principles such as simplicity, clarity, and consistency. These principles suggest that visualizations should be as simple as possible, but not simpler. Clarity means that the design should be unambiguous and easy to interpret, while consistency suggests that the design should follow conventions and standards that are familiar to the audience. Examples of how to minimize visual clutter and cognitive load include the use of legends, guides, and annotations that help the viewer to understand the visualization. A third principle of VDT is to tell a story through data. A good visualization should not only convey information but also evoke emotions and inspire action. To tell a story through data, VDT practitioners should identify the key insights from the data, order the visual elements in a logical sequence, and add captions and titles that guide the viewer's attention and interpretation. One example of a story-driven visualization is the ""Fallingwalls"" project (<https://fallingwalls.org/>) that showcases the achievements and challenges of 20 groundbreaking scientists who have overcome barriers in their research fields. The project uses an innovative design that combines text, images, and interactive elements to create a compelling narrative that engages and informs the viewer. A final principle of VDT is to iterate and evaluate the design. VDT is a cyclical and flexible process that involves testing and refining the design based on feedback from the audience and the results of the analysis. This feedback loop ensures that the visualization meets the needs of the audience and serves the purpose of the visualization. Evaluation methods can range from informal feedback from colleagues or users to formal usability testing and statistical analysis. Examples of evaluation tools include the ""5-second test"" (<https://5secondtest.com/>) that measures the user's first impression of a visualization and the ""Cloze test"" (<https://en.wikipedia.org/wiki/Cloze_test>) that assesses the user's ability to comprehend and recall the information from the visualization. In conclusion, visualization design thinking is a crucial skill for data scientists, researchers, and analysts. VDT combines art, science, and technology to create effective and engaging visualizations that convey insights from complex data. By following",1,735,0.07537705
"Learning the Launch Challenge with Online Banking Use Case The rise of digital technologies has significantly transformed various sectors, including the banking industry. Today, online banking has become an essential part of many people's daily lives, providing them with convenient and accessible financial services. However, launching a successful online banking platform requires addressing various challenges, such as security, user experience, and regulatory compliance. In this essay, I will discuss how the learning launch challenge can be approached using an online banking use case. As a university student, I have had the opportunity to explore the complexities of online banking through various courses and projects. In this context, I have come to appreciate the value of understanding user needs and expectations fully. In the online banking space, users expect seamless, user-friendly interfaces that allow them to perform various financial transactions quickly and securely. To meet these expectations, it is essential to adopt a user-centered design approach, which involves understanding user behaviors, preferences, and pain points. One way to approach the learning launch challenge with online banking is to use a use case to guide the design and development process. A use case is a scenario that describes how a user interacts with a system to achieve a specific goal. By defining a use case for online banking, developers can focus on creating a solution that meets user needs while also addressing key challenges. A possible use case for online banking is the ability to securely transfer funds between accounts. To implement this use case, several key considerations must be addressed. First, security must be a top priority. This includes implementing robust authentication mechanisms to prevent unauthorized access and ensure that user data is protected. Additionally, regulatory compliance is crucial. Online banking platforms must adhere to various regulations, such as anti-money laundering and know-your-customer regulations. Another critical aspect of the online banking use case is user experience. Online banking platforms must be easy to use and navigate, even for users who are not tech-savvy. This involves designing user-friendly interfaces that provide clear instructions and feedback to users. For example, when transferring funds between accounts, users should be presented with clear options for selecting the source and destination accounts, entering the transfer amount, and confirming the transaction. To implement this use case, it is essential to adopt a cross-functional team approach, involving stakeholders from various disciplines, such as developers, designers, and business analysts. This team should work collaboratively to identify user needs, define success criteria, and develop a prototype that can be tested and refined. In conclusion, the learning launch challenge with online banking can be approached using a use case to guide the design and development process. By focusing on a specific use case, such as securely transferring funds between accounts, developers can address key challenges, such as security, user experience, and regulatory compliance. As a university student, I have had the opportunity to explore the complexities of online banking and appreciate the value of adopting a user-centered design approach. By collaborating with cross-functional teams and focusing on user needs, online banking platforms can be launched successfully, providing users with convenient and secure financial services. References: Davis, M. (2018). Designing Better User Experiences: Current Practices, Emerging Trends, and Questions for the Future. Synthesis Lectures on Information Security, Privacy, & Trust, 11(1), 1-261. Hertig, T. (2021). Why Online Banking Security Is More Important Than Ever. Forbes. Kumar, K. (2020). Top 7 Challenges Faced by Online Banking. Mastercard. Lipis, J. (2018). The Future of Digital Banking. The Financial Brand. Parker, C. (2021). How to Improve the User Experience of Your Banking App. Forbes. Sharma, A. (2021). Online Banking: Challenges and Opportunities. Analytics Insight. Verhage, J. (2021). Big Tech Is Knocking at the Banking Industry's Door. Bloomberg.",1,622,0.00028398124
"I say no to community service I say no to community service but we do need some one to clean it up. I think that is should be volunteer work for people who need extra credit. I think that it would be bad to do that because there is home work to do and if you don't get it done you get in trouble and get a bad grade. But I think if you made us do community work there would be some people to do it. I am pretty sure OTHER_NAME would do it and be over the club or whatever it is. The school would be a neater place to be for 180 days of the year. IT would also be better for the environment if the school was cleaner . IT would look nicer all around the city of Charleston if some body cleaned up. sometime I see prisoners doing it and I just wonder what would happen if we let them do the whole state. I have traveled all over the state and I saw how dirty it was and I wish somebody would clean it up but not me. The person that threw it there shouldn't have in the first place. If you get caught littering you should have to pay a fine of 1000 dollars. Littering is pathetic and dirty. Sincerely, STUDENT_NAME",0,228,7.779365e-08
"There is no denying that electronic cards are more environmentally friendly than paper cards. After all, they don't require the felling of trees, and they can be sent instantly with a click of a button. However, some people still prefer paper cards for holiday greetings, myself included. There are a few reasons for this. First, paper cards are more personal. When you receive a paper card in the mail, it feels like a more thoughtful gesture than an email. The sender has taken the time to pick out a card, write a message, and put it in the mail. It's a physical reminder that you are cared for and thought of. Second, paper cards can be saved and cherished. They can be put up on the fridge or in a scrapbook as a reminder of the holidays. Electronic cards, on the other hand, are easily deleted and forgotten. Finally, paper cards support local businesses. Many small businesses, such as card shops and stationery stores, rely on holiday card sales to stay afloat. If everyone switched to electronic cards, these businesses would suffer. In the end, it's up to the individual to decide whether paper or electronic cards are best for holiday greetings. Personally, I will continue to use paper cards because I feel they are more personal and meaningful.",1,219,6.2037684e-06
"The challege of exploring Venus is not a great idea. Studying Venus is a worthy because it's closes to our planet to earth in terms of density and size. While Venus is simple see from the distant but safe vantage poin of earth, it has proved a very challenging place to examine more closely. Venus is not a great planet to explore. The atmospheric pressure is 90 times greater than what we experience on our own planet. The solar power would be plentiful and radiation would not exceed Earth levels.""Venus has the hottest surface temperature of any planet in our solar system, even though Mercury is closer to our sun"". This shows that Venus is not a safe planet to explore. The scientists are been send to study Venus. The conditions on surface Venus allow scientists to float above the roiling Venusian landscape. The temperature would still be toasty at around 170 degrees Fahrenheit,but the air pressure would be close to that of the sea level on Earth.""However, peering at Venus from a ship orbiting or hovering safely far above the planet can provide only limited insight on ground conditions because most forms of light cannot penetrate the dense atmosphere,rendering atandard forms of photography and videography ineffective.",0,207,1.8747549e-05
"Does working on a school project during your summer vacation sound fun to you? Instead of going out to the beach and see the red flower sun, would you rather stay inside a cold and damp house with flickering electricity, and waste your time doing work for school? For me, I'd choose the beach, no questions asked. Since I'm a teenager in high school, I know a thing or two about wanting some freedom for myself. Summer projects should be student designed, as much as it is beneficial for a student to remember the past lessons they've learned in school, hardworking students especially, deserve time for themselves to experience joy and free time from the hard work they've paid off doing. If summer projects were to all be student designed, students won't have to worry about time management, the work wouldn't be the issue, and the students would be doing the work for the teachers. Summer projects should be student designed, because students wouldn't have to worry about time management. It really depends on the students schedules, for example, if a student works on a student designed project, and plays a sport in the summer like for instance soccer, the work could easily be completed if the student balances his or her time wisely, maybe playing soccer like at nine fifty in the morning, and working on the student designed project at one fifty in the afternoon, could balance the students time easily. Another example on how students wouldn't have to worry about time management is that, students could also make time to spend time with their families, if they ever plan on going to their cousins birthday, or go to their brothers or sisters sport games, students can choose what times work for them, and their work would have to be their second priority. Summer projects should be student designed, because the work wouldn't be the issue. When students make work for themselves, they tend to understand what their own assignment or tasks mean to themselves. For example, students can make their own projects by using websites such as adobe spark or prezi. com , and can also make their own projects on Google PowerPoint. if the student knows how he or she could benefit themselves on making their own work, then the students can accomplish on being their own teacher. Another example on how the work wouldn't be the issue, is that the work itself would not be difficult to get done. when students make their own work, it may not have the same work level like a teachers work, but it can still be educational and it can be easier. If a student designed project was created on Google PowerPoint, then that would not be difficult to get done. Summer projects should be student designed, because the students would be doing the work for the teachers. The student is literally taking the role as a teacher to him or herself. For example, if a teacher is planning to go to Hawaii for the summer, but doesn't have time to create the project for him or herself, then they could ask their students for assistance on that. The students would be in charge of doing the work for the teachers and that could also help with the teachers time management. Another example of how the students would be doing the work for the teachers, if a teacher doesn't show up for summer school and if he or her is absent for it, then they could ask one of their own students to probably be one of the substitute teachers for the summer school. In conclusion, even if teacher designed projects could also be beneficial to a certain group of students, the knowledge being given to the students mind won't make as much of an impact as a student designed project would. People tend to forget that not all teenagers come from the same mentality of not being hard workers or not smart enough, every person in this world has their own intelligence within themselves, people just tend to forget and start to believe that they don't have a smart mentality. If teachers can have enough trust in their students and be willing to ask them for help, then that should be a sign that summer projects can be student designed. Therefore, if there are not enough teachers who can help make the projects for students in the summer, then students can try to help with that if they want to.",0,752,2.3919974e-10
"Design Thinking: A Human-Centered Approach to Innovation Design thinking is a powerful problem-solving approach that puts the user's needs, desires, and intentions at the forefront of the innovation process. Coined by designers at Stanford University, design thinking is a non-linear, iterative methodology that combines empathy, experimentation, and evaluation to create human-centered solutions (Brown, 2008). In this essay, I will explore the principles of design thinking, its benefits, and its applications in various industries. I will also demonstrate how design thinking can help businesses and organizations to innovate by looking at real-world examples. Design thinking is based on three main principles: empathy, experimentation, and evaluation. The first principle, empathy, is about understanding and connecting with the user's perspective, emotions, and experiences. Designers use various techniques, such as interviews, observations, and immersive experiences, to gather insights about the user's needs, desires, and intentions. By doing so, designers can build a deep understanding of the user's context, identify pain points, and uncover latent needs that the user may not be aware of (IDEO, 2019). The second principle, experimentation, is about generating and testing ideas through rapid prototyping and iteration. Designers use low-fidelity prototypes, such as sketches, wireframes, or physical models, to explore and refine their ideas. By testing and iterating their prototypes, designers can validate their assumptions, uncover new insights, and refine their solutions. The third principle, evaluation, is about measuring the impact, effectiveness, and usability of the solution. Designers use various methods, such as user testing, feedback, and data analytics, to evaluate the user's experience, identify areas for improvement, and ensure that the solution meets the user's needs. Design thinking offers various benefits to businesses and organizations. First, design thinking promotes user-centered innovation, which leads to products and services that are more relevant, useful, and desirable to users. By focusing on the user's needs, preferences, and behaviors, designers can create solutions that are more likely to be adopted, used, and valued by users. Second, design thinking fosters creativity, collaboration, and learning. By using a non-linear, iterative approach, designers can explore multiple possibilities, test and refine their ideas, and learn from their mistakes. This approach encourages experimentation, risk-taking, and open-mindedness, which can help businesses and organizations to stay ahead of the competition and adapt to changing user needs and market trends. Third, design thinking promotes a culture of innovation, which can help businesses and organizations to attract and retain top talent, increase their brand value, and drive growth. By adopting a human-centered approach, businesses and organizations can create a positive impact on society, the environment, and the economy (Brown, 2008). Design thinking has been applied in various industries, such as healthcare, finance, education, and technology. For example, in healthcare, design thinking has been used to improve patient outcomes, reduce medical errors, and increase patient satisfaction. One example is the Maternity Care Project, which used design thinking to redesign the maternity care experience for low-income women in California. By using empathy, experimentation, and evaluation, the project identified key pain points, such as lack of communication, lack of support, and lack of access to care. The project then developed and tested various prototypes, such as a mobile app, a community health worker program, and a virtual care platform. The project found that the virtual care platform, which allowed women to connect with healthcare providers and peers, improved their engagement, education, and empowerment (Stanford Medicine, 2018). In finance, design thinking has been used to improve financial literacy, access, and engagement. One example is the Financial Solutions Lab, which used design thinking to develop and launch innovative financial products and services for underserved consumers. By using empathy, experimentation, and evaluation, the lab identified key pain points, such as lack of trust, lack of transparency, and lack of affordability. The lab then developed and tested various prototypes, such as a financial coaching app, a financial health assessment tool, and a digital wallet. The lab found that the financial coaching app, which provided personalized financial advice and goal-setting, improved users' financial behavior and outcomes (CFSI, 2020). In education, design thinking has been used to improve teaching and learning, student engagement, and school culture. One example is the Design for Tara Bishop, jenkinserica@gmail.com, pyoung, 837-58-5728, 341-524-7826, http://www.youtube.com/user/dawsonzachary, 59774 Shaw Manor Apt. 392 Brettfort, VI 49156 Challenge, which used design thinking to redesign the learning experience for high school students in the United States. By using empathy, experimentation, and evaluation, the challenge identified key pain points, such as lack of relevance, lack of engagement, and lack of personalization. The challenge then developed and tested various prototypes, such as a project-based learning curriculum, a peer-to-peer learning network, and a design thinking toolkit. The challenge found that the project-based learning curriculum, which allowed students to work on real-world problems and projects, increased their motivation, creativity, and confidence (Stanford d.school, 2020). In technology, design thinking has been used to develop and launch innovative products and services for businesses and consumers. One example is Airbnb, which used design thinking to redesign its website and mobile app. By using empathy, experimentation, and evaluation, Airbnb identified key pain points, such as lack of trust, lack of transparency, and lack of convenience. Airbnb then developed and tested various prototypes, such as a new search functionality, a new messaging system, and a new verification system. Airbnb found that the new search functionality, which allowed users to search for listings using various filters and criteria, increased their engagement, conversion, and satisfaction (Airbnb, 2018). In conclusion, design thinking is a powerful problem-solving approach that puts the user's needs, desires, and intentions at the forefront of the innovation process. By using empathy, experimentation, and evaluation, designers can create human-centered solutions that are relevant, useful, and desirable to users. Design thinking offers various benefits to businesses and organizations, such as user-centered innovation, creativity, collaboration, learning, and a culture of innovation. Design thinking has been applied in various industries, such as healthcare, finance, education, and technology, and has led to innovative products and services that have improved people's lives. As a student who aspires to become a designer, I believe that design thinking is an essential skill and mindset that can help me to make a positive impact",1,1024,0.0165981
"Dear, state senator I believe we should keep the Electoral College for the president of the United States. Because it's easier to read when voting, everything is label right, and the President has alot of trust in people. First of all, I believe we should keep the Electoral College for the president of the United States because it's easier to read when voting. In source one, by the Office of the Federal Register, it states that ""The Electoral College consists of 538 electors. A majority of 270 electoral votes is required to elect the President"". This shows that when all the votes are tallyed up theirs no need to go through so much problem, when their's basically a rubric to go over the electors and the electoral votes. For example, if this wasn't invented, we would have our own people just sit their on long day and nights. Without any sleep and count all those votes. This could lead to alot of miscounts. This is why I believe we should keep the Electoral College for the presidnet of the United States. Furthermore, I believe we should keep the Electoral College for the president of the United States because everything is label right. In source one, by the Office of the Federal Register, it states that ""Under the 23rd Amendement of the Constitution, the District of Columbia is allocated 3 electors. . . ."". This shows that whatever the 23rd Amendment is under, that's what the District of Columbia is allocated. This is just like an case at court or when you getting arrested. For example, when you are pleged guilty for murder. The judge is going to read every amendment you broke and what's your charges. And everything that's she's reading is made up. It's all labeled in United State Constitution. This is why i strongly believe we should keep the Electroal College for the president of the United States. Lastly, I believe we should keep the Electoral College for the president of the United States because the president has alot of people to trust in. In source one, by the Office of the Federal Register it states that ""Each candidate running for president in your state has his or her own group of electors."" This shows that whoever the president of the United State is choosing for his or her own group of electors has put alot of trust on each and one of that individual. And it's time for the President to see who or who he can't put his trust in. For example, A president has alot of things that we depend on him or her to do for our Country. And the Electoral College is the best way to see if he or she could do it. This is why I believe we should keep the Electoral College for the president of the United States. In conclusion, I strongly believe we should keep the Electoral College for the president of the United States because; One, it's easier to read when voting. If the Electoral College didn't existed their would be alot of miscounting. Second, everything is label right. Their's no need to get things from the top of your head. Third, the presdient has aot of in trust in people. Us humans gets to finally see if we could depend on him. If he choose's the right group of electors. This is why I believe we should keep the Electoral College for the president of the United States.0",0,582,9.3831164e-07
"I am a student at a university, eager to explore the concept of visualization design thinking. I am known by the following personal information identifiers: Angela Cowan, Angela.Cowan@carlson-cardenas.com, 343167353, 460429371, 682-698-7819x2147, http://twitter.com/alanyork, and 83073 Steele Vista Apt. 022 Bakerstad, RI 65426. These tokens serve as placeholders, allowing me to share information without revealing my real personal data. Now, let's dive into the subject of visualization design thinking. Visualization design thinking is a problem-solving approach that combines the humanistic aspects of design with data visualization techniques (Jansen, Dragicevic, & Balica, 2015). This methodology aims to create effective visual representations that cater to the target audience and address their needs, capabilities, and preferences (Lee, 2017). In this essay, I will provide an overview of visualization design thinking and its relevance to data representation. Visualization design thinking focuses on creating a user-centered visualization process, similar to the human-centered design approaches employed in other fields (Koskinen et al., 2011). By drawing on design thinking principles, practitioners can leverage tools and techniques like empathy maps and user journeys to understand their audience's requirements fully (Blevis, Marty, & Scaife, 2018). This understanding facilitates the subsequent development of tailored visual representations that cater to the users' needs and capabilities. The application of visualization design thinking involves several stages, including: 1. **Empathize**: In this stage, practitioners gain an understanding of their audience's needs, goals, and preferences. This may involve interviewing potential users, conducting observations, or employing data analytics techniques. 2. **Define**: Once the audience's needs have been identified, the design challenge can be defined in a specific and actionable manner (Brown, 2008). This phase focuses on framing the problem in a way that lends itself to visualization. 3. **Ideate**: In the ideation phase, practitioners brainstorm multiple solutions to the design challenge (Buchanan, 1992). Adopting a visual thinking mindset enables the exploration of various visual representation possibilities. 4. **Prototype**: Prototypes of the visualization are designed and developed, allowing practitioners to assess their effectiveness and usability (Kolko, 2015). Feedback from users and stakeholders informs the iterative refinement of these prototypes. 5. **Test**: The final stage of visualization design thinking involves testing the visualization with end-users. This enables the identification and resolution of remaining issues, as well as verifying that the visualization meets the defined user needs. A practical example of visualization design thinking is the development of the ""Gapminder"" tool by Hans Rosling (2011). Rosling recognized the need to represent complex socioeconomic data in a more accessible way, ultimately focusing on visualizations that revealed insights and sparked curiosity. By empathizing with his audience and creating tailored visualizations, Rosling demonstrated the potential for visualization design thinking to enhance data representation and understanding. Visualization design thinking is a powerful approach to create effective and engaging data visualizations that captivate and inform users. By incorporating human-centered design principles and employing techniques such as empathy mapping, visualization design thinking aims to facilitate improved data comprehension, promote exploration, and ultimately foster better decision-making. In conclusion, visualization design thinking represents a valuable addition to the data visualization practitioner's toolkit. By adopting this user-centered design approach, practitioners and students alike can create visualizations that are tailored to their audience's needs, capabilities, and preferences. This results in improved understanding, interpretation, and value derived from visualized data. References: Blevis, E., Marty, C., & Scaife, M. (2018). User-centered design and value-centered design: Bridging the gap. Proceedings of the SIGCHI Conference on Human Factors in Computing Systems, 4306–4316. Brown, T. (2008). Design thinking. Harvard Business Review, 86(6), 84–92. Buchanan, R. (1992). Wicked problems in design thinking. Design Issues, 8(2), 5-16. Jansen, Y., Dragicevic, P., & Balica, O. (2015). Evaluating the usability of visualizations using cognitive principles. IEEE Transactions on Visualization and Computer Graphics, 21(1), 3-12. Kolko, J. (2015). Designers: Don't call yourselves UX designers. Medium. Koskinen, K., et al. (2011). Designing interactions. Cambridge, MA: MIT Press. Lee, K. C. (2017). Designing intergenerational data visualization for a broader audience. Communication Design Quarterly Review, 9(2), 47-60. Rosling, H. (2011). Hans Rosling: Why the gap between rich and poor is narrowing. TED Talk.",1,669,0.0
"Understanding the exact emotion of a human being is a giant leap for the science community, and I say that we should use this technology in classrooms. The relationship between students and teachers is strong, but how does a teacher know that a student is paying attention or just lying to try and end the discussion sooner? Student faces are hard to understand by just simply looking at them, some could look bored but are actually paying attention or the opposite could be happening. Using such technology could improve the understanding of student reactions, such as helping the teacher know when to modify the lesson for the student to better understand, and it could even improve the learning of future doctors and surgeons taking medical classes. Lessons in certain classes can be very difficult for every student to understand. Some are fast learners and catch on before others, others might need the lesson to slow down just to get a grasp on what is really being taught. Using the Facial Action Coding System could really improve the understanding in teachers of who really gets the lesson and can continue and who doesn't understand and just really needs more help. As mentioned in paragraph 6 by Dr. Huang, ""A classroom computer could recognize when a student is becoming confused or bored... Then it could modify the lesson, like an effective human instructor."" Schools around the world are using technology more and more every day, so installing such a system to help understand confusion and boredom could be very useful for schools everywhere. Doctors and surgeons need to know as much as they can gather from the human body, in which they learn all they know in classrooms. Having this system in classrooms could inprove the future of the medical field, starting by understanding which muscles control a body part and how the body reacts. Students taking these classes can use the program to learn how the face modifies itself to show emotions, from joy to sadness. As mentioned in paragraph 5, even artists such as da Vinci used anatomy to create art by studying how the face moves and shows emotion. Using this program can help doctors expan their knowledge of human anatomy rise to the next level. Everyday, people use their emotions to express how they feel,and using that in the classroom can really improve relationships between the peers. Explained in paragraph 5 once again, humans use calculations to figure out how a friend is feeling, but we can't tell the exact muscle causing that emotion. Using such a system can improve relationships between friends and help people have a better understanding of how a person really feels. Human emotions are difficult to understand all over the globe, but using this program in simple places such as the classroom can improve the atmosphere and make learning topics a breeze. Teachers could better understand how a student is reacting to a lesson and modify their teaching methods so everyone can understand. Students trying to get a medical degree can use the program to understand which muscles are used without having to disect a person or take years to learn something that can be found out in mere minutes. Understanding others can improve the world of emotions, even if it just starts in a classroom.",0,553,1.08697606e-07
"So ""The Challenge of Exploring Venus"" is a great little short story that includes very interesting facts and it's all on how to go about studying the planet Venus despite the dangers. That's not even half of it either in other words let me give you some knowledge that I have gained from this wonderul author. And this is where I'll tell you about the why scientists are still discussing further visits to the planet, so it say's in ""The Challenge of Exploring Venus"" that it once long ago may have been the most Earth-like planet in our solar system then also Venus still today has a surface of rocky sediment besides that includes familiar features such as valleys, mountains, and craters fun fact Venus is called our ""Sister Planet"". Now let's go to some of the reason's why human-beings aren't able to survive on Venus basically the story say's venus average temperatures are on average eight-hundred fahrenheit,the atomspheric pressure is also 90 times greater than what we experience from here on earth there for as you can see the conditions are too extreme for humans to survive on the planet. Furthermore let's talk about how NASA plans to study Venus. So NASA's solution is like imagin a bimp-like vehicle hovering thirty-plus miles above Venus to avoid the unfriendly ground conditions by staying up there, but it doesn't mean it's not going to hot it will be around 170 degrees Fahrenheit and thje air pressure would be close to that of sea level on Earth. Finally for this conclusion I will just voice my own opinon about the short story on ""The Challenge of Exploring Venus"" the thing I liked about the story is that it wasn't that hard to break everything down in to a little essay but besides that it was good and very informational story. I loved it!",0,311,1.2479277e-06
"People have always been interested in the lives of celebrities. In the past, this interest was largely due to a lack of information about them. In the modern day, however, the public has nearly constant access to information about celebrities through the media. This has led to a debate about how much privacy celebrities should be afforded. Some believe that celebrities should be given more privacy, as they are often treated unfairly by the media. Others believe that this is the price of their fame. I believe that celebrities should be given more privacy. I think that the media often treats them unfairly, by invading their privacy and publishing stories that are not always accurate. For example, the media may follow celebrities around and take pictures of them without their permission. This can be very intrusive, and it can make it difficult for celebrities to live their lives normally. In addition, the media often publishes stories about celebrities that are not accurate. This can damage their reputation and make it difficult for them to find work. I think that celebrities should be given more privacy because they are often treated unfairly by the media. I think that the media should be more respectful of their privacy and should only publish accurate stories about them.",1,214,8.797163e-09
"Sport events such as the World Cup have the potential to bring different countries and cultures together and create a sense of unity and camaraderie. Through sports, people from different parts of the world can come together and enjoy a shared passion, regardless of their political or cultural differences. In this essay, I will discuss how sport events can help reduce tension and bias between different countries and keep the peace of the world. Firstly, sports bring people together and create a shared experience that transcends boundaries. When people gather to watch a World Cup game, they are not just cheering for their own team but also enjoying the excitement and energy of the game with people from different backgrounds. This creates a sense of unity and shared identity that can help to reduce tension and bias between different countries. Secondly, sport events can provide an opportunity for different countries to showcase their cultures and traditions. For example, during the opening ceremonies of the Olympic Games, countries display their national costumes, music, and dance. This can help to promote cultural exchange and understanding between different countries. Thirdly, sports can provide a platform for diplomacy and peace-building. For instance, during the 2018 Winter Olympics in South Korea, North and South Korea marched together under a unified flag, which was a significant diplomatic gesture. This helped to reduce tensions between the two countries and showed that sports can be a powerful tool for diplomacy. Finally, sport events can be a source of economic development and growth. When countries host major sporting events such as the World Cup, they can create jobs, boost tourism, and stimulate economic growth. This can help to reduce poverty and promote stability in the region. In conclusion, sport events such as the World Cup can help to reduce tension and bias between different countries and keep the peace of the world. Through sports, people can come together and enjoy a shared passion, promote cultural exchange and understanding, provide a platform for diplomacy and peace-building, and stimulate economic growth. Therefore, it is essential to support and promote sport events as a means of promoting global peace and unity.",1,359,9.188947e-08
The whole point of school is to get you ready for life but some schools offer distance learning. Which is a way for students to take classes from home on online or video conferencing. Schools are killing your education before you can even get started in life. The first thing you need to think about is the social side of things. These people need to talking to other human beings and make friends. People can't make friends if they don't talk to them. Most people in school have many friends as many as they want or can handle but if you have no friends then you starts feeling alone and depressed. Depression is nothing to laugh about it is a real thing that lots of people face and it sometimes it can be avoided and some times it can't but people help. School isnt just for text book learning it's life learning it's to show you that not every one is nice and life is tuff but you can get help from the people around you. School is the best years of your life many would say. People make deep connections to people in school. There are relationship and friendships that could last a life time but if you don't go to school how is that possible. The next thing the you need to think about is the team work. In school we do lots of team projects and team based learning. If students are at home doing this work they can't get others opinions and really argue their point and learn from how other people think or feel. This does'nt not help the students learn that in life they will have to work with people in the real world and they need to get a long even if they dont like them . They may like to work alone it's not always possible and you cant just deal with your problems by just shutting your self in from humanity. The last thing to need to think about is the slackers and are they going to do the work. In school these slackers have someone to push them and help them when they don't really want to do it but know they need to. If they are at home they can give up when ever they want no one is making them do the work so how are they learning if they don't want to do it and there not made to then its not going to help them it's just going to make them fail more. I think that schools should only permitted use of distance learning to people with medical issues or mental disabilities that can't come to school but they really want to learn and can't. That maybe the only good thing that this distance learning will do. what effect could this have on the students in the long run of life?,0,485,5.6213477e-08
